onset	duration	trial_type	sequence	latency_in_sequence	sample
0.0	0	65535	1	2.0	0
0.0	0	65535	1	2.0	0
0.1992	0	65535	1	2.1992	102
0.1992	0	65535	1	2.1992	102
0.332	0	65535	1	2.332	170
0.332	0	65535	1	2.332	170
0.5	0	65535	1	2.5	256
0.5	0	65535	1	2.5	256
0.6641	0	65535	1	2.6641	340
0.6641	0	65535	1	2.6641	340
0.832	0	65535	1	2.832	426
0.832	0	65535	1	2.832	426
1.0	0	65535	1	3.0	512
1.0	0	65535	1	3.0	512
1.1992	0	65535	1	3.1992	614
1.1992	0	65535	1	3.1992	614
1.332	0	65535	1	3.332	682
1.332	0	65535	1	3.332	682
1.5	0	65535	1	3.5	768
1.5	0	65535	1	3.5	768
1.6992	0	65535	1	3.6992	870
1.6992	0	65535	1	3.6992	870
1.832	0	65535	1	3.832	938
1.832	0	65535	1	3.832	938
2.0	0	65535	1	4.0	1024
2.0	0	65535	1	4.0	1024
2.168	0	65535	1	4.168	1110
2.168	0	65535	1	4.168	1110
2.332	0	65535	1	4.332	1194
2.332	0	65535	1	4.332	1194
2.5	0	65535	1	4.5	1280
2.5	0	65535	1	4.5	1280
2.6992	0	65535	1	4.6992	1382
2.6992	0	65535	1	4.6992	1382
2.832	0	65535	1	4.832	1450
2.832	0	65535	1	4.832	1450
3.0	0	65535	1	5.0	1536
3.0	0	65535	1	5.0	1536
3.1992	0	65535	1	5.1992	1638
3.1992	0	65535	1	5.1992	1638
3.332	0	65535	1	5.332	1706
3.332	0	65535	1	5.332	1706
3.5	0	65535	1	5.5	1792
3.5	0	65535	1	5.5	1792
3.668	0	65535	1	5.668	1878
3.668	0	65535	1	5.668	1878
3.832	0	65535	1	5.832	1962
3.832	0	65535	1	5.832	1962
4.0	0	65535	1	6.0	2048
4.0	0	65535	1	6.0	2048
4.1992	0	65535	1	6.1992	2150
4.1992	0	65535	1	6.1992	2150
4.332	0	65535	1	6.332	2218
4.332	0	65535	1	6.332	2218
4.5	0	65535	1	6.5	2304
4.5	0	65535	1	6.5	2304
4.668	0	65535	1	6.668	2390
4.668	0	65535	1	6.668	2390
4.832	0	65535	1	6.832	2474
4.832	0	65535	1	6.832	2474
5.0	0	65535	1	7.0	2560
5.0	0	65535	1	7.0	2560
5.168	0	65535	1	7.168	2646
5.168	0	65535	1	7.168	2646
5.332	0	65535	1	7.332	2730
5.332	0	65535	1	7.332	2730
5.5352	0	65535	1	7.5352	2834
5.5352	0	65535	1	7.5352	2834
5.7031	0	65535	1	7.7031	2920
5.7031	0	65535	1	7.7031	2920
5.832	0	65535	1	7.832	2986
5.832	0	65535	1	7.832	2986
6.0	0	65535	1	8.0	3072
6.0	0	65535	1	8.0	3072
6.168	0	65535	1	8.168	3158
6.168	0	65535	1	8.168	3158
6.332	0	65535	1	8.332	3242
6.332	0	65535	1	8.332	3242
6.5	0	65535	1	8.5	3328
6.5	0	65535	1	8.5	3328
6.668	0	65535	1	8.668	3414
6.668	0	65535	1	8.668	3414
6.832	0	65535	1	8.832	3498
6.832	0	65535	1	8.832	3498
7.0	0	65535	1	9.0	3584
7.0	0	65535	1	9.0	3584
7.168	0	65535	1	9.168	3670
7.168	0	65535	1	9.168	3670
7.332	0	65535	1	9.332	3754
7.332	0	65535	1	9.332	3754
7.5352	0	65535	1	9.5352	3858
7.5352	0	65535	1	9.5352	3858
7.668	0	65535	1	9.668	3926
7.668	0	65535	1	9.668	3926
7.832	0	65535	1	9.832	4010
7.832	0	65535	1	9.832	4010
8.0	0	65535	1	10.0	4096
8.0	0	65535	1	10.0	4096
8.168	0	65535	1	10.168	4182
8.168	0	65535	1	10.168	4182
8.3672	0	65535	1	10.3672	4284
8.3672	0	65535	1	10.3672	4284
8.5	0	65535	1	10.5	4352
8.5	0	65535	1	10.5	4352
8.668	0	65535	1	10.668	4438
8.668	0	65535	1	10.668	4438
8.8672	0	65535	1	10.8672	4540
8.8672	0	65535	1	10.8672	4540
9.0352	0	65535	1	11.0352	4626
9.0352	0	65535	1	11.0352	4626
9.2031	0	65535	1	11.2031	4712
9.2031	0	65535	1	11.2031	4712
9.3711	0	65535	1	11.3711	4798
9.3711	0	65535	1	11.3711	4798
9.5	0	65535	1	11.5	4864
9.5	0	65535	1	11.5	4864
9.668	0	65535	1	11.668	4950
9.668	0	65535	1	11.668	4950
9.8672	0	65535	1	11.8672	5052
9.8672	0	65535	1	11.8672	5052
10.0	0	65535	1	12.0	5120
10.0	0	65535	1	12.0	5120
10.168	0	65535	1	12.168	5206
10.168	0	65535	1	12.168	5206
10.3672	0	65535	1	12.3672	5308
10.3672	0	65535	1	12.3672	5308
10.5	0	65535	1	12.5	5376
10.5	0	65535	1	12.5	5376
10.668	0	65535	1	12.668	5462
10.668	0	65535	1	12.668	5462
10.8711	0	65535	1	12.8711	5566
10.8711	0	65535	1	12.8711	5566
11.0352	0	65535	1	13.0352	5650
11.0352	0	65535	1	13.0352	5650
11.2031	0	65535	1	13.2031	5736
11.2031	0	65535	1	13.2031	5736
11.3672	0	65535	1	13.3672	5820
11.3672	0	65535	1	13.3672	5820
11.5	0	65535	1	13.5	5888
11.5	0	65535	1	13.5	5888
11.668	0	65535	1	13.668	5974
11.668	0	65535	1	13.668	5974
11.8711	0	65535	1	13.8711	6078
11.8711	0	65535	1	13.8711	6078
12.0	0	65535	1	14.0	6144
12.0	0	65535	1	14.0	6144
12.168	0	65535	1	14.168	6230
12.168	0	65535	1	14.168	6230
12.336	0	65535	1	14.336	6316
12.336	0	65535	1	14.336	6316
12.5352	0	65535	1	14.5352	6418
12.5352	0	65535	1	14.5352	6418
12.7031	0	65535	1	14.7031	6504
12.7031	0	65535	1	14.7031	6504
12.8711	0	65535	1	14.8711	6590
12.8711	0	65535	1	14.8711	6590
13.0	0	65535	1	15.0	6656
13.0	0	65535	1	15.0	6656
13.168	0	65535	1	15.168	6742
13.168	0	65535	1	15.168	6742
13.336	0	65535	1	15.336	6828
13.336	0	65535	1	15.336	6828
13.5	0	65535	1	15.5	6912
13.5	0	65535	1	15.5	6912
13.668	0	65535	1	15.668	6998
13.668	0	65535	1	15.668	6998
13.836	0	65535	1	15.836	7084
13.836	0	65535	1	15.836	7084
14.0	0	65535	1	16.0	7168
14.0	0	65535	1	16.0	7168
14.168	0	65535	1	16.168	7254
14.168	0	65535	1	16.168	7254
14.3711	0	65535	1	16.3711	7358
14.3711	0	65535	1	16.3711	7358
14.5352	0	65535	1	16.5352	7442
14.5352	0	65535	1	16.5352	7442
14.7031	0	65535	1	16.7031	7528
14.7031	0	65535	1	16.7031	7528
14.8711	0	65535	1	16.8711	7614
14.8711	0	65535	1	16.8711	7614
15.0352	0	65535	1	17.0352	7698
15.0352	0	65535	1	17.0352	7698
15.168	0	65535	1	17.168	7766
15.168	0	65535	1	17.168	7766
15.336	0	65535	1	17.336	7852
15.336	0	65535	1	17.336	7852
15.5	0	65535	1	17.5	7936
15.5	0	65535	1	17.5	7936
15.668	0	65535	1	17.668	8022
15.668	0	65535	1	17.668	8022
15.836	0	65535	1	17.836	8108
15.836	0	65535	1	17.836	8108
16.0	0	65535	1	18.0	8192
16.0	0	65535	1	18.0	8192
16.2031	0	65535	1	18.2031	8296
16.2031	0	65535	1	18.2031	8296
16.3711	0	65535	1	18.3711	8382
16.3711	0	65535	1	18.3711	8382
16.5	0	65535	1	18.5	8448
16.5	0	65535	1	18.5	8448
16.668	0	65535	1	18.668	8534
16.668	0	65535	1	18.668	8534
16.836	0	65535	1	18.836	8620
16.836	0	65535	1	18.836	8620
17.0352	0	65535	1	19.0352	8722
17.0352	0	65535	1	19.0352	8722
17.168	0	65535	1	19.168	8790
17.168	0	65535	1	19.168	8790
17.336	0	65535	1	19.336	8876
17.336	0	65535	1	19.336	8876
17.5039	0	65535	1	19.5039	8962
17.5039	0	65535	1	19.5039	8962
17.668	0	65535	1	19.668	9046
17.668	0	65535	1	19.668	9046
17.8711	0	65535	1	19.8711	9150
17.8711	0	65535	1	19.8711	9150
18.0	0	65535	1	20.0	9216
18.0	0	65535	1	20.0	9216
18.2031	0	65535	1	20.2031	9320
18.2031	0	65535	1	20.2031	9320
18.3711	0	65535	1	20.3711	9406
18.3711	0	65535	1	20.3711	9406
18.5352	0	65535	1	20.5352	9490
18.5352	0	65535	1	20.5352	9490
18.668	0	65535	1	20.668	9558
18.668	0	65535	1	20.668	9558
18.836	0	65535	1	20.836	9644
18.836	0	65535	1	20.836	9644
19.0039	0	65535	1	21.0039	9730
19.0039	0	65535	1	21.0039	9730
19.168	0	65535	1	21.168	9814
19.168	0	65535	1	21.168	9814
19.336	0	65535	1	21.336	9900
19.336	0	65535	1	21.336	9900
19.5039	0	65535	1	21.5039	9986
19.5039	0	65535	1	21.5039	9986
19.7031	0	65535	1	21.7031	10088
19.7031	0	65535	1	21.7031	10088
19.8711	0	65535	1	21.8711	10174
19.8711	0	65535	1	21.8711	10174
20.0391	0	65535	1	22.0391	10260
20.0391	0	65535	1	22.0391	10260
20.168	0	65535	1	22.168	10326
20.168	0	65535	1	22.168	10326
20.336	0	65535	1	22.336	10412
20.336	0	65535	1	22.336	10412
20.5039	0	65535	1	22.5039	10498
20.5039	0	65535	1	22.5039	10498
20.668	0	65535	1	22.668	10582
20.668	0	65535	1	22.668	10582
20.836	0	65535	1	22.836	10668
20.836	0	65535	1	22.836	10668
21.0039	0	65535	1	23.0039	10754
21.0039	0	65535	1	23.0039	10754
21.168	0	65535	1	23.168	10838
21.168	0	65535	1	23.168	10838
21.3711	0	65535	1	23.3711	10942
21.3711	0	65535	1	23.3711	10942
21.5391	0	65535	1	23.5391	11028
21.5391	0	65535	1	23.5391	11028
21.7031	0	65535	1	23.7031	11112
21.7031	0	65535	1	23.7031	11112
21.836	0	65535	1	23.836	11180
21.836	0	65535	1	23.836	11180
22.0039	0	65535	1	24.0039	11266
22.0039	0	65535	1	24.0039	11266
22.168	0	65535	1	24.168	11350
22.168	0	65535	1	24.168	11350
22.336	0	65535	1	24.336	11436
22.336	0	65535	1	24.336	11436
22.5039	0	65535	1	24.5039	11522
22.5039	0	65535	1	24.5039	11522
22.7031	0	65535	1	24.7031	11624
22.7031	0	65535	1	24.7031	11624
22.836	0	65535	1	24.836	11692
22.836	0	65535	1	24.836	11692
23.0039	0	65535	1	25.0039	11778
23.0039	0	65535	1	25.0039	11778
23.2031	0	65535	1	25.2031	11880
23.2031	0	65535	1	25.2031	11880
23.3711	0	65535	1	25.3711	11966
23.3711	0	65535	1	25.3711	11966
23.5391	0	65535	1	25.5391	12052
23.5391	0	65535	1	25.5391	12052
23.668	0	65535	1	25.668	12118
23.668	0	65535	1	25.668	12118
23.836	0	65535	1	25.836	12204
23.836	0	65535	1	25.836	12204
24.0039	0	65535	1	26.0039	12290
24.0039	0	65535	1	26.0039	12290
24.2031	0	65535	1	26.2031	12392
24.2031	0	65535	1	26.2031	12392
24.336	0	65535	1	26.336	12460
24.336	0	65535	1	26.336	12460
24.5039	0	65535	1	26.5039	12546
24.5039	0	65535	1	26.5039	12546
24.7031	0	65535	1	26.7031	12648
24.7031	0	65535	1	26.7031	12648
24.8711	0	65535	1	26.8711	12734
24.8711	0	65535	1	26.8711	12734
25.0391	0	65535	1	27.0391	12820
25.0391	0	65535	1	27.0391	12820
25.168	0	65535	1	27.168	12886
25.168	0	65535	1	27.168	12886
25.336	0	65535	1	27.336	12972
25.336	0	65535	1	27.336	12972
25.5039	0	65535	1	27.5039	13058
25.5039	0	65535	1	27.5039	13058
25.7031	0	65535	1	27.7031	13160
25.7031	0	65535	1	27.7031	13160
25.836	0	65535	1	27.836	13228
25.836	0	65535	1	27.836	13228
26.0039	0	65535	1	28.0039	13314
26.0039	0	65535	1	28.0039	13314
26.1719	0	65535	1	28.1719	13400
26.1719	0	65535	1	28.1719	13400
26.336	0	65535	1	28.336	13484
26.336	0	65535	1	28.336	13484
26.5039	0	65535	1	28.5039	13570
26.5039	0	65535	1	28.5039	13570
26.707	0	65535	1	28.707	13674
26.707	0	65535	1	28.707	13674
26.8711	0	65535	1	28.8711	13758
26.8711	0	65535	1	28.8711	13758
27.0391	0	65535	1	29.0391	13844
27.0391	0	65535	1	29.0391	13844
27.207	0	65535	1	29.207	13930
27.207	0	65535	1	29.207	13930
27.336	0	65535	1	29.336	13996
27.336	0	65535	1	29.336	13996
27.5039	0	65535	1	29.5039	14082
27.5039	0	65535	1	29.5039	14082
27.6719	0	65535	1	29.6719	14168
27.6719	0	65535	1	29.6719	14168
27.836	0	65535	1	29.836	14252
27.836	0	65535	1	29.836	14252
28.0039	0	65535	1	30.0039	14338
28.0039	0	65535	1	30.0039	14338
28.1719	0	65535	1	30.1719	14424
28.1719	0	65535	1	30.1719	14424
28.3711	0	65535	1	30.3711	14526
28.3711	0	65535	1	30.3711	14526
28.5391	0	65535	1	30.5391	14612
28.5391	0	65535	1	30.5391	14612
28.707	0	65535	1	30.707	14698
28.707	0	65535	1	30.707	14698
28.836	0	65535	1	30.836	14764
28.836	0	65535	1	30.836	14764
29.0039	0	65535	1	31.0039	14850
29.0039	0	65535	1	31.0039	14850
29.1719	0	65535	1	31.1719	14936
29.1719	0	65535	1	31.1719	14936
29.336	0	65535	1	31.336	15020
29.336	0	65535	1	31.336	15020
29.5039	0	65535	1	31.5039	15106
29.5039	0	65535	1	31.5039	15106
29.6719	0	65535	1	31.6719	15192
29.6719	0	65535	1	31.6719	15192
29.836	0	65535	1	31.836	15276
29.836	0	65535	1	31.836	15276
30.0039	0	65535	1	32.0039	15362
30.0039	0	65535	1	32.0039	15362
30.207	0	65535	1	32.207	15466
30.207	0	65535	1	32.207	15466
30.336	0	65535	1	32.336	15532
30.336	0	65535	1	32.336	15532
30.5391	0	65535	1	32.5391	15636
30.5391	0	65535	1	32.5391	15636
30.6719	0	65535	1	32.6719	15704
30.6719	0	65535	1	32.6719	15704
30.8711	0	65535	1	32.8711	15806
30.8711	0	65535	1	32.8711	15806
31.0039	0	65535	1	33.0039	15874
31.0039	0	65535	1	33.0039	15874
31.1719	0	65535	1	33.1719	15960
31.1719	0	65535	1	33.1719	15960
31.336	0	65535	1	33.336	16044
31.336	0	65535	1	33.336	16044
31.5039	0	65535	1	33.5039	16130
31.5039	0	65535	1	33.5039	16130
31.6719	0	65535	1	33.6719	16216
31.6719	0	65535	1	33.6719	16216
31.836	0	65535	1	33.836	16300
31.836	0	65535	1	33.836	16300
32.0391	0	65535	1	34.0391	16404
32.0391	0	65535	1	34.0391	16404
32.207	0	65535	1	34.207	16490
32.207	0	65535	1	34.207	16490
32.3711	0	65535	1	34.3711	16574
32.3711	0	65535	1	34.3711	16574
32.5039	0	65535	1	34.5039	16642
32.5039	0	65535	1	34.5039	16642
32.6719	0	65535	1	34.6719	16728
32.6719	0	65535	1	34.6719	16728
32.8711	0	65535	1	34.8711	16830
32.8711	0	65535	1	34.8711	16830
33.0039	0	65535	1	35.0039	16898
33.0039	0	65535	1	35.0039	16898
33.1719	0	65535	1	35.1719	16984
33.1719	0	65535	1	35.1719	16984
33.3399	0	65535	1	35.3399	17070
33.3399	0	65535	1	35.3399	17070
33.5039	0	65535	1	35.5039	17154
33.5039	0	65535	1	35.5039	17154
33.707	0	65535	1	35.707	17258
33.707	0	65535	1	35.707	17258
33.8399	0	65535	1	35.8399	17326
33.8399	0	65535	1	35.8399	17326
34.0391	0	65535	1	36.0391	17428
34.0391	0	65535	1	36.0391	17428
34.1719	0	65535	1	36.1719	17496
34.1719	0	65535	1	36.1719	17496
34.3399	0	65535	1	36.3399	17582
34.3399	0	65535	1	36.3399	17582
34.5039	0	65535	1	36.5039	17666
34.5039	0	65535	1	36.5039	17666
34.6719	0	65535	1	36.6719	17752
34.6719	0	65535	1	36.6719	17752
34.8399	0	65535	1	36.8399	17838
34.8399	0	65535	1	36.8399	17838
35.0039	0	65535	1	37.0039	17922
35.0039	0	65535	1	37.0039	17922
35.1719	0	65535	1	37.1719	18008
35.1719	0	65535	1	37.1719	18008
35.3399	0	65535	1	37.3399	18094
35.3399	0	65535	1	37.3399	18094
35.5391	0	65535	1	37.5391	18196
35.5391	0	65535	1	37.5391	18196
35.707	0	65535	1	37.707	18282
35.707	0	65535	1	37.707	18282
35.875	0	65535	1	37.875	18368
35.875	0	65535	1	37.875	18368
36.0039	0	65535	1	38.0039	18434
36.0039	0	65535	1	38.0039	18434
36.1719	0	65535	1	38.1719	18520
36.1719	0	65535	1	38.1719	18520
36.3399	0	65535	1	38.3399	18606
36.3399	0	65535	1	38.3399	18606
36.5039	0	65535	1	38.5039	18690
36.5039	0	65535	1	38.5039	18690
36.6719	0	65535	1	38.6719	18776
36.6719	0	65535	1	38.6719	18776
36.8399	0	65535	1	38.8399	18862
36.8399	0	65535	1	38.8399	18862
37.0391	0	65535	1	39.0391	18964
37.0391	0	65535	1	39.0391	18964
37.207	0	65535	1	39.207	19050
37.207	0	65535	1	39.207	19050
37.375	0	65535	1	39.375	19136
37.375	0	65535	1	39.375	19136
37.5391	0	65535	1	39.5391	19220
37.5391	0	65535	1	39.5391	19220
37.6719	0	65535	1	39.6719	19288
37.6719	0	65535	1	39.6719	19288
37.8399	0	65535	1	39.8399	19374
37.8399	0	65535	1	39.8399	19374
38.0039	0	65535	1	40.0039	19458
38.0039	0	65535	1	40.0039	19458
38.1719	0	65535	1	40.1719	19544
38.1719	0	65535	1	40.1719	19544
38.3399	0	65535	1	40.3399	19630
38.3399	0	65535	1	40.3399	19630
38.5039	0	65535	1	40.5039	19714
38.5039	0	65535	1	40.5039	19714
38.6719	0	65535	1	40.6719	19800
38.6719	0	65535	1	40.6719	19800
38.8399	0	65535	1	40.8399	19886
38.8399	0	65535	1	40.8399	19886
39.0391	0	65535	1	41.0391	19988
39.0391	0	65535	1	41.0391	19988
39.207	0	65535	1	41.207	20074
39.207	0	65535	1	41.207	20074
39.375	0	65535	1	41.375	20160
39.375	0	65535	1	41.375	20160
39.5391	0	65535	1	41.5391	20244
39.5391	0	65535	1	41.5391	20244
39.6719	0	65535	1	41.6719	20312
39.6719	0	65535	1	41.6719	20312
39.8399	0	65535	1	41.8399	20398
39.8399	0	65535	1	41.8399	20398
40.0391	0	65535	1	42.0391	20500
40.0391	0	65535	1	42.0391	20500
40.1719	0	65535	1	42.1719	20568
40.1719	0	65535	1	42.1719	20568
40.3399	0	65535	1	42.3399	20654
40.3399	0	65535	1	42.3399	20654
40.5039	0	65535	1	42.5039	20738
40.5039	0	65535	1	42.5039	20738
40.707	0	65535	1	42.707	20842
40.707	0	65535	1	42.707	20842
40.875	0	65535	1	42.875	20928
40.875	0	65535	1	42.875	20928
41.0039	0	65535	1	43.0039	20994
41.0039	0	65535	1	43.0039	20994
41.1719	0	65535	1	43.1719	21080
41.1719	0	65535	1	43.1719	21080
41.3399	0	65535	1	43.3399	21166
41.3399	0	65535	1	43.3399	21166
41.5078	0	65535	1	43.5078	21252
41.5078	0	65535	1	43.5078	21252
41.6719	0	65535	1	43.6719	21336
41.6719	0	65535	1	43.6719	21336
41.8399	0	65535	1	43.8399	21422
41.8399	0	65535	1	43.8399	21422
42.0078	0	65535	1	44.0078	21508
42.0078	0	65535	1	44.0078	21508
42.1719	0	65535	1	44.1719	21592
42.1719	0	65535	1	44.1719	21592
42.3399	0	65535	1	44.3399	21678
42.3399	0	65535	1	44.3399	21678
42.5039	0	65535	1	44.5039	21762
42.5039	0	65535	1	44.5039	21762
42.707	0	65535	1	44.707	21866
42.707	0	65535	1	44.707	21866
42.875	0	65535	1	44.875	21952
42.875	0	65535	1	44.875	21952
43.0078	0	65535	1	45.0078	22020
43.0078	0	65535	1	45.0078	22020
43.1719	0	65535	1	45.1719	22104
43.1719	0	65535	1	45.1719	22104
43.3399	0	65535	1	45.3399	22190
43.3399	0	65535	1	45.3399	22190
43.5078	0	65535	1	45.5078	22276
43.5078	0	65535	1	45.5078	22276
43.6719	0	65535	1	45.6719	22360
43.6719	0	65535	1	45.6719	22360
43.8399	0	65535	1	45.8399	22446
43.8399	0	65535	1	45.8399	22446
44.0078	0	65535	1	46.0078	22532
44.0078	0	65535	1	46.0078	22532
44.207	0	65535	1	46.207	22634
44.207	0	65535	1	46.207	22634
44.375	0	65535	1	46.375	22720
44.375	0	65535	1	46.375	22720
44.543	0	65535	1	46.543	22806
44.543	0	65535	1	46.543	22806
44.6719	0	65535	1	46.6719	22872
44.6719	0	65535	1	46.6719	22872
44.8399	0	65535	1	46.8399	22958
44.8399	0	65535	1	46.8399	22958
45.0078	0	65535	1	47.0078	23044
45.0078	0	65535	1	47.0078	23044
45.207	0	65535	1	47.207	23146
45.207	0	65535	1	47.207	23146
45.3399	0	65535	1	47.3399	23214
45.3399	0	65535	1	47.3399	23214
45.5078	0	65535	1	47.5078	23300
45.5078	0	65535	1	47.5078	23300
45.6719	0	65535	1	47.6719	23384
45.6719	0	65535	1	47.6719	23384
45.875	0	65535	1	47.875	23488
45.875	0	65535	1	47.875	23488
46.043	0	65535	1	48.043	23574
46.043	0	65535	1	48.043	23574
46.207	0	65535	1	48.207	23658
46.207	0	65535	1	48.207	23658
46.375	0	65535	1	48.375	23744
46.375	0	65535	1	48.375	23744
46.5078	0	65535	1	48.5078	23812
46.5078	0	65535	1	48.5078	23812
46.707	0	65535	1	48.707	23914
46.707	0	65535	1	48.707	23914
46.8399	0	65535	1	48.8399	23982
46.8399	0	65535	1	48.8399	23982
47.0078	0	65535	1	49.0078	24068
47.0078	0	65535	1	49.0078	24068
47.207	0	65535	1	49.207	24170
47.207	0	65535	1	49.207	24170
47.3399	0	65535	1	49.3399	24238
47.3399	0	65535	1	49.3399	24238
47.543	0	65535	1	49.543	24342
47.543	0	65535	1	49.543	24342
47.6719	0	65535	1	49.6719	24408
47.6719	0	65535	1	49.6719	24408
47.875	0	65535	1	49.875	24512
47.875	0	65535	1	49.875	24512
48.043	0	65535	1	50.043	24598
48.043	0	65535	1	50.043	24598
48.207	0	65535	1	50.207	24682
48.207	0	65535	1	50.207	24682
48.3399	0	65535	1	50.3399	24750
48.3399	0	65535	1	50.3399	24750
48.5078	0	65535	1	50.5078	24836
48.5078	0	65535	1	50.5078	24836
48.711	0	65535	1	50.711	24940
48.711	0	65535	1	50.711	24940
48.8399	0	65535	1	50.8399	25006
48.8399	0	65535	1	50.8399	25006
49.0078	0	65535	1	51.0078	25092
49.0078	0	65535	1	51.0078	25092
49.1758	0	65535	1	51.1758	25178
49.1758	0	65535	1	51.1758	25178
49.375	0	65535	1	51.375	25280
49.375	0	65535	1	51.375	25280
49.543	0	65535	1	51.543	25366
49.543	0	65535	1	51.543	25366
49.6719	0	65535	1	51.6719	25432
49.6719	0	65535	1	51.6719	25432
49.875	0	65535	1	51.875	25536
49.875	0	65535	1	51.875	25536
50.043	0	65535	1	52.043	25622
50.043	0	65535	1	52.043	25622
50.211	0	65535	1	52.211	25708
50.211	0	65535	1	52.211	25708
50.375	0	65535	1	52.375	25792
50.375	0	65535	1	52.375	25792
50.543	0	65535	1	52.543	25878
50.543	0	65535	1	52.543	25878
50.711	0	65535	1	52.711	25964
50.711	0	65535	1	52.711	25964
50.875	0	65535	1	52.875	26048
50.875	0	65535	1	52.875	26048
51.043	0	65535	1	53.043	26134
51.043	0	65535	1	53.043	26134
51.211	0	65535	1	53.211	26220
51.211	0	65535	1	53.211	26220
51.375	0	65535	1	53.375	26304
51.375	0	65535	1	53.375	26304
51.543	0	65535	1	53.543	26390
51.543	0	65535	1	53.543	26390
51.711	0	65535	1	53.711	26476
51.711	0	65535	1	53.711	26476
51.875	0	65535	1	53.875	26560
51.875	0	65535	1	53.875	26560
52.043	0	65535	1	54.043	26646
52.043	0	65535	1	54.043	26646
52.211	0	65535	1	54.211	26732
52.211	0	65535	1	54.211	26732
52.375	0	65535	1	54.375	26816
52.375	0	65535	1	54.375	26816
52.543	0	65535	1	54.543	26902
52.543	0	65535	1	54.543	26902
52.711	0	65535	1	54.711	26988
52.711	0	65535	1	54.711	26988
52.875	0	65535	1	54.875	27072
52.875	0	65535	1	54.875	27072
53.043	0	65535	1	55.043	27158
53.043	0	65535	1	55.043	27158
53.211	0	65535	1	55.211	27244
53.211	0	65535	1	55.211	27244
53.375	0	65535	1	55.375	27328
53.375	0	65535	1	55.375	27328
53.543	0	65535	1	55.543	27414
53.543	0	65535	1	55.543	27414
53.711	0	65535	1	55.711	27500
53.711	0	65535	1	55.711	27500
53.8399	0	65535	1	55.8399	27566
53.8399	0	65535	1	55.8399	27566
54.043	0	65535	1	56.043	27670
54.043	0	65535	1	56.043	27670
54.211	0	65535	1	56.211	27756
54.211	0	65535	1	56.211	27756
54.3399	0	65535	1	56.3399	27822
54.3399	0	65535	1	56.3399	27822
54.543	0	65535	1	56.543	27926
54.543	0	65535	1	56.543	27926
54.711	0	65535	1	56.711	28012
54.711	0	65535	1	56.711	28012
54.8399	0	65535	1	56.8399	28078
54.8399	0	65535	1	56.8399	28078
55.043	0	65535	1	57.043	28182
55.043	0	65535	1	57.043	28182
55.211	0	65535	1	57.211	28268
55.211	0	65535	1	57.211	28268
55.375	0	65535	1	57.375	28352
55.375	0	65535	1	57.375	28352
55.543	0	65535	1	57.543	28438
55.543	0	65535	1	57.543	28438
55.711	0	65535	1	57.711	28524
55.711	0	65535	1	57.711	28524
55.8789	0	65535	1	57.8789	28610
55.8789	0	65535	1	57.8789	28610
56.043	0	65535	1	58.043	28694
56.043	0	65535	1	58.043	28694
56.211	0	65535	1	58.211	28780
56.211	0	65535	1	58.211	28780
56.3399	0	65535	1	58.3399	28846
56.3399	0	65535	1	58.3399	28846
56.543	0	65535	1	58.543	28950
56.543	0	65535	1	58.543	28950
56.711	0	65535	1	58.711	29036
56.711	0	65535	1	58.711	29036
56.8789	0	65535	1	58.8789	29122
56.8789	0	65535	1	58.8789	29122
57.043	0	65535	1	59.043	29206
57.043	0	65535	1	59.043	29206
57.211	0	65535	1	59.211	29292
57.211	0	65535	1	59.211	29292
57.3789	0	65535	1	59.3789	29378
57.3789	0	65535	1	59.3789	29378
57.543	0	65535	1	59.543	29462
57.543	0	65535	1	59.543	29462
57.711	0	65535	1	59.711	29548
57.711	0	65535	1	59.711	29548
57.8789	0	65535	1	59.8789	29634
57.8789	0	65535	1	59.8789	29634
58.043	0	65535	1	60.043	29718
58.043	0	65535	1	60.043	29718
58.211	0	65535	1	60.211	29804
58.211	0	65535	1	60.211	29804
58.3789	0	65535	1	60.3789	29890
58.3789	0	65535	1	60.3789	29890
58.543	0	65535	1	60.543	29974
58.543	0	65535	1	60.543	29974
58.711	0	65535	1	60.711	30060
58.711	0	65535	1	60.711	30060
58.8789	0	65535	1	60.8789	30146
58.8789	0	65535	1	60.8789	30146
59.043	0	65535	1	61.043	30230
59.043	0	65535	1	61.043	30230
59.211	0	65535	1	61.211	30316
59.211	0	65535	1	61.211	30316
59.3789	0	65535	1	61.3789	30402
59.3789	0	65535	1	61.3789	30402
59.543	0	65535	1	61.543	30486
59.543	0	65535	1	61.543	30486
59.711	0	65535	1	61.711	30572
59.711	0	65535	1	61.711	30572
59.8789	0	65535	1	61.8789	30658
59.8789	0	65535	1	61.8789	30658
60.043	0	65535	1	62.043	30742
60.043	0	65535	1	62.043	30742
60.211	0	65535	1	62.211	30828
60.211	0	65535	1	62.211	30828
60.3789	0	65535	1	62.3789	30914
60.3789	0	65535	1	62.3789	30914
60.543	0	65535	1	62.543	30998
60.543	0	65535	1	62.543	30998
60.711	0	65535	1	62.711	31084
60.711	0	65535	1	62.711	31084
60.8789	0	65535	1	62.8789	31170
60.8789	0	65535	1	62.8789	31170
61.043	0	65535	1	63.043	31254
61.043	0	65535	1	63.043	31254
61.211	0	65535	1	63.211	31340
61.211	0	65535	1	63.211	31340
61.3789	0	65535	1	63.3789	31426
61.3789	0	65535	1	63.3789	31426
61.5078	0	65535	1	63.5078	31492
61.5078	0	65535	1	63.5078	31492
61.711	0	65535	1	63.711	31596
61.711	0	65535	1	63.711	31596
61.8789	0	65535	1	63.8789	31682
61.8789	0	65535	1	63.8789	31682
62.0078	0	65535	1	64.0078	31748
62.0078	0	65535	1	64.0078	31748
62.211	0	65535	1	64.211	31852
62.211	0	65535	1	64.211	31852
62.3789	0	65535	1	64.3789	31938
62.3789	0	65535	1	64.3789	31938
62.503906	0	65535	2	2.0	32002
62.503906	0	65535	2	2.0	32002
62.671906	0	65535	2	2.168	32088
62.671906	0	65535	2	2.168	32088
62.800806	0	65535	2	2.2969	32154
62.800806	0	65535	2	2.2969	32154
63.003906	0	65535	2	2.5	32258
63.003906	0	65535	2	2.5	32258
63.171906	0	65535	2	2.668	32344
63.171906	0	65535	2	2.668	32344
63.339906	0	65535	2	2.836	32430
63.339906	0	65535	2	2.836	32430
63.503906	0	65535	2	3.0	32514
63.503906	0	65535	2	3.0	32514
63.671906	0	65535	2	3.168	32600
63.671906	0	65535	2	3.168	32600
63.839906	0	65535	2	3.336	32686
63.839906	0	65535	2	3.336	32686
64.003906	0	65535	2	3.5	32770
64.003906	0	65535	2	3.5	32770
64.171906	0	65535	2	3.668	32856
64.171906	0	65535	2	3.668	32856
64.339906	0	65535	2	3.836	32942
64.339906	0	65535	2	3.836	32942
64.468806	0	65535	2	3.9649	33008
64.468806	0	65535	2	3.9649	33008
64.671906	0	65535	2	4.168	33112
64.671906	0	65535	2	4.168	33112
64.839906	0	65535	2	4.336	33198
64.839906	0	65535	2	4.336	33198
65.003906	0	65535	2	4.5	33282
65.003906	0	65535	2	4.5	33282
65.171906	0	65535	2	4.668	33368
65.171906	0	65535	2	4.668	33368
65.339906	0	65535	2	4.836	33454
65.339906	0	65535	2	4.836	33454
65.503906	0	65535	2	5.0	33538
65.503906	0	65535	2	5.0	33538
65.671906	0	65535	2	5.168	33624
65.671906	0	65535	2	5.168	33624
65.839906	0	65535	2	5.336	33710
65.839906	0	65535	2	5.336	33710
65.968806	0	65535	2	5.4649	33776
65.968806	0	65535	2	5.4649	33776
66.171906	0	65535	2	5.668	33880
66.171906	0	65535	2	5.668	33880
66.339906	0	65535	2	5.836	33966
66.339906	0	65535	2	5.836	33966
66.468806	0	65535	2	5.9649	34032
66.468806	0	65535	2	5.9649	34032
66.671906	0	65535	2	6.168	34136
66.671906	0	65535	2	6.168	34136
66.839906	0	65535	2	6.336	34222
66.839906	0	65535	2	6.336	34222
66.968806	0	65535	2	6.4649	34288
66.968806	0	65535	2	6.4649	34288
67.171906	0	65535	2	6.668	34392
67.171906	0	65535	2	6.668	34392
67.339906	0	65535	2	6.836	34478
67.339906	0	65535	2	6.836	34478
67.468806	0	65535	2	6.9649	34544
67.468806	0	65535	2	6.9649	34544
67.671906	0	65535	2	7.168	34648
67.671906	0	65535	2	7.168	34648
67.839906	0	65535	2	7.336	34734
67.839906	0	65535	2	7.336	34734
67.968806	0	65535	2	7.4649	34800
67.968806	0	65535	2	7.4649	34800
68.171906	0	65535	2	7.668	34904
68.171906	0	65535	2	7.668	34904
68.339906	0	65535	2	7.836	34990
68.339906	0	65535	2	7.836	34990
68.468806	0	65535	2	7.9649	35056
68.468806	0	65535	2	7.9649	35056
68.671906	0	65535	2	8.168	35160
68.671906	0	65535	2	8.168	35160
68.839906	0	65535	2	8.336	35246
68.839906	0	65535	2	8.336	35246
68.968806	0	65535	2	8.4649	35312
68.968806	0	65535	2	8.4649	35312
69.171906	0	65535	2	8.668	35416
69.171906	0	65535	2	8.668	35416
69.339906	0	65535	2	8.836	35502
69.339906	0	65535	2	8.836	35502
69.507806	0	65535	2	9.0039	35588
69.507806	0	65535	2	9.0039	35588
69.671906	0	65535	2	9.168	35672
69.671906	0	65535	2	9.168	35672
69.839906	0	65535	2	9.336	35758
69.839906	0	65535	2	9.336	35758
69.968806	0	65535	2	9.4649	35824
69.968806	0	65535	2	9.4649	35824
70.171906	0	65535	2	9.668	35928
70.171906	0	65535	2	9.668	35928
70.339906	0	65535	2	9.836	36014
70.339906	0	65535	2	9.836	36014
70.507806	0	65535	2	10.0039	36100
70.507806	0	65535	2	10.0039	36100
70.671906	0	65535	2	10.168	36184
70.671906	0	65535	2	10.168	36184
70.839906	0	65535	2	10.336	36270
70.839906	0	65535	2	10.336	36270
71.007806	0	65535	2	10.5039	36356
71.007806	0	65535	2	10.5039	36356
71.171906	0	65535	2	10.668	36440
71.171906	0	65535	2	10.668	36440
71.339906	0	65535	2	10.836	36526
71.339906	0	65535	2	10.836	36526
71.507806	0	65535	2	11.0039	36612
71.507806	0	65535	2	11.0039	36612
71.636706	0	65535	2	11.1328	36678
71.636706	0	65535	2	11.1328	36678
71.839906	0	65535	2	11.336	36782
71.839906	0	65535	2	11.336	36782
72.007806	0	65535	2	11.5039	36868
72.007806	0	65535	2	11.5039	36868
72.171906	0	65535	2	11.668	36952
72.171906	0	65535	2	11.668	36952
72.339906	0	65535	2	11.836	37038
72.339906	0	65535	2	11.836	37038
72.507806	0	65535	2	12.0039	37124
72.507806	0	65535	2	12.0039	37124
72.636706	0	65535	2	12.1328	37190
72.636706	0	65535	2	12.1328	37190
72.839906	0	65535	2	12.336	37294
72.839906	0	65535	2	12.336	37294
73.007806	0	65535	2	12.5039	37380
73.007806	0	65535	2	12.5039	37380
73.136706	0	65535	2	12.6328	37446
73.136706	0	65535	2	12.6328	37446
73.339906	0	65535	2	12.836	37550
73.339906	0	65535	2	12.836	37550
73.507806	0	65535	2	13.0039	37636
73.507806	0	65535	2	13.0039	37636
73.636706	0	65535	2	13.1328	37702
73.636706	0	65535	2	13.1328	37702
73.839906	0	65535	2	13.336	37806
73.839906	0	65535	2	13.336	37806
74.007806	0	65535	2	13.5039	37892
74.007806	0	65535	2	13.5039	37892
74.136706	0	65535	2	13.6328	37958
74.136706	0	65535	2	13.6328	37958
74.339906	0	65535	2	13.836	38062
74.339906	0	65535	2	13.836	38062
74.507806	0	65535	2	14.0039	38148
74.507806	0	65535	2	14.0039	38148
74.636706	0	65535	2	14.1328	38214
74.636706	0	65535	2	14.1328	38214
74.839906	0	65535	2	14.336	38318
74.839906	0	65535	2	14.336	38318
75.007806	0	65535	2	14.5039	38404
75.007806	0	65535	2	14.5039	38404
75.136706	0	65535	2	14.6328	38470
75.136706	0	65535	2	14.6328	38470
75.339906	0	65535	2	14.836	38574
75.339906	0	65535	2	14.836	38574
75.507806	0	65535	2	15.0039	38660
75.507806	0	65535	2	15.0039	38660
75.636706	0	65535	2	15.1328	38726
75.636706	0	65535	2	15.1328	38726
75.839906	0	65535	2	15.336	38830
75.839906	0	65535	2	15.336	38830
76.007806	0	65535	2	15.5039	38916
76.007806	0	65535	2	15.5039	38916
76.136706	0	65535	2	15.6328	38982
76.136706	0	65535	2	15.6328	38982
76.339906	0	65535	2	15.836	39086
76.339906	0	65535	2	15.836	39086
76.507806	0	65535	2	16.0039	39172
76.507806	0	65535	2	16.0039	39172
76.636706	0	65535	2	16.1328	39238
76.636706	0	65535	2	16.1328	39238
76.839906	0	65535	2	16.336	39342
76.839906	0	65535	2	16.336	39342
77.007806	0	65535	2	16.5039	39428
77.007806	0	65535	2	16.5039	39428
77.136706	0	65535	2	16.6328	39494
77.136706	0	65535	2	16.6328	39494
77.339906	0	65535	2	16.836	39598
77.339906	0	65535	2	16.836	39598
77.507806	0	65535	2	17.0039	39684
77.507806	0	65535	2	17.0039	39684
77.675806	0	65535	2	17.1719	39770
77.675806	0	65535	2	17.1719	39770
77.839906	0	65535	2	17.336	39854
77.839906	0	65535	2	17.336	39854
78.007806	0	65535	2	17.5039	39940
78.007806	0	65535	2	17.5039	39940
78.175806	0	65535	2	17.6719	40026
78.175806	0	65535	2	17.6719	40026
78.304706	0	65535	2	17.8008	40092
78.304706	0	65535	2	17.8008	40092
78.507806	0	65535	2	18.0039	40196
78.507806	0	65535	2	18.0039	40196
78.636706	0	65535	2	18.1328	40262
78.636706	0	65535	2	18.1328	40262
78.804706	0	65535	2	18.3008	40348
78.804706	0	65535	2	18.3008	40348
79.007806	0	65535	2	18.5039	40452
79.007806	0	65535	2	18.5039	40452
79.175806	0	65535	2	18.6719	40538
79.175806	0	65535	2	18.6719	40538
79.339906	0	65535	2	18.836	40622
79.339906	0	65535	2	18.836	40622
79.507806	0	65535	2	19.0039	40708
79.507806	0	65535	2	19.0039	40708
79.675806	0	65535	2	19.1719	40794
79.675806	0	65535	2	19.1719	40794
79.804706	0	65535	2	19.3008	40860
79.804706	0	65535	2	19.3008	40860
80.007806	0	65535	2	19.5039	40964
80.007806	0	65535	2	19.5039	40964
80.175806	0	65535	2	19.6719	41050
80.175806	0	65535	2	19.6719	41050
80.304706	0	65535	2	19.8008	41116
80.304706	0	65535	2	19.8008	41116
80.507806	0	65535	2	20.0039	41220
80.507806	0	65535	2	20.0039	41220
80.675806	0	65535	2	20.1719	41306
80.675806	0	65535	2	20.1719	41306
80.839906	0	65535	2	20.336	41390
80.839906	0	65535	2	20.336	41390
81.007806	0	65535	2	20.5039	41476
81.007806	0	65535	2	20.5039	41476
81.175806	0	65535	2	20.6719	41562
81.175806	0	65535	2	20.6719	41562
81.304706	0	65535	2	20.8008	41628
81.304706	0	65535	2	20.8008	41628
81.507806	0	65535	2	21.0039	41732
81.507806	0	65535	2	21.0039	41732
81.675806	0	65535	2	21.1719	41818
81.675806	0	65535	2	21.1719	41818
81.804706	0	65535	2	21.3008	41884
81.804706	0	65535	2	21.3008	41884
82.007806	0	65535	2	21.5039	41988
82.007806	0	65535	2	21.5039	41988
82.175806	0	65535	2	21.6719	42074
82.175806	0	65535	2	21.6719	42074
82.304706	0	65535	2	21.8008	42140
82.304706	0	65535	2	21.8008	42140
82.507806	0	65535	2	22.0039	42244
82.507806	0	65535	2	22.0039	42244
82.675806	0	65535	2	22.1719	42330
82.675806	0	65535	2	22.1719	42330
82.804706	0	65535	2	22.3008	42396
82.804706	0	65535	2	22.3008	42396
83.007806	0	65535	2	22.5039	42500
83.007806	0	65535	2	22.5039	42500
83.175806	0	65535	2	22.6719	42586
83.175806	0	65535	2	22.6719	42586
83.304706	0	65535	2	22.8008	42652
83.304706	0	65535	2	22.8008	42652
83.507806	0	65535	2	23.0039	42756
83.507806	0	65535	2	23.0039	42756
83.675806	0	65535	2	23.1719	42842
83.675806	0	65535	2	23.1719	42842
83.804706	0	65535	2	23.3008	42908
83.804706	0	65535	2	23.3008	42908
84.007806	0	65535	2	23.5039	43012
84.007806	0	65535	2	23.5039	43012
84.175806	0	65535	2	23.6719	43098
84.175806	0	65535	2	23.6719	43098
84.304706	0	65535	2	23.8008	43164
84.304706	0	65535	2	23.8008	43164
84.507806	0	65535	2	24.0039	43268
84.507806	0	65535	2	24.0039	43268
84.675806	0	65535	2	24.1719	43354
84.675806	0	65535	2	24.1719	43354
84.843806	0	65535	2	24.3399	43440
84.843806	0	65535	2	24.3399	43440
85.007806	0	65535	2	24.5039	43524
85.007806	0	65535	2	24.5039	43524
85.175806	0	65535	2	24.6719	43610
85.175806	0	65535	2	24.6719	43610
85.343806	0	65535	2	24.8399	43696
85.343806	0	65535	2	24.8399	43696
85.507806	0	65535	2	25.0039	43780
85.507806	0	65535	2	25.0039	43780
85.675806	0	65535	2	25.1719	43866
85.675806	0	65535	2	25.1719	43866
85.804706	0	65535	2	25.3008	43932
85.804706	0	65535	2	25.3008	43932
85.972706	0	65535	2	25.4688	44018
85.972706	0	65535	2	25.4688	44018
86.175806	0	65535	2	25.6719	44122
86.175806	0	65535	2	25.6719	44122
86.343806	0	65535	2	25.8399	44208
86.343806	0	65535	2	25.8399	44208
86.507806	0	65535	2	26.0039	44292
86.507806	0	65535	2	26.0039	44292
86.675806	0	65535	2	26.1719	44378
86.675806	0	65535	2	26.1719	44378
86.843806	0	65535	2	26.3399	44464
86.843806	0	65535	2	26.3399	44464
86.972706	0	65535	2	26.4688	44530
86.972706	0	65535	2	26.4688	44530
87.175806	0	65535	2	26.6719	44634
87.175806	0	65535	2	26.6719	44634
87.304706	0	65535	2	26.8008	44700
87.304706	0	65535	2	26.8008	44700
87.472706	0	65535	2	26.9688	44786
87.472706	0	65535	2	26.9688	44786
87.675806	0	65535	2	27.1719	44890
87.675806	0	65535	2	27.1719	44890
87.843806	0	65535	2	27.3399	44976
87.843806	0	65535	2	27.3399	44976
88.007806	0	65535	2	27.5039	45060
88.007806	0	65535	2	27.5039	45060
88.175806	0	65535	2	27.6719	45146
88.175806	0	65535	2	27.6719	45146
88.343806	0	65535	2	27.8399	45232
88.343806	0	65535	2	27.8399	45232
88.472706	0	65535	2	27.9688	45298
88.472706	0	65535	2	27.9688	45298
88.675806	0	65535	2	28.1719	45402
88.675806	0	65535	2	28.1719	45402
88.843806	0	65535	2	28.3399	45488
88.843806	0	65535	2	28.3399	45488
88.972706	0	65535	2	28.4688	45554
88.972706	0	65535	2	28.4688	45554
89.175806	0	65535	2	28.6719	45658
89.175806	0	65535	2	28.6719	45658
89.343806	0	65535	2	28.8399	45744
89.343806	0	65535	2	28.8399	45744
89.472706	0	65535	2	28.9688	45810
89.472706	0	65535	2	28.9688	45810
89.675806	0	65535	2	29.1719	45914
89.675806	0	65535	2	29.1719	45914
89.843806	0	65535	2	29.3399	46000
89.843806	0	65535	2	29.3399	46000
89.972706	0	65535	2	29.4688	46066
89.972706	0	65535	2	29.4688	46066
90.175806	0	65535	2	29.6719	46170
90.175806	0	65535	2	29.6719	46170
90.343806	0	65535	2	29.8399	46256
90.343806	0	65535	2	29.8399	46256
90.472706	0	65535	2	29.9688	46322
90.472706	0	65535	2	29.9688	46322
90.675806	0	65535	2	30.1719	46426
90.675806	0	65535	2	30.1719	46426
90.843806	0	65535	2	30.3399	46512
90.843806	0	65535	2	30.3399	46512
90.972706	0	65535	2	30.4688	46578
90.972706	0	65535	2	30.4688	46578
91.175806	0	65535	2	30.6719	46682
91.175806	0	65535	2	30.6719	46682
91.343806	0	65535	2	30.8399	46768
91.343806	0	65535	2	30.8399	46768
91.472706	0	65535	2	30.9688	46834
91.472706	0	65535	2	30.9688	46834
91.675806	0	65535	2	31.1719	46938
91.675806	0	65535	2	31.1719	46938
91.843806	0	65535	2	31.3399	47024
91.843806	0	65535	2	31.3399	47024
91.972706	0	65535	2	31.4688	47090
91.972706	0	65535	2	31.4688	47090
92.175806	0	65535	2	31.6719	47194
92.175806	0	65535	2	31.6719	47194
92.343806	0	65535	2	31.8399	47280
92.343806	0	65535	2	31.8399	47280
92.472706	0	65535	2	31.9688	47346
92.472706	0	65535	2	31.9688	47346
92.640706	0	65535	2	32.1368	47432
92.640706	0	65535	2	32.1368	47432
92.843806	0	65535	2	32.3399	47536
92.843806	0	65535	2	32.3399	47536
92.972706	0	65535	2	32.4688	47602
92.972706	0	65535	2	32.4688	47602
93.175806	0	65535	2	32.6719	47706
93.175806	0	65535	2	32.6719	47706
93.343806	0	65535	2	32.8399	47792
93.343806	0	65535	2	32.8399	47792
93.511706	0	65535	2	33.0078	47878
93.511706	0	65535	2	33.0078	47878
93.675806	0	65535	2	33.1719	47962
93.675806	0	65535	2	33.1719	47962
93.843806	0	65535	2	33.3399	48048
93.843806	0	65535	2	33.3399	48048
94.011706	0	65535	2	33.5078	48134
94.011706	0	65535	2	33.5078	48134
94.140706	0	65535	2	33.6368	48200
94.140706	0	65535	2	33.6368	48200
94.343806	0	65535	2	33.8399	48304
94.343806	0	65535	2	33.8399	48304
94.472706	0	65535	2	33.9688	48370
94.472706	0	65535	2	33.9688	48370
94.640706	0	65535	2	34.1368	48456
94.640706	0	65535	2	34.1368	48456
94.843806	0	65535	2	34.3399	48560
94.843806	0	65535	2	34.3399	48560
95.011706	0	65535	2	34.5078	48646
95.011706	0	65535	2	34.5078	48646
95.175806	0	65535	2	34.6719	48730
95.175806	0	65535	2	34.6719	48730
95.343806	0	65535	2	34.8399	48816
95.343806	0	65535	2	34.8399	48816
95.511706	0	65535	2	35.0078	48902
95.511706	0	65535	2	35.0078	48902
95.640706	0	65535	2	35.1368	48968
95.640706	0	65535	2	35.1368	48968
95.843806	0	65535	2	35.3399	49072
95.843806	0	65535	2	35.3399	49072
96.011706	0	65535	2	35.5078	49158
96.011706	0	65535	2	35.5078	49158
96.140706	0	65535	2	35.6368	49224
96.140706	0	65535	2	35.6368	49224
96.343806	0	65535	2	35.8399	49328
96.343806	0	65535	2	35.8399	49328
96.511706	0	65535	2	36.0078	49414
96.511706	0	65535	2	36.0078	49414
96.640706	0	65535	2	36.1368	49480
96.640706	0	65535	2	36.1368	49480
96.843806	0	65535	2	36.3399	49584
96.843806	0	65535	2	36.3399	49584
97.011706	0	65535	2	36.5078	49670
97.011706	0	65535	2	36.5078	49670
97.140706	0	65535	2	36.6368	49736
97.140706	0	65535	2	36.6368	49736
97.343806	0	65535	2	36.8399	49840
97.343806	0	65535	2	36.8399	49840
97.511706	0	65535	2	37.0078	49926
97.511706	0	65535	2	37.0078	49926
97.640706	0	65535	2	37.1368	49992
97.640706	0	65535	2	37.1368	49992
97.843806	0	65535	2	37.3399	50096
97.843806	0	65535	2	37.3399	50096
98.011706	0	65535	2	37.5078	50182
98.011706	0	65535	2	37.5078	50182
98.140706	0	65535	2	37.6368	50248
98.140706	0	65535	2	37.6368	50248
98.343806	0	65535	2	37.8399	50352
98.343806	0	65535	2	37.8399	50352
98.511706	0	65535	2	38.0078	50438
98.511706	0	65535	2	38.0078	50438
98.640706	0	65535	2	38.1368	50504
98.640706	0	65535	2	38.1368	50504
98.843806	0	65535	2	38.3399	50608
98.843806	0	65535	2	38.3399	50608
99.011706	0	65535	2	38.5078	50694
99.011706	0	65535	2	38.5078	50694
99.140706	0	65535	2	38.6368	50760
99.140706	0	65535	2	38.6368	50760
99.343806	0	65535	2	38.8399	50864
99.343806	0	65535	2	38.8399	50864
99.511706	0	65535	2	39.0078	50950
99.511706	0	65535	2	39.0078	50950
99.640706	0	65535	2	39.1368	51016
99.640706	0	65535	2	39.1368	51016
99.808606	0	65535	2	39.3047	51102
99.808606	0	65535	2	39.3047	51102
100.011706	0	65535	2	39.5078	51206
100.011706	0	65535	2	39.5078	51206
100.140706	0	65535	2	39.6368	51272
100.140706	0	65535	2	39.6368	51272
100.343806	0	65535	2	39.8399	51376
100.343806	0	65535	2	39.8399	51376
100.511706	0	65535	2	40.0078	51462
100.511706	0	65535	2	40.0078	51462
100.640706	0	65535	2	40.1368	51528
100.640706	0	65535	2	40.1368	51528
100.843806	0	65535	2	40.3399	51632
100.843806	0	65535	2	40.3399	51632
101.011706	0	65535	2	40.5078	51718
101.011706	0	65535	2	40.5078	51718
101.144606	0	65535	2	40.6407	51786
101.144606	0	65535	2	40.6407	51786
101.308606	0	65535	2	40.8047	51870
101.308606	0	65535	2	40.8047	51870
101.511706	0	65535	2	41.0078	51974
101.511706	0	65535	2	41.0078	51974
101.640706	0	65535	2	41.1368	52040
101.640706	0	65535	2	41.1368	52040
101.843806	0	65535	2	41.3399	52144
101.843806	0	65535	2	41.3399	52144
102.011706	0	65535	2	41.5078	52230
102.011706	0	65535	2	41.5078	52230
102.144606	0	65535	2	41.6407	52298
102.144606	0	65535	2	41.6407	52298
102.308606	0	65535	2	41.8047	52382
102.308606	0	65535	2	41.8047	52382
102.511706	0	65535	2	42.0078	52486
102.511706	0	65535	2	42.0078	52486
102.679706	0	65535	2	42.1758	52572
102.679706	0	65535	2	42.1758	52572
102.808606	0	65535	2	42.3047	52638
102.808606	0	65535	2	42.3047	52638
103.011706	0	65535	2	42.5078	52742
103.011706	0	65535	2	42.5078	52742
103.140706	0	65535	2	42.6368	52808
103.140706	0	65535	2	42.6368	52808
103.308606	0	65535	2	42.8047	52894
103.308606	0	65535	2	42.8047	52894
103.511706	0	65535	2	43.0078	52998
103.511706	0	65535	2	43.0078	52998
103.679706	0	65535	2	43.1758	53084
103.679706	0	65535	2	43.1758	53084
103.808606	0	65535	2	43.3047	53150
103.808606	0	65535	2	43.3047	53150
104.011706	0	65535	2	43.5078	53254
104.011706	0	65535	2	43.5078	53254
104.179706	0	65535	2	43.6758	53340
104.179706	0	65535	2	43.6758	53340
104.308606	0	65535	2	43.8047	53406
104.308606	0	65535	2	43.8047	53406
104.511706	0	65535	2	44.0078	53510
104.511706	0	65535	2	44.0078	53510
104.679706	0	65535	2	44.1758	53596
104.679706	0	65535	2	44.1758	53596
104.808606	0	65535	2	44.3047	53662
104.808606	0	65535	2	44.3047	53662
105.011706	0	65535	2	44.5078	53766
105.011706	0	65535	2	44.5078	53766
105.179706	0	65535	2	44.6758	53852
105.179706	0	65535	2	44.6758	53852
105.308606	0	65535	2	44.8047	53918
105.308606	0	65535	2	44.8047	53918
105.511706	0	65535	2	45.0078	54022
105.511706	0	65535	2	45.0078	54022
105.679706	0	65535	2	45.1758	54108
105.679706	0	65535	2	45.1758	54108
105.808606	0	65535	2	45.3047	54174
105.808606	0	65535	2	45.3047	54174
106.011706	0	65535	2	45.5078	54278
106.011706	0	65535	2	45.5078	54278
106.179706	0	65535	2	45.6758	54364
106.179706	0	65535	2	45.6758	54364
106.308606	0	65535	2	45.8047	54430
106.308606	0	65535	2	45.8047	54430
106.511706	0	65535	2	46.0078	54534
106.511706	0	65535	2	46.0078	54534
106.679706	0	65535	2	46.1758	54620
106.679706	0	65535	2	46.1758	54620
106.808606	0	65535	2	46.3047	54686
106.808606	0	65535	2	46.3047	54686
107.011706	0	65535	2	46.5078	54790
107.011706	0	65535	2	46.5078	54790
107.179706	0	65535	2	46.6758	54876
107.179706	0	65535	2	46.6758	54876
107.308606	0	65535	2	46.8047	54942
107.308606	0	65535	2	46.8047	54942
107.511706	0	65535	2	47.0078	55046
107.511706	0	65535	2	47.0078	55046
107.679706	0	65535	2	47.1758	55132
107.679706	0	65535	2	47.1758	55132
107.808606	0	65535	2	47.3047	55198
107.808606	0	65535	2	47.3047	55198
108.011706	0	65535	2	47.5078	55302
108.011706	0	65535	2	47.5078	55302
108.179706	0	65535	2	47.6758	55388
108.179706	0	65535	2	47.6758	55388
108.308606	0	65535	2	47.8047	55454
108.308606	0	65535	2	47.8047	55454
108.476606	0	65535	2	47.9727	55540
108.476606	0	65535	2	47.9727	55540
108.679706	0	65535	2	48.1758	55644
108.679706	0	65535	2	48.1758	55644
108.808606	0	65535	2	48.3047	55710
108.808606	0	65535	2	48.3047	55710
109.011706	0	65535	2	48.5078	55814
109.011706	0	65535	2	48.5078	55814
109.179706	0	65535	2	48.6758	55900
109.179706	0	65535	2	48.6758	55900
109.347706	0	65535	2	48.8438	55986
109.347706	0	65535	2	48.8438	55986
109.476606	0	65535	2	48.9727	56052
109.476606	0	65535	2	48.9727	56052
109.679706	0	65535	2	49.1758	56156
109.679706	0	65535	2	49.1758	56156
109.847706	0	65535	2	49.3438	56242
109.847706	0	65535	2	49.3438	56242
109.976606	0	65535	2	49.4727	56308
109.976606	0	65535	2	49.4727	56308
110.179706	0	65535	2	49.6758	56412
110.179706	0	65535	2	49.6758	56412
110.347706	0	65535	2	49.8438	56498
110.347706	0	65535	2	49.8438	56498
110.476606	0	65535	2	49.9727	56564
110.476606	0	65535	2	49.9727	56564
110.679706	0	65535	2	50.1758	56668
110.679706	0	65535	2	50.1758	56668
110.847706	0	65535	2	50.3438	56754
110.847706	0	65535	2	50.3438	56754
110.976606	0	65535	2	50.4727	56820
110.976606	0	65535	2	50.4727	56820
111.179706	0	65535	2	50.6758	56924
111.179706	0	65535	2	50.6758	56924
111.347706	0	65535	2	50.8438	57010
111.347706	0	65535	2	50.8438	57010
111.476606	0	65535	2	50.9727	57076
111.476606	0	65535	2	50.9727	57076
111.679706	0	65535	2	51.1758	57180
111.679706	0	65535	2	51.1758	57180
111.808606	0	65535	2	51.3047	57246
111.808606	0	65535	2	51.3047	57246
111.976606	0	65535	2	51.4727	57332
111.976606	0	65535	2	51.4727	57332
112.179706	0	65535	2	51.6758	57436
112.179706	0	65535	2	51.6758	57436
112.347706	0	65535	2	51.8438	57522
112.347706	0	65535	2	51.8438	57522
112.476606	0	65535	2	51.9727	57588
112.476606	0	65535	2	51.9727	57588
112.679706	0	65535	2	52.1758	57692
112.679706	0	65535	2	52.1758	57692
112.847706	0	65535	2	52.3438	57778
112.847706	0	65535	2	52.3438	57778
112.976606	0	65535	2	52.4727	57844
112.976606	0	65535	2	52.4727	57844
113.179706	0	65535	2	52.6758	57948
113.179706	0	65535	2	52.6758	57948
113.347706	0	65535	2	52.8438	58034
113.347706	0	65535	2	52.8438	58034
113.476606	0	65535	2	52.9727	58100
113.476606	0	65535	2	52.9727	58100
113.679706	0	65535	2	53.1758	58204
113.679706	0	65535	2	53.1758	58204
113.847706	0	65535	2	53.3438	58290
113.847706	0	65535	2	53.3438	58290
113.976606	0	65535	2	53.4727	58356
113.976606	0	65535	2	53.4727	58356
114.179706	0	65535	2	53.6758	58460
114.179706	0	65535	2	53.6758	58460
114.347706	0	65535	2	53.8438	58546
114.347706	0	65535	2	53.8438	58546
114.476606	0	65535	2	53.9727	58612
114.476606	0	65535	2	53.9727	58612
114.679706	0	65535	2	54.1758	58716
114.679706	0	65535	2	54.1758	58716
114.847706	0	65535	2	54.3438	58802
114.847706	0	65535	2	54.3438	58802
114.976606	0	65535	2	54.4727	58868
114.976606	0	65535	2	54.4727	58868
115.144606	0	65535	2	54.6407	58954
115.144606	0	65535	2	54.6407	58954
115.347706	0	65535	2	54.8438	59058
115.347706	0	65535	2	54.8438	59058
115.476606	0	65535	2	54.9727	59124
115.476606	0	65535	2	54.9727	59124
115.644606	0	65535	2	55.1407	59210
115.644606	0	65535	2	55.1407	59210
115.847706	0	65535	2	55.3438	59314
115.847706	0	65535	2	55.3438	59314
115.976606	0	65535	2	55.4727	59380
115.976606	0	65535	2	55.4727	59380
116.179706	0	65535	2	55.6758	59484
116.179706	0	65535	2	55.6758	59484
116.347706	0	65535	2	55.8438	59570
116.347706	0	65535	2	55.8438	59570
116.476606	0	65535	2	55.9727	59636
116.476606	0	65535	2	55.9727	59636
116.644606	0	65535	2	56.1407	59722
116.644606	0	65535	2	56.1407	59722
116.847706	0	65535	2	56.3438	59826
116.847706	0	65535	2	56.3438	59826
117.015706	0	65535	2	56.5118	59912
117.015706	0	65535	2	56.5118	59912
117.144606	0	65535	2	56.6407	59978
117.144606	0	65535	2	56.6407	59978
117.347706	0	65535	2	56.8438	60082
117.347706	0	65535	2	56.8438	60082
117.476606	0	65535	2	56.9727	60148
117.476606	0	65535	2	56.9727	60148
117.644606	0	65535	2	57.1407	60234
117.644606	0	65535	2	57.1407	60234
117.847706	0	65535	2	57.3438	60338
117.847706	0	65535	2	57.3438	60338
118.015706	0	65535	2	57.5118	60424
118.015706	0	65535	2	57.5118	60424
118.144606	0	65535	2	57.6407	60490
118.144606	0	65535	2	57.6407	60490
118.347706	0	65535	2	57.8438	60594
118.347706	0	65535	2	57.8438	60594
118.515706	0	65535	2	58.0118	60680
118.515706	0	65535	2	58.0118	60680
118.644606	0	65535	2	58.1407	60746
118.644606	0	65535	2	58.1407	60746
118.847706	0	65535	2	58.3438	60850
118.847706	0	65535	2	58.3438	60850
119.015706	0	65535	2	58.5118	60936
119.015706	0	65535	2	58.5118	60936
119.144606	0	65535	2	58.6407	61002
119.144606	0	65535	2	58.6407	61002
119.347706	0	65535	2	58.8438	61106
119.347706	0	65535	2	58.8438	61106
119.515706	0	65535	2	59.0118	61192
119.515706	0	65535	2	59.0118	61192
119.644606	0	65535	2	59.1407	61258
119.644606	0	65535	2	59.1407	61258
119.847706	0	65535	2	59.3438	61362
119.847706	0	65535	2	59.3438	61362
120.015706	0	65535	2	59.5118	61448
120.015706	0	65535	2	59.5118	61448
120.144606	0	65535	2	59.6407	61514
120.144606	0	65535	2	59.6407	61514
120.347706	0	65535	2	59.8438	61618
120.347706	0	65535	2	59.8438	61618
120.515706	0	65535	2	60.0118	61704
120.515706	0	65535	2	60.0118	61704
120.644606	0	65535	2	60.1407	61770
120.644606	0	65535	2	60.1407	61770
120.847706	0	65535	2	60.3438	61874
120.847706	0	65535	2	60.3438	61874
121.015706	0	65535	2	60.5118	61960
121.015706	0	65535	2	60.5118	61960
121.144606	0	65535	2	60.6407	62026
121.144606	0	65535	2	60.6407	62026
121.347706	0	65535	2	60.8438	62130
121.347706	0	65535	2	60.8438	62130
121.515706	0	65535	2	61.0118	62216
121.515706	0	65535	2	61.0118	62216
121.644606	0	65535	2	61.1407	62282
121.644606	0	65535	2	61.1407	62282
121.847706	0	65535	2	61.3438	62386
121.847706	0	65535	2	61.3438	62386
122.015706	0	65535	2	61.5118	62472
122.015706	0	65535	2	61.5118	62472
122.144606	0	65535	2	61.6407	62538
122.144606	0	65535	2	61.6407	62538
122.312506	0	65535	2	61.8086	62624
122.312506	0	65535	2	61.8086	62624
122.515706	0	65535	2	62.0118	62728
122.515706	0	65535	2	62.0118	62728
122.644606	0	65535	2	62.1407	62794
122.644606	0	65535	2	62.1407	62794
122.812506	0	65535	2	62.3086	62880
122.812506	0	65535	2	62.3086	62880
123.015706	0	65535	2	62.5118	62984
123.015706	0	65535	2	62.5118	62984
123.144606	0	65535	2	62.6407	63050
123.144606	0	65535	2	62.6407	63050
123.347706	0	65535	2	62.8438	63154
123.347706	0	65535	2	62.8438	63154
123.515706	0	65535	2	63.0118	63240
123.515706	0	65535	2	63.0118	63240
123.644606	0	65535	2	63.1407	63306
123.644606	0	65535	2	63.1407	63306
123.812506	0	65535	2	63.3086	63392
123.812506	0	65535	2	63.3086	63392
124.015706	0	65535	2	63.5118	63496
124.015706	0	65535	2	63.5118	63496
124.144606	0	65535	2	63.6407	63562
124.144606	0	65535	2	63.6407	63562
124.312506	0	65535	2	63.8086	63648
124.312506	0	65535	2	63.8086	63648
124.515706	0	65535	2	64.0118	63752
124.515706	0	65535	2	64.0118	63752
124.644606	0	65535	2	64.1407	63818
124.644606	0	65535	2	64.1407	63818
124.812506	0	65535	2	64.3086	63904
124.812506	0	65535	2	64.3086	63904
125.007812	0	65535	3	2.0	64004
125.007812	0	65535	3	2.0	64004
125.136712	0	65535	3	2.1289	64070
125.136712	0	65535	3	2.1289	64070
125.339812	0	65535	3	2.332	64174
125.339812	0	65535	3	2.332	64174
125.507812	0	65535	3	2.5	64260
125.507812	0	65535	3	2.5	64260
125.636712	0	65535	3	2.6289	64326
125.636712	0	65535	3	2.6289	64326
125.839812	0	65535	3	2.832	64430
125.839812	0	65535	3	2.832	64430
126.007812	0	65535	3	3.0	64516
126.007812	0	65535	3	3.0	64516
126.171913	0	65535	3	3.1641	64600
126.171913	0	65535	3	3.1641	64600
126.339812	0	65535	3	3.332	64686
126.339812	0	65535	3	3.332	64686
126.507812	0	65535	3	3.5	64772
126.507812	0	65535	3	3.5	64772
126.636712	0	65535	3	3.6289	64838
126.636712	0	65535	3	3.6289	64838
126.839812	0	65535	3	3.832	64942
126.839812	0	65535	3	3.832	64942
127.007812	0	65535	3	4.0	65028
127.007812	0	65535	3	4.0	65028
127.136712	0	65535	3	4.1289	65094
127.136712	0	65535	3	4.1289	65094
127.339812	0	65535	3	4.332	65198
127.339812	0	65535	3	4.332	65198
127.507812	0	65535	3	4.5	65284
127.507812	0	65535	3	4.5	65284
127.636712	0	65535	3	4.6289	65350
127.636712	0	65535	3	4.6289	65350
127.839812	0	65535	3	4.832	65454
127.839812	0	65535	3	4.832	65454
128.007812	0	65535	3	5.0	65540
128.007812	0	65535	3	5.0	65540
128.136712	0	65535	3	5.1289	65606
128.136712	0	65535	3	5.1289	65606
128.339812	0	65535	3	5.332	65710
128.339812	0	65535	3	5.332	65710
128.507812	0	65535	3	5.5	65796
128.507812	0	65535	3	5.5	65796
128.636712	0	65535	3	5.6289	65862
128.636712	0	65535	3	5.6289	65862
128.839812	0	65535	3	5.832	65966
128.839812	0	65535	3	5.832	65966
129.007812	0	65535	3	6.0	66052
129.007812	0	65535	3	6.0	66052
129.136712	0	65535	3	6.1289	66118
129.136712	0	65535	3	6.1289	66118
129.339812	0	65535	3	6.332	66222
129.339812	0	65535	3	6.332	66222
129.507812	0	65535	3	6.5	66308
129.507812	0	65535	3	6.5	66308
129.636712	0	65535	3	6.6289	66374
129.636712	0	65535	3	6.6289	66374
129.839812	0	65535	3	6.832	66478
129.839812	0	65535	3	6.832	66478
130.007812	0	65535	3	7.0	66564
130.007812	0	65535	3	7.0	66564
130.175813	0	65535	3	7.168	66650
130.175813	0	65535	3	7.168	66650
130.339812	0	65535	3	7.332	66734
130.339812	0	65535	3	7.332	66734
130.507812	0	65535	3	7.5	66820
130.507812	0	65535	3	7.5	66820
130.636712	0	65535	3	7.6289	66886
130.636712	0	65535	3	7.6289	66886
130.839812	0	65535	3	7.832	66990
130.839812	0	65535	3	7.832	66990
131.007812	0	65535	3	8.0	67076
131.007812	0	65535	3	8.0	67076
131.175813	0	65535	3	8.168	67162
131.175813	0	65535	3	8.168	67162
131.339812	0	65535	3	8.332	67246
131.339812	0	65535	3	8.332	67246
131.507812	0	65535	3	8.5	67332
131.507812	0	65535	3	8.5	67332
131.675813	0	65535	3	8.668	67418
131.675813	0	65535	3	8.668	67418
131.839812	0	65535	3	8.832	67502
131.839812	0	65535	3	8.832	67502
132.007812	0	65535	3	9.0	67588
132.007812	0	65535	3	9.0	67588
132.175813	0	65535	3	9.168	67674
132.175813	0	65535	3	9.168	67674
132.304712	0	65535	3	9.2969	67740
132.304712	0	65535	3	9.2969	67740
132.507812	0	65535	3	9.5	67844
132.507812	0	65535	3	9.5	67844
132.675813	0	65535	3	9.668	67930
132.675813	0	65535	3	9.668	67930
132.804712	0	65535	3	9.7969	67996
132.804712	0	65535	3	9.7969	67996
133.007812	0	65535	3	10.0	68100
133.007812	0	65535	3	10.0	68100
133.175813	0	65535	3	10.168	68186
133.175813	0	65535	3	10.168	68186
133.304712	0	65535	3	10.2969	68252
133.304712	0	65535	3	10.2969	68252
133.507812	0	65535	3	10.5	68356
133.507812	0	65535	3	10.5	68356
133.675813	0	65535	3	10.668	68442
133.675813	0	65535	3	10.668	68442
133.804712	0	65535	3	10.7969	68508
133.804712	0	65535	3	10.7969	68508
134.007812	0	65535	3	11.0	68612
134.007812	0	65535	3	11.0	68612
134.175813	0	65535	3	11.168	68698
134.175813	0	65535	3	11.168	68698
134.304712	0	65535	3	11.2969	68764
134.304712	0	65535	3	11.2969	68764
134.507812	0	65535	3	11.5	68868
134.507812	0	65535	3	11.5	68868
134.675813	0	65535	3	11.668	68954
134.675813	0	65535	3	11.668	68954
134.804712	0	65535	3	11.7969	69020
134.804712	0	65535	3	11.7969	69020
135.007812	0	65535	3	12.0	69124
135.007812	0	65535	3	12.0	69124
135.175813	0	65535	3	12.168	69210
135.175813	0	65535	3	12.168	69210
135.304712	0	65535	3	12.2969	69276
135.304712	0	65535	3	12.2969	69276
135.507812	0	65535	3	12.5	69380
135.507812	0	65535	3	12.5	69380
135.675813	0	65535	3	12.668	69466
135.675813	0	65535	3	12.668	69466
135.804712	0	65535	3	12.7969	69532
135.804712	0	65535	3	12.7969	69532
136.007812	0	65535	3	13.0	69636
136.007812	0	65535	3	13.0	69636
136.175813	0	65535	3	13.168	69722
136.175813	0	65535	3	13.168	69722
136.304712	0	65535	3	13.2969	69788
136.304712	0	65535	3	13.2969	69788
136.507812	0	65535	3	13.5	69892
136.507812	0	65535	3	13.5	69892
136.675813	0	65535	3	13.668	69978
136.675813	0	65535	3	13.668	69978
136.804712	0	65535	3	13.7969	70044
136.804712	0	65535	3	13.7969	70044
137.007812	0	65535	3	14.0	70148
137.007812	0	65535	3	14.0	70148
137.175813	0	65535	3	14.168	70234
137.175813	0	65535	3	14.168	70234
137.304712	0	65535	3	14.2969	70300
137.304712	0	65535	3	14.2969	70300
137.507812	0	65535	3	14.5	70404
137.507812	0	65535	3	14.5	70404
137.675813	0	65535	3	14.668	70490
137.675813	0	65535	3	14.668	70490
137.804712	0	65535	3	14.7969	70556
137.804712	0	65535	3	14.7969	70556
138.007812	0	65535	3	15.0	70660
138.007812	0	65535	3	15.0	70660
138.175813	0	65535	3	15.168	70746
138.175813	0	65535	3	15.168	70746
138.343712	0	65535	3	15.3359	70832
138.343712	0	65535	3	15.3359	70832
138.507812	0	65535	3	15.5	70916
138.507812	0	65535	3	15.5	70916
138.675813	0	65535	3	15.668	71002
138.675813	0	65535	3	15.668	71002
138.843712	0	65535	3	15.8359	71088
138.843712	0	65535	3	15.8359	71088
139.007812	0	65535	3	16.0	71172
139.007812	0	65535	3	16.0	71172
139.175813	0	65535	3	16.168	71258
139.175813	0	65535	3	16.168	71258
139.343712	0	65535	3	16.3359	71344
139.343712	0	65535	3	16.3359	71344
139.472613	0	65535	3	16.4648	71410
139.472613	0	65535	3	16.4648	71410
139.640612	0	65535	3	16.6328	71496
139.640612	0	65535	3	16.6328	71496
139.843712	0	65535	3	16.8359	71600
139.843712	0	65535	3	16.8359	71600
140.007812	0	65535	3	17.0	71684
140.007812	0	65535	3	17.0	71684
140.175813	0	65535	3	17.168	71770
140.175813	0	65535	3	17.168	71770
140.343712	0	65535	3	17.3359	71856
140.343712	0	65535	3	17.3359	71856
140.472613	0	65535	3	17.4648	71922
140.472613	0	65535	3	17.4648	71922
140.675813	0	65535	3	17.668	72026
140.675813	0	65535	3	17.668	72026
140.843712	0	65535	3	17.8359	72112
140.843712	0	65535	3	17.8359	72112
140.972613	0	65535	3	17.9648	72178
140.972613	0	65535	3	17.9648	72178
141.175813	0	65535	3	18.168	72282
141.175813	0	65535	3	18.168	72282
141.343712	0	65535	3	18.3359	72368
141.343712	0	65535	3	18.3359	72368
141.472613	0	65535	3	18.4648	72434
141.472613	0	65535	3	18.4648	72434
141.675813	0	65535	3	18.668	72538
141.675813	0	65535	3	18.668	72538
141.843712	0	65535	3	18.8359	72624
141.843712	0	65535	3	18.8359	72624
141.972613	0	65535	3	18.9648	72690
141.972613	0	65535	3	18.9648	72690
142.175813	0	65535	3	19.168	72794
142.175813	0	65535	3	19.168	72794
142.343712	0	65535	3	19.3359	72880
142.343712	0	65535	3	19.3359	72880
142.472613	0	65535	3	19.4648	72946
142.472613	0	65535	3	19.4648	72946
142.675813	0	65535	3	19.668	73050
142.675813	0	65535	3	19.668	73050
142.843712	0	65535	3	19.8359	73136
142.843712	0	65535	3	19.8359	73136
142.972613	0	65535	3	19.9648	73202
142.972613	0	65535	3	19.9648	73202
143.175813	0	65535	3	20.168	73306
143.175813	0	65535	3	20.168	73306
143.343712	0	65535	3	20.3359	73392
143.343712	0	65535	3	20.3359	73392
143.472613	0	65535	3	20.4648	73458
143.472613	0	65535	3	20.4648	73458
143.675813	0	65535	3	20.668	73562
143.675813	0	65535	3	20.668	73562
143.843712	0	65535	3	20.8359	73648
143.843712	0	65535	3	20.8359	73648
143.972613	0	65535	3	20.9648	73714
143.972613	0	65535	3	20.9648	73714
144.175813	0	65535	3	21.168	73818
144.175813	0	65535	3	21.168	73818
144.343712	0	65535	3	21.3359	73904
144.343712	0	65535	3	21.3359	73904
144.472613	0	65535	3	21.4648	73970
144.472613	0	65535	3	21.4648	73970
144.675813	0	65535	3	21.668	74074
144.675813	0	65535	3	21.668	74074
144.843712	0	65535	3	21.8359	74160
144.843712	0	65535	3	21.8359	74160
144.972613	0	65535	3	21.9648	74226
144.972613	0	65535	3	21.9648	74226
145.140612	0	65535	3	22.1328	74312
145.140612	0	65535	3	22.1328	74312
145.343712	0	65535	3	22.3359	74416
145.343712	0	65535	3	22.3359	74416
145.472613	0	65535	3	22.4648	74482
145.472613	0	65535	3	22.4648	74482
145.675813	0	65535	3	22.668	74586
145.675813	0	65535	3	22.668	74586
145.843712	0	65535	3	22.8359	74672
145.843712	0	65535	3	22.8359	74672
146.011712	0	65535	3	23.0039	74758
146.011712	0	65535	3	23.0039	74758
146.140612	0	65535	3	23.1328	74824
146.140612	0	65535	3	23.1328	74824
146.343712	0	65535	3	23.3359	74928
146.343712	0	65535	3	23.3359	74928
146.472613	0	65535	3	23.4648	74994
146.472613	0	65535	3	23.4648	74994
146.640612	0	65535	3	23.6328	75080
146.640612	0	65535	3	23.6328	75080
146.843712	0	65535	3	23.8359	75184
146.843712	0	65535	3	23.8359	75184
147.011712	0	65535	3	24.0039	75270
147.011712	0	65535	3	24.0039	75270
147.175813	0	65535	3	24.168	75354
147.175813	0	65535	3	24.168	75354
147.343712	0	65535	3	24.3359	75440
147.343712	0	65535	3	24.3359	75440
147.511712	0	65535	3	24.5039	75526
147.511712	0	65535	3	24.5039	75526
147.640612	0	65535	3	24.6328	75592
147.640612	0	65535	3	24.6328	75592
147.843712	0	65535	3	24.8359	75696
147.843712	0	65535	3	24.8359	75696
148.011712	0	65535	3	25.0039	75782
148.011712	0	65535	3	25.0039	75782
148.140612	0	65535	3	25.1328	75848
148.140612	0	65535	3	25.1328	75848
148.343712	0	65535	3	25.3359	75952
148.343712	0	65535	3	25.3359	75952
148.511712	0	65535	3	25.5039	76038
148.511712	0	65535	3	25.5039	76038
148.675813	0	65535	3	25.668	76122
148.675813	0	65535	3	25.668	76122
148.843712	0	65535	3	25.8359	76208
148.843712	0	65535	3	25.8359	76208
149.011712	0	65535	3	26.0039	76294
149.011712	0	65535	3	26.0039	76294
149.140612	0	65535	3	26.1328	76360
149.140612	0	65535	3	26.1328	76360
149.343712	0	65535	3	26.3359	76464
149.343712	0	65535	3	26.3359	76464
149.511712	0	65535	3	26.5039	76550
149.511712	0	65535	3	26.5039	76550
149.640612	0	65535	3	26.6328	76616
149.640612	0	65535	3	26.6328	76616
149.843712	0	65535	3	26.8359	76720
149.843712	0	65535	3	26.8359	76720
150.011712	0	65535	3	27.0039	76806
150.011712	0	65535	3	27.0039	76806
150.140612	0	65535	3	27.1328	76872
150.140612	0	65535	3	27.1328	76872
150.343712	0	65535	3	27.3359	76976
150.343712	0	65535	3	27.3359	76976
150.511712	0	65535	3	27.5039	77062
150.511712	0	65535	3	27.5039	77062
150.640612	0	65535	3	27.6328	77128
150.640612	0	65535	3	27.6328	77128
150.843712	0	65535	3	27.8359	77232
150.843712	0	65535	3	27.8359	77232
151.011712	0	65535	3	28.0039	77318
151.011712	0	65535	3	28.0039	77318
151.140612	0	65535	3	28.1328	77384
151.140612	0	65535	3	28.1328	77384
151.343712	0	65535	3	28.3359	77488
151.343712	0	65535	3	28.3359	77488
151.511712	0	65535	3	28.5039	77574
151.511712	0	65535	3	28.5039	77574
151.640612	0	65535	3	28.6328	77640
151.640612	0	65535	3	28.6328	77640
151.843712	0	65535	3	28.8359	77744
151.843712	0	65535	3	28.8359	77744
152.011712	0	65535	3	29.0039	77830
152.011712	0	65535	3	29.0039	77830
152.140612	0	65535	3	29.1328	77896
152.140612	0	65535	3	29.1328	77896
152.343712	0	65535	3	29.3359	78000
152.343712	0	65535	3	29.3359	78000
152.511712	0	65535	3	29.5039	78086
152.511712	0	65535	3	29.5039	78086
152.640612	0	65535	3	29.6328	78152
152.640612	0	65535	3	29.6328	78152
152.843712	0	65535	3	29.8359	78256
152.843712	0	65535	3	29.8359	78256
153.011712	0	65535	3	30.0039	78342
153.011712	0	65535	3	30.0039	78342
153.140612	0	65535	3	30.1328	78408
153.140612	0	65535	3	30.1328	78408
153.308612	0	65535	3	30.3008	78494
153.308612	0	65535	3	30.3008	78494
153.511712	0	65535	3	30.5039	78598
153.511712	0	65535	3	30.5039	78598
153.640612	0	65535	3	30.6328	78664
153.640612	0	65535	3	30.6328	78664
153.843712	0	65535	3	30.8359	78768
153.843712	0	65535	3	30.8359	78768
154.011712	0	65535	3	31.0039	78854
154.011712	0	65535	3	31.0039	78854
154.179712	0	65535	3	31.1719	78940
154.179712	0	65535	3	31.1719	78940
154.343712	0	65535	3	31.3359	79024
154.343712	0	65535	3	31.3359	79024
154.511712	0	65535	3	31.5039	79110
154.511712	0	65535	3	31.5039	79110
154.679712	0	65535	3	31.6719	79196
154.679712	0	65535	3	31.6719	79196
154.808612	0	65535	3	31.8008	79262
154.808612	0	65535	3	31.8008	79262
155.011712	0	65535	3	32.0039	79366
155.011712	0	65535	3	32.0039	79366
155.140612	0	65535	3	32.1328	79432
155.140612	0	65535	3	32.1328	79432
155.308612	0	65535	3	32.3008	79518
155.308612	0	65535	3	32.3008	79518
155.511712	0	65535	3	32.5039	79622
155.511712	0	65535	3	32.5039	79622
155.644513	0	65535	3	32.6367	79690
155.644513	0	65535	3	32.6367	79690
155.843712	0	65535	3	32.8359	79792
155.843712	0	65535	3	32.8359	79792
156.011712	0	65535	3	33.0039	79878
156.011712	0	65535	3	33.0039	79878
156.179712	0	65535	3	33.1719	79964
156.179712	0	65535	3	33.1719	79964
156.308612	0	65535	3	33.3008	80030
156.308612	0	65535	3	33.3008	80030
156.511712	0	65535	3	33.5039	80134
156.511712	0	65535	3	33.5039	80134
156.679712	0	65535	3	33.6719	80220
156.679712	0	65535	3	33.6719	80220
156.808612	0	65535	3	33.8008	80286
156.808612	0	65535	3	33.8008	80286
157.011712	0	65535	3	34.0039	80390
157.011712	0	65535	3	34.0039	80390
157.179712	0	65535	3	34.1719	80476
157.179712	0	65535	3	34.1719	80476
157.308612	0	65535	3	34.3008	80542
157.308612	0	65535	3	34.3008	80542
157.511712	0	65535	3	34.5039	80646
157.511712	0	65535	3	34.5039	80646
157.679712	0	65535	3	34.6719	80732
157.679712	0	65535	3	34.6719	80732
157.808612	0	65535	3	34.8008	80798
157.808612	0	65535	3	34.8008	80798
158.011712	0	65535	3	35.0039	80902
158.011712	0	65535	3	35.0039	80902
158.179712	0	65535	3	35.1719	80988
158.179712	0	65535	3	35.1719	80988
158.308612	0	65535	3	35.3008	81054
158.308612	0	65535	3	35.3008	81054
158.511712	0	65535	3	35.5039	81158
158.511712	0	65535	3	35.5039	81158
158.679712	0	65535	3	35.6719	81244
158.679712	0	65535	3	35.6719	81244
158.808612	0	65535	3	35.8008	81310
158.808612	0	65535	3	35.8008	81310
159.011712	0	65535	3	36.0039	81414
159.011712	0	65535	3	36.0039	81414
159.179712	0	65535	3	36.1719	81500
159.179712	0	65535	3	36.1719	81500
159.308612	0	65535	3	36.3008	81566
159.308612	0	65535	3	36.3008	81566
159.511712	0	65535	3	36.5039	81670
159.511712	0	65535	3	36.5039	81670
159.679712	0	65535	3	36.6719	81756
159.679712	0	65535	3	36.6719	81756
159.847613	0	65535	3	36.8398	81842
159.847613	0	65535	3	36.8398	81842
160.011712	0	65535	3	37.0039	81926
160.011712	0	65535	3	37.0039	81926
160.179712	0	65535	3	37.1719	82012
160.179712	0	65535	3	37.1719	82012
160.308612	0	65535	3	37.3008	82078
160.308612	0	65535	3	37.3008	82078
160.476612	0	65535	3	37.4688	82164
160.476612	0	65535	3	37.4688	82164
160.679712	0	65535	3	37.6719	82268
160.679712	0	65535	3	37.6719	82268
160.808612	0	65535	3	37.8008	82334
160.808612	0	65535	3	37.8008	82334
161.011712	0	65535	3	38.0039	82438
161.011712	0	65535	3	38.0039	82438
161.179712	0	65535	3	38.1719	82524
161.179712	0	65535	3	38.1719	82524
161.347613	0	65535	3	38.3398	82610
161.347613	0	65535	3	38.3398	82610
161.476612	0	65535	3	38.4688	82676
161.476612	0	65535	3	38.4688	82676
161.679712	0	65535	3	38.6719	82780
161.679712	0	65535	3	38.6719	82780
161.847613	0	65535	3	38.8398	82866
161.847613	0	65535	3	38.8398	82866
161.976612	0	65535	3	38.9688	82932
161.976612	0	65535	3	38.9688	82932
162.179712	0	65535	3	39.1719	83036
162.179712	0	65535	3	39.1719	83036
162.347613	0	65535	3	39.3398	83122
162.347613	0	65535	3	39.3398	83122
162.476612	0	65535	3	39.4688	83188
162.476612	0	65535	3	39.4688	83188
162.679712	0	65535	3	39.6719	83292
162.679712	0	65535	3	39.6719	83292
162.847613	0	65535	3	39.8398	83378
162.847613	0	65535	3	39.8398	83378
162.976612	0	65535	3	39.9688	83444
162.976612	0	65535	3	39.9688	83444
163.179712	0	65535	3	40.1719	83548
163.179712	0	65535	3	40.1719	83548
163.347613	0	65535	3	40.3398	83634
163.347613	0	65535	3	40.3398	83634
163.476612	0	65535	3	40.4688	83700
163.476612	0	65535	3	40.4688	83700
163.679712	0	65535	3	40.6719	83804
163.679712	0	65535	3	40.6719	83804
163.847613	0	65535	3	40.8398	83890
163.847613	0	65535	3	40.8398	83890
163.976612	0	65535	3	40.9688	83956
163.976612	0	65535	3	40.9688	83956
164.179712	0	65535	3	41.1719	84060
164.179712	0	65535	3	41.1719	84060
164.347613	0	65535	3	41.3398	84146
164.347613	0	65535	3	41.3398	84146
164.476612	0	65535	3	41.4688	84212
164.476612	0	65535	3	41.4688	84212
164.679712	0	65535	3	41.6719	84316
164.679712	0	65535	3	41.6719	84316
164.847613	0	65535	3	41.8398	84402
164.847613	0	65535	3	41.8398	84402
164.976612	0	65535	3	41.9688	84468
164.976612	0	65535	3	41.9688	84468
165.179712	0	65535	3	42.1719	84572
165.179712	0	65535	3	42.1719	84572
165.347613	0	65535	3	42.3398	84658
165.347613	0	65535	3	42.3398	84658
165.476612	0	65535	3	42.4688	84724
165.476612	0	65535	3	42.4688	84724
165.679712	0	65535	3	42.6719	84828
165.679712	0	65535	3	42.6719	84828
165.847613	0	65535	3	42.8398	84914
165.847613	0	65535	3	42.8398	84914
165.976612	0	65535	3	42.9688	84980
165.976612	0	65535	3	42.9688	84980
166.179712	0	65535	3	43.1719	85084
166.179712	0	65535	3	43.1719	85084
166.347613	0	65535	3	43.3398	85170
166.347613	0	65535	3	43.3398	85170
166.476612	0	65535	3	43.4688	85236
166.476612	0	65535	3	43.4688	85236
166.679712	0	65535	3	43.6719	85340
166.679712	0	65535	3	43.6719	85340
166.847613	0	65535	3	43.8398	85426
166.847613	0	65535	3	43.8398	85426
166.976612	0	65535	3	43.9688	85492
166.976612	0	65535	3	43.9688	85492
167.179712	0	65535	3	44.1719	85596
167.179712	0	65535	3	44.1719	85596
167.347613	0	65535	3	44.3398	85682
167.347613	0	65535	3	44.3398	85682
167.476612	0	65535	3	44.4688	85748
167.476612	0	65535	3	44.4688	85748
167.644513	0	65535	3	44.6367	85834
167.644513	0	65535	3	44.6367	85834
167.847613	0	65535	3	44.8398	85938
167.847613	0	65535	3	44.8398	85938
167.976612	0	65535	3	44.9688	86004
167.976612	0	65535	3	44.9688	86004
168.179712	0	65535	3	45.1719	86108
168.179712	0	65535	3	45.1719	86108
168.347613	0	65535	3	45.3398	86194
168.347613	0	65535	3	45.3398	86194
168.515612	0	65535	3	45.5078	86280
168.515612	0	65535	3	45.5078	86280
168.644513	0	65535	3	45.6367	86346
168.644513	0	65535	3	45.6367	86346
168.847613	0	65535	3	45.8398	86450
168.847613	0	65535	3	45.8398	86450
168.976612	0	65535	3	45.9688	86516
168.976612	0	65535	3	45.9688	86516
169.144513	0	65535	3	46.1367	86602
169.144513	0	65535	3	46.1367	86602
169.347613	0	65535	3	46.3398	86706
169.347613	0	65535	3	46.3398	86706
169.476612	0	65535	3	46.4688	86772
169.476612	0	65535	3	46.4688	86772
169.644513	0	65535	3	46.6367	86858
169.644513	0	65535	3	46.6367	86858
169.847613	0	65535	3	46.8398	86962
169.847613	0	65535	3	46.8398	86962
170.015612	0	65535	3	47.0078	87048
170.015612	0	65535	3	47.0078	87048
170.144513	0	65535	3	47.1367	87114
170.144513	0	65535	3	47.1367	87114
170.347613	0	65535	3	47.3398	87218
170.347613	0	65535	3	47.3398	87218
170.515612	0	65535	3	47.5078	87304
170.515612	0	65535	3	47.5078	87304
170.644513	0	65535	3	47.6367	87370
170.644513	0	65535	3	47.6367	87370
170.847613	0	65535	3	47.8398	87474
170.847613	0	65535	3	47.8398	87474
170.980512	0	65535	3	47.9727	87542
170.980512	0	65535	3	47.9727	87542
171.144513	0	65535	3	48.1367	87626
171.144513	0	65535	3	48.1367	87626
171.347613	0	65535	3	48.3398	87730
171.347613	0	65535	3	48.3398	87730
171.515612	0	65535	3	48.5078	87816
171.515612	0	65535	3	48.5078	87816
171.644513	0	65535	3	48.6367	87882
171.644513	0	65535	3	48.6367	87882
171.847613	0	65535	3	48.8398	87986
171.847613	0	65535	3	48.8398	87986
172.015612	0	65535	3	49.0078	88072
172.015612	0	65535	3	49.0078	88072
172.144513	0	65535	3	49.1367	88138
172.144513	0	65535	3	49.1367	88138
172.347613	0	65535	3	49.3398	88242
172.347613	0	65535	3	49.3398	88242
172.515612	0	65535	3	49.5078	88328
172.515612	0	65535	3	49.5078	88328
172.644513	0	65535	3	49.6367	88394
172.644513	0	65535	3	49.6367	88394
172.847613	0	65535	3	49.8398	88498
172.847613	0	65535	3	49.8398	88498
173.015612	0	65535	3	50.0078	88584
173.015612	0	65535	3	50.0078	88584
173.144513	0	65535	3	50.1367	88650
173.144513	0	65535	3	50.1367	88650
173.347613	0	65535	3	50.3398	88754
173.347613	0	65535	3	50.3398	88754
173.515612	0	65535	3	50.5078	88840
173.515612	0	65535	3	50.5078	88840
173.644513	0	65535	3	50.6367	88906
173.644513	0	65535	3	50.6367	88906
173.847613	0	65535	3	50.8398	89010
173.847613	0	65535	3	50.8398	89010
174.015612	0	65535	3	51.0078	89096
174.015612	0	65535	3	51.0078	89096
174.144513	0	65535	3	51.1367	89162
174.144513	0	65535	3	51.1367	89162
174.347613	0	65535	3	51.3398	89266
174.347613	0	65535	3	51.3398	89266
174.515612	0	65535	3	51.5078	89352
174.515612	0	65535	3	51.5078	89352
174.644513	0	65535	3	51.6367	89418
174.644513	0	65535	3	51.6367	89418
174.812513	0	65535	3	51.8047	89504
174.812513	0	65535	3	51.8047	89504
175.015612	0	65535	3	52.0078	89608
175.015612	0	65535	3	52.0078	89608
175.144513	0	65535	3	52.1367	89674
175.144513	0	65535	3	52.1367	89674
175.347613	0	65535	3	52.3398	89778
175.347613	0	65535	3	52.3398	89778
175.515612	0	65535	3	52.5078	89864
175.515612	0	65535	3	52.5078	89864
175.644513	0	65535	3	52.6367	89930
175.644513	0	65535	3	52.6367	89930
175.847613	0	65535	3	52.8398	90034
175.847613	0	65535	3	52.8398	90034
176.015612	0	65535	3	53.0078	90120
176.015612	0	65535	3	53.0078	90120
176.144513	0	65535	3	53.1367	90186
176.144513	0	65535	3	53.1367	90186
176.312513	0	65535	3	53.3047	90272
176.312513	0	65535	3	53.3047	90272
176.515612	0	65535	3	53.5078	90376
176.515612	0	65535	3	53.5078	90376
176.644513	0	65535	3	53.6367	90442
176.644513	0	65535	3	53.6367	90442
176.847613	0	65535	3	53.8398	90546
176.847613	0	65535	3	53.8398	90546
177.015612	0	65535	3	54.0078	90632
177.015612	0	65535	3	54.0078	90632
177.183612	0	65535	3	54.1758	90718
177.183612	0	65535	3	54.1758	90718
177.312513	0	65535	3	54.3047	90784
177.312513	0	65535	3	54.3047	90784
177.515612	0	65535	3	54.5078	90888
177.515612	0	65535	3	54.5078	90888
177.683612	0	65535	3	54.6758	90974
177.683612	0	65535	3	54.6758	90974
177.812513	0	65535	3	54.8047	91040
177.812513	0	65535	3	54.8047	91040
178.015612	0	65535	3	55.0078	91144
178.015612	0	65535	3	55.0078	91144
178.144513	0	65535	3	55.1367	91210
178.144513	0	65535	3	55.1367	91210
178.312513	0	65535	3	55.3047	91296
178.312513	0	65535	3	55.3047	91296
178.515612	0	65535	3	55.5078	91400
178.515612	0	65535	3	55.5078	91400
178.683612	0	65535	3	55.6758	91486
178.683612	0	65535	3	55.6758	91486
178.812513	0	65535	3	55.8047	91552
178.812513	0	65535	3	55.8047	91552
179.015612	0	65535	3	56.0078	91656
179.015612	0	65535	3	56.0078	91656
179.183612	0	65535	3	56.1758	91742
179.183612	0	65535	3	56.1758	91742
179.312513	0	65535	3	56.3047	91808
179.312513	0	65535	3	56.3047	91808
179.515612	0	65535	3	56.5078	91912
179.515612	0	65535	3	56.5078	91912
179.683612	0	65535	3	56.6758	91998
179.683612	0	65535	3	56.6758	91998
179.812513	0	65535	3	56.8047	92064
179.812513	0	65535	3	56.8047	92064
180.015612	0	65535	3	57.0078	92168
180.015612	0	65535	3	57.0078	92168
180.183612	0	65535	3	57.1758	92254
180.183612	0	65535	3	57.1758	92254
180.312513	0	65535	3	57.3047	92320
180.312513	0	65535	3	57.3047	92320
180.515612	0	65535	3	57.5078	92424
180.515612	0	65535	3	57.5078	92424
180.683612	0	65535	3	57.6758	92510
180.683612	0	65535	3	57.6758	92510
180.812513	0	65535	3	57.8047	92576
180.812513	0	65535	3	57.8047	92576
181.015612	0	65535	3	58.0078	92680
181.015612	0	65535	3	58.0078	92680
181.183612	0	65535	3	58.1758	92766
181.183612	0	65535	3	58.1758	92766
181.312513	0	65535	3	58.3047	92832
181.312513	0	65535	3	58.3047	92832
181.515612	0	65535	3	58.5078	92936
181.515612	0	65535	3	58.5078	92936
181.683612	0	65535	3	58.6758	93022
181.683612	0	65535	3	58.6758	93022
181.812513	0	65535	3	58.8047	93088
181.812513	0	65535	3	58.8047	93088
181.980512	0	65535	3	58.9727	93174
181.980512	0	65535	3	58.9727	93174
182.183612	0	65535	3	59.1758	93278
182.183612	0	65535	3	59.1758	93278
182.312513	0	65535	3	59.3047	93344
182.312513	0	65535	3	59.3047	93344
182.515612	0	65535	3	59.5078	93448
182.515612	0	65535	3	59.5078	93448
182.683612	0	65535	3	59.6758	93534
182.683612	0	65535	3	59.6758	93534
182.812513	0	65535	3	59.8047	93600
182.812513	0	65535	3	59.8047	93600
183.015612	0	65535	3	60.0078	93704
183.015612	0	65535	3	60.0078	93704
183.183612	0	65535	3	60.1758	93790
183.183612	0	65535	3	60.1758	93790
183.312513	0	65535	3	60.3047	93856
183.312513	0	65535	3	60.3047	93856
183.480512	0	65535	3	60.4727	93942
183.480512	0	65535	3	60.4727	93942
183.683612	0	65535	3	60.6758	94046
183.683612	0	65535	3	60.6758	94046
183.812513	0	65535	3	60.8047	94112
183.812513	0	65535	3	60.8047	94112
184.015612	0	65535	3	61.0078	94216
184.015612	0	65535	3	61.0078	94216
184.183612	0	65535	3	61.1758	94302
184.183612	0	65535	3	61.1758	94302
184.351612	0	65535	3	61.3438	94388
184.351612	0	65535	3	61.3438	94388
184.480512	0	65535	3	61.4727	94454
184.480512	0	65535	3	61.4727	94454
184.683612	0	65535	3	61.6758	94558
184.683612	0	65535	3	61.6758	94558
184.812513	0	65535	3	61.8047	94624
184.812513	0	65535	3	61.8047	94624
184.980512	0	65535	3	61.9727	94710
184.980512	0	65535	3	61.9727	94710
185.183612	0	65535	3	62.1758	94814
185.183612	0	65535	3	62.1758	94814
185.351612	0	65535	3	62.3438	94900
185.351612	0	65535	3	62.3438	94900
185.480512	0	65535	3	62.4727	94966
185.480512	0	65535	3	62.4727	94966
185.683612	0	65535	3	62.6758	95070
185.683612	0	65535	3	62.6758	95070
185.851612	0	65535	3	62.8438	95156
185.851612	0	65535	3	62.8438	95156
185.980512	0	65535	3	62.9727	95222
185.980512	0	65535	3	62.9727	95222
186.183612	0	65535	3	63.1758	95326
186.183612	0	65535	3	63.1758	95326
186.351612	0	65535	3	63.3438	95412
186.351612	0	65535	3	63.3438	95412
186.480512	0	65535	3	63.4727	95478
186.480512	0	65535	3	63.4727	95478
186.683612	0	65535	3	63.6758	95582
186.683612	0	65535	3	63.6758	95582
186.851612	0	65535	3	63.8438	95668
186.851612	0	65535	3	63.8438	95668
186.980512	0	65535	3	63.9727	95734
186.980512	0	65535	3	63.9727	95734
187.183612	0	65535	3	64.1758	95838
187.183612	0	65535	3	64.1758	95838
187.351612	0	65535	3	64.3438	95924
187.351612	0	65535	3	64.3438	95924
187.480512	0	65535	3	64.4727	95990
187.480512	0	65535	3	64.4727	95990
187.511719	0	65535	4	2.0	96006
187.511719	0	65535	4	2.0	96006
187.640619	0	65535	4	2.1289	96072
187.640619	0	65535	4	2.1289	96072
187.808519	0	65535	4	2.2968	96158
187.808519	0	65535	4	2.2968	96158
188.011719	0	65535	4	2.5	96262
188.011719	0	65535	4	2.5	96262
188.140619	0	65535	4	2.6289	96328
188.140619	0	65535	4	2.6289	96328
188.308519	0	65535	4	2.7968	96414
188.308519	0	65535	4	2.7968	96414
188.511719	0	65535	4	3.0	96518
188.511719	0	65535	4	3.0	96518
188.679619	0	65535	4	3.1679	96604
188.679619	0	65535	4	3.1679	96604
188.808519	0	65535	4	3.2968	96670
188.808519	0	65535	4	3.2968	96670
189.011719	0	65535	4	3.5	96774
189.011719	0	65535	4	3.5	96774
189.140619	0	65535	4	3.6289	96840
189.140619	0	65535	4	3.6289	96840
189.308519	0	65535	4	3.7968	96926
189.308519	0	65535	4	3.7968	96926
189.511719	0	65535	4	4.0	97030
189.511719	0	65535	4	4.0	97030
189.679619	0	65535	4	4.1679	97116
189.679619	0	65535	4	4.1679	97116
189.808519	0	65535	4	4.2968	97182
189.808519	0	65535	4	4.2968	97182
190.011719	0	65535	4	4.5	97286
190.011719	0	65535	4	4.5	97286
190.179619	0	65535	4	4.6679	97372
190.179619	0	65535	4	4.6679	97372
190.308519	0	65535	4	4.7968	97438
190.308519	0	65535	4	4.7968	97438
190.511719	0	65535	4	5.0	97542
190.511719	0	65535	4	5.0	97542
190.640619	0	65535	4	5.1289	97608
190.640619	0	65535	4	5.1289	97608
190.808519	0	65535	4	5.2968	97694
190.808519	0	65535	4	5.2968	97694
191.011719	0	65535	4	5.5	97798
191.011719	0	65535	4	5.5	97798
191.140619	0	65535	4	5.6289	97864
191.140619	0	65535	4	5.6289	97864
191.308519	0	65535	4	5.7968	97950
191.308519	0	65535	4	5.7968	97950
191.511719	0	65535	4	6.0	98054
191.511719	0	65535	4	6.0	98054
191.679619	0	65535	4	6.1679	98140
191.679619	0	65535	4	6.1679	98140
191.808519	0	65535	4	6.2968	98206
191.808519	0	65535	4	6.2968	98206
192.011719	0	65535	4	6.5	98310
192.011719	0	65535	4	6.5	98310
192.179619	0	65535	4	6.6679	98396
192.179619	0	65535	4	6.6679	98396
192.308519	0	65535	4	6.7968	98462
192.308519	0	65535	4	6.7968	98462
192.476519	0	65535	4	6.9648	98548
192.476519	0	65535	4	6.9648	98548
192.679619	0	65535	4	7.1679	98652
192.679619	0	65535	4	7.1679	98652
192.808519	0	65535	4	7.2968	98718
192.808519	0	65535	4	7.2968	98718
192.976519	0	65535	4	7.4648	98804
192.976519	0	65535	4	7.4648	98804
193.179619	0	65535	4	7.6679	98908
193.179619	0	65535	4	7.6679	98908
193.308519	0	65535	4	7.7968	98974
193.308519	0	65535	4	7.7968	98974
193.476519	0	65535	4	7.9648	99060
193.476519	0	65535	4	7.9648	99060
193.679619	0	65535	4	8.1679	99164
193.679619	0	65535	4	8.1679	99164
193.804619	0	65535	4	8.2929	99228
193.804619	0	65535	4	8.2929	99228
193.976519	0	65535	4	8.4648	99316
193.976519	0	65535	4	8.4648	99316
194.179619	0	65535	4	8.6679	99420
194.179619	0	65535	4	8.6679	99420
194.308519	0	65535	4	8.7968	99486
194.308519	0	65535	4	8.7968	99486
194.476519	0	65535	4	8.9648	99572
194.476519	0	65535	4	8.9648	99572
194.679619	0	65535	4	9.1679	99676
194.679619	0	65535	4	9.1679	99676
194.808519	0	65535	4	9.2968	99742
194.808519	0	65535	4	9.2968	99742
194.976519	0	65535	4	9.4648	99828
194.976519	0	65535	4	9.4648	99828
195.179619	0	65535	4	9.6679	99932
195.179619	0	65535	4	9.6679	99932
195.308519	0	65535	4	9.7968	99998
195.308519	0	65535	4	9.7968	99998
195.476519	0	65535	4	9.9648	100084
195.476519	0	65535	4	9.9648	100084
195.679619	0	65535	4	10.1679	100188
195.679619	0	65535	4	10.1679	100188
195.808519	0	65535	4	10.2968	100254
195.808519	0	65535	4	10.2968	100254
195.976519	0	65535	4	10.4648	100340
195.976519	0	65535	4	10.4648	100340
196.179619	0	65535	4	10.6679	100444
196.179619	0	65535	4	10.6679	100444
196.308519	0	65535	4	10.7968	100510
196.308519	0	65535	4	10.7968	100510
196.476519	0	65535	4	10.9648	100596
196.476519	0	65535	4	10.9648	100596
196.679619	0	65535	4	11.1679	100700
196.679619	0	65535	4	11.1679	100700
196.847619	0	65535	4	11.3359	100786
196.847619	0	65535	4	11.3359	100786
196.976519	0	65535	4	11.4648	100852
196.976519	0	65535	4	11.4648	100852
197.179619	0	65535	4	11.6679	100956
197.179619	0	65535	4	11.6679	100956
197.347619	0	65535	4	11.8359	101042
197.347619	0	65535	4	11.8359	101042
197.476519	0	65535	4	11.9648	101108
197.476519	0	65535	4	11.9648	101108
197.679619	0	65535	4	12.1679	101212
197.679619	0	65535	4	12.1679	101212
197.808519	0	65535	4	12.2968	101278
197.808519	0	65535	4	12.2968	101278
197.976519	0	65535	4	12.4648	101364
197.976519	0	65535	4	12.4648	101364
198.179619	0	65535	4	12.6679	101468
198.179619	0	65535	4	12.6679	101468
198.308519	0	65535	4	12.7968	101534
198.308519	0	65535	4	12.7968	101534
198.476519	0	65535	4	12.9648	101620
198.476519	0	65535	4	12.9648	101620
198.679619	0	65535	4	13.1679	101724
198.679619	0	65535	4	13.1679	101724
198.847619	0	65535	4	13.3359	101810
198.847619	0	65535	4	13.3359	101810
198.976519	0	65535	4	13.4648	101876
198.976519	0	65535	4	13.4648	101876
199.179619	0	65535	4	13.6679	101980
199.179619	0	65535	4	13.6679	101980
199.308519	0	65535	4	13.7968	102046
199.308519	0	65535	4	13.7968	102046
199.476519	0	65535	4	13.9648	102132
199.476519	0	65535	4	13.9648	102132
199.644519	0	65535	4	14.1328	102218
199.644519	0	65535	4	14.1328	102218
199.847619	0	65535	4	14.3359	102322
199.847619	0	65535	4	14.3359	102322
199.976519	0	65535	4	14.4648	102388
199.976519	0	65535	4	14.4648	102388
200.179619	0	65535	4	14.6679	102492
200.179619	0	65535	4	14.6679	102492
200.347619	0	65535	4	14.8359	102578
200.347619	0	65535	4	14.8359	102578
200.476519	0	65535	4	14.9648	102644
200.476519	0	65535	4	14.9648	102644
200.679619	0	65535	4	15.1679	102748
200.679619	0	65535	4	15.1679	102748
200.847619	0	65535	4	15.3359	102834
200.847619	0	65535	4	15.3359	102834
200.976519	0	65535	4	15.4648	102900
200.976519	0	65535	4	15.4648	102900
201.144519	0	65535	4	15.6328	102986
201.144519	0	65535	4	15.6328	102986
201.347619	0	65535	4	15.8359	103090
201.347619	0	65535	4	15.8359	103090
201.476519	0	65535	4	15.9648	103156
201.476519	0	65535	4	15.9648	103156
201.644519	0	65535	4	16.1328	103242
201.644519	0	65535	4	16.1328	103242
201.847619	0	65535	4	16.3359	103346
201.847619	0	65535	4	16.3359	103346
201.976519	0	65535	4	16.4648	103412
201.976519	0	65535	4	16.4648	103412
202.144519	0	65535	4	16.6328	103498
202.144519	0	65535	4	16.6328	103498
202.347619	0	65535	4	16.8359	103602
202.347619	0	65535	4	16.8359	103602
202.476519	0	65535	4	16.9648	103668
202.476519	0	65535	4	16.9648	103668
202.644519	0	65535	4	17.1328	103754
202.644519	0	65535	4	17.1328	103754
202.847619	0	65535	4	17.3359	103858
202.847619	0	65535	4	17.3359	103858
202.976519	0	65535	4	17.4648	103924
202.976519	0	65535	4	17.4648	103924
203.144519	0	65535	4	17.6328	104010
203.144519	0	65535	4	17.6328	104010
203.347619	0	65535	4	17.8359	104114
203.347619	0	65535	4	17.8359	104114
203.476519	0	65535	4	17.9648	104180
203.476519	0	65535	4	17.9648	104180
203.644519	0	65535	4	18.1328	104266
203.644519	0	65535	4	18.1328	104266
203.847619	0	65535	4	18.3359	104370
203.847619	0	65535	4	18.3359	104370
203.976519	0	65535	4	18.4648	104436
203.976519	0	65535	4	18.4648	104436
204.144519	0	65535	4	18.6328	104522
204.144519	0	65535	4	18.6328	104522
204.347619	0	65535	4	18.8359	104626
204.347619	0	65535	4	18.8359	104626
204.476519	0	65535	4	18.9648	104692
204.476519	0	65535	4	18.9648	104692
204.644519	0	65535	4	19.1328	104778
204.644519	0	65535	4	19.1328	104778
204.847619	0	65535	4	19.3359	104882
204.847619	0	65535	4	19.3359	104882
204.976519	0	65535	4	19.4648	104948
204.976519	0	65535	4	19.4648	104948
205.144519	0	65535	4	19.6328	105034
205.144519	0	65535	4	19.6328	105034
205.347619	0	65535	4	19.8359	105138
205.347619	0	65535	4	19.8359	105138
205.476519	0	65535	4	19.9648	105204
205.476519	0	65535	4	19.9648	105204
205.644519	0	65535	4	20.1328	105290
205.644519	0	65535	4	20.1328	105290
205.847619	0	65535	4	20.3359	105394
205.847619	0	65535	4	20.3359	105394
206.015619	0	65535	4	20.5039	105480
206.015619	0	65535	4	20.5039	105480
206.144519	0	65535	4	20.6328	105546
206.144519	0	65535	4	20.6328	105546
206.347619	0	65535	4	20.8359	105650
206.347619	0	65535	4	20.8359	105650
206.476519	0	65535	4	20.9648	105716
206.476519	0	65535	4	20.9648	105716
206.644519	0	65535	4	21.1328	105802
206.644519	0	65535	4	21.1328	105802
206.812419	0	65535	4	21.3007	105888
206.812419	0	65535	4	21.3007	105888
207.015619	0	65535	4	21.5039	105992
207.015619	0	65535	4	21.5039	105992
207.144519	0	65535	4	21.6328	106058
207.144519	0	65535	4	21.6328	106058
207.347619	0	65535	4	21.8359	106162
207.347619	0	65535	4	21.8359	106162
207.515619	0	65535	4	22.0039	106248
207.515619	0	65535	4	22.0039	106248
207.644519	0	65535	4	22.1328	106314
207.644519	0	65535	4	22.1328	106314
207.812419	0	65535	4	22.3007	106400
207.812419	0	65535	4	22.3007	106400
208.015619	0	65535	4	22.5039	106504
208.015619	0	65535	4	22.5039	106504
208.144519	0	65535	4	22.6328	106570
208.144519	0	65535	4	22.6328	106570
208.312419	0	65535	4	22.8007	106656
208.312419	0	65535	4	22.8007	106656
208.515619	0	65535	4	23.0039	106760
208.515619	0	65535	4	23.0039	106760
208.644519	0	65535	4	23.1328	106826
208.644519	0	65535	4	23.1328	106826
208.812419	0	65535	4	23.3007	106912
208.812419	0	65535	4	23.3007	106912
209.015619	0	65535	4	23.5039	107016
209.015619	0	65535	4	23.5039	107016
209.144519	0	65535	4	23.6328	107082
209.144519	0	65535	4	23.6328	107082
209.312419	0	65535	4	23.8007	107168
209.312419	0	65535	4	23.8007	107168
209.515619	0	65535	4	24.0039	107272
209.515619	0	65535	4	24.0039	107272
209.644519	0	65535	4	24.1328	107338
209.644519	0	65535	4	24.1328	107338
209.847619	0	65535	4	24.3359	107442
209.847619	0	65535	4	24.3359	107442
210.015619	0	65535	4	24.5039	107528
210.015619	0	65535	4	24.5039	107528
210.144519	0	65535	4	24.6328	107594
210.144519	0	65535	4	24.6328	107594
210.312419	0	65535	4	24.8007	107680
210.312419	0	65535	4	24.8007	107680
210.515619	0	65535	4	25.0039	107784
210.515619	0	65535	4	25.0039	107784
210.644519	0	65535	4	25.1328	107850
210.644519	0	65535	4	25.1328	107850
210.812419	0	65535	4	25.3007	107936
210.812419	0	65535	4	25.3007	107936
211.015619	0	65535	4	25.5039	108040
211.015619	0	65535	4	25.5039	108040
211.144519	0	65535	4	25.6328	108106
211.144519	0	65535	4	25.6328	108106
211.312419	0	65535	4	25.8007	108192
211.312419	0	65535	4	25.8007	108192
211.515619	0	65535	4	26.0039	108296
211.515619	0	65535	4	26.0039	108296
211.644519	0	65535	4	26.1328	108362
211.644519	0	65535	4	26.1328	108362
211.812419	0	65535	4	26.3007	108448
211.812419	0	65535	4	26.3007	108448
212.015619	0	65535	4	26.5039	108552
212.015619	0	65535	4	26.5039	108552
212.144519	0	65535	4	26.6328	108618
212.144519	0	65535	4	26.6328	108618
212.312419	0	65535	4	26.8007	108704
212.312419	0	65535	4	26.8007	108704
212.515619	0	65535	4	27.0039	108808
212.515619	0	65535	4	27.0039	108808
212.644519	0	65535	4	27.1328	108874
212.644519	0	65535	4	27.1328	108874
212.812419	0	65535	4	27.3007	108960
212.812419	0	65535	4	27.3007	108960
213.015619	0	65535	4	27.5039	109064
213.015619	0	65535	4	27.5039	109064
213.183519	0	65535	4	27.6718	109150
213.183519	0	65535	4	27.6718	109150
213.312419	0	65535	4	27.8007	109216
213.312419	0	65535	4	27.8007	109216
213.515619	0	65535	4	28.0039	109320
213.515619	0	65535	4	28.0039	109320
213.644519	0	65535	4	28.1328	109386
213.644519	0	65535	4	28.1328	109386
213.812419	0	65535	4	28.3007	109472
213.812419	0	65535	4	28.3007	109472
213.980419	0	65535	4	28.4687	109558
213.980419	0	65535	4	28.4687	109558
214.183519	0	65535	4	28.6718	109662
214.183519	0	65535	4	28.6718	109662
214.312419	0	65535	4	28.8007	109728
214.312419	0	65535	4	28.8007	109728
214.515619	0	65535	4	29.0039	109832
214.515619	0	65535	4	29.0039	109832
214.683519	0	65535	4	29.1718	109918
214.683519	0	65535	4	29.1718	109918
214.812419	0	65535	4	29.3007	109984
214.812419	0	65535	4	29.3007	109984
214.980419	0	65535	4	29.4687	110070
214.980419	0	65535	4	29.4687	110070
215.144519	0	65535	4	29.6328	110154
215.144519	0	65535	4	29.6328	110154
215.312419	0	65535	4	29.8007	110240
215.312419	0	65535	4	29.8007	110240
215.480419	0	65535	4	29.9687	110326
215.480419	0	65535	4	29.9687	110326
215.683519	0	65535	4	30.1718	110430
215.683519	0	65535	4	30.1718	110430
215.812419	0	65535	4	30.3007	110496
215.812419	0	65535	4	30.3007	110496
215.980419	0	65535	4	30.4687	110582
215.980419	0	65535	4	30.4687	110582
216.183519	0	65535	4	30.6718	110686
216.183519	0	65535	4	30.6718	110686
216.312419	0	65535	4	30.8007	110752
216.312419	0	65535	4	30.8007	110752
216.480419	0	65535	4	30.9687	110838
216.480419	0	65535	4	30.9687	110838
216.683519	0	65535	4	31.1718	110942
216.683519	0	65535	4	31.1718	110942
216.812419	0	65535	4	31.3007	111008
216.812419	0	65535	4	31.3007	111008
216.980419	0	65535	4	31.4687	111094
216.980419	0	65535	4	31.4687	111094
217.183519	0	65535	4	31.6718	111198
217.183519	0	65535	4	31.6718	111198
217.312419	0	65535	4	31.8007	111264
217.312419	0	65535	4	31.8007	111264
217.480419	0	65535	4	31.9687	111350
217.480419	0	65535	4	31.9687	111350
217.683519	0	65535	4	32.1718	111454
217.683519	0	65535	4	32.1718	111454
217.812419	0	65535	4	32.3007	111520
217.812419	0	65535	4	32.3007	111520
217.980419	0	65535	4	32.4687	111606
217.980419	0	65535	4	32.4687	111606
218.183519	0	65535	4	32.6718	111710
218.183519	0	65535	4	32.6718	111710
218.312419	0	65535	4	32.8007	111776
218.312419	0	65535	4	32.8007	111776
218.480419	0	65535	4	32.9687	111862
218.480419	0	65535	4	32.9687	111862
218.683519	0	65535	4	33.1718	111966
218.683519	0	65535	4	33.1718	111966
218.812419	0	65535	4	33.3007	112032
218.812419	0	65535	4	33.3007	112032
218.980419	0	65535	4	33.4687	112118
218.980419	0	65535	4	33.4687	112118
219.183519	0	65535	4	33.6718	112222
219.183519	0	65535	4	33.6718	112222
219.312419	0	65535	4	33.8007	112288
219.312419	0	65535	4	33.8007	112288
219.480419	0	65535	4	33.9687	112374
219.480419	0	65535	4	33.9687	112374
219.683519	0	65535	4	34.1718	112478
219.683519	0	65535	4	34.1718	112478
219.812419	0	65535	4	34.3007	112544
219.812419	0	65535	4	34.3007	112544
219.980419	0	65535	4	34.4687	112630
219.980419	0	65535	4	34.4687	112630
220.183519	0	65535	4	34.6718	112734
220.183519	0	65535	4	34.6718	112734
220.312419	0	65535	4	34.8007	112800
220.312419	0	65535	4	34.8007	112800
220.480419	0	65535	4	34.9687	112886
220.480419	0	65535	4	34.9687	112886
220.648419	0	65535	4	35.1367	112972
220.648419	0	65535	4	35.1367	112972
220.812419	0	65535	4	35.3007	113056
220.812419	0	65535	4	35.3007	113056
220.980419	0	65535	4	35.4687	113142
220.980419	0	65535	4	35.4687	113142
221.148419	0	65535	4	35.6367	113228
221.148419	0	65535	4	35.6367	113228
221.351519	0	65535	4	35.8398	113332
221.351519	0	65535	4	35.8398	113332
221.480419	0	65535	4	35.9687	113398
221.480419	0	65535	4	35.9687	113398
221.683519	0	65535	4	36.1718	113502
221.683519	0	65535	4	36.1718	113502
221.851519	0	65535	4	36.3398	113588
221.851519	0	65535	4	36.3398	113588
221.980419	0	65535	4	36.4687	113654
221.980419	0	65535	4	36.4687	113654
222.148419	0	65535	4	36.6367	113740
222.148419	0	65535	4	36.6367	113740
222.312419	0	65535	4	36.8007	113824
222.312419	0	65535	4	36.8007	113824
222.480419	0	65535	4	36.9687	113910
222.480419	0	65535	4	36.9687	113910
222.648419	0	65535	4	37.1367	113996
222.648419	0	65535	4	37.1367	113996
222.851519	0	65535	4	37.3398	114100
222.851519	0	65535	4	37.3398	114100
222.980419	0	65535	4	37.4687	114166
222.980419	0	65535	4	37.4687	114166
223.183519	0	65535	4	37.6718	114270
223.183519	0	65535	4	37.6718	114270
223.351519	0	65535	4	37.8398	114356
223.351519	0	65535	4	37.8398	114356
223.480419	0	65535	4	37.9687	114422
223.480419	0	65535	4	37.9687	114422
223.648419	0	65535	4	38.1367	114508
223.648419	0	65535	4	38.1367	114508
223.851519	0	65535	4	38.3398	114612
223.851519	0	65535	4	38.3398	114612
223.980419	0	65535	4	38.4687	114678
223.980419	0	65535	4	38.4687	114678
224.148419	0	65535	4	38.6367	114764
224.148419	0	65535	4	38.6367	114764
224.351519	0	65535	4	38.8398	114868
224.351519	0	65535	4	38.8398	114868
224.480419	0	65535	4	38.9687	114934
224.480419	0	65535	4	38.9687	114934
224.648419	0	65535	4	39.1367	115020
224.648419	0	65535	4	39.1367	115020
224.851519	0	65535	4	39.3398	115124
224.851519	0	65535	4	39.3398	115124
224.980419	0	65535	4	39.4687	115190
224.980419	0	65535	4	39.4687	115190
225.148419	0	65535	4	39.6367	115276
225.148419	0	65535	4	39.6367	115276
225.351519	0	65535	4	39.8398	115380
225.351519	0	65535	4	39.8398	115380
225.480419	0	65535	4	39.9687	115446
225.480419	0	65535	4	39.9687	115446
225.648419	0	65535	4	40.1367	115532
225.648419	0	65535	4	40.1367	115532
225.847619	0	65535	4	40.3359	115634
225.847619	0	65535	4	40.3359	115634
225.980419	0	65535	4	40.4687	115702
225.980419	0	65535	4	40.4687	115702
226.148419	0	65535	4	40.6367	115788
226.148419	0	65535	4	40.6367	115788
226.351519	0	65535	4	40.8398	115892
226.351519	0	65535	4	40.8398	115892
226.480419	0	65535	4	40.9687	115958
226.480419	0	65535	4	40.9687	115958
226.648419	0	65535	4	41.1367	116044
226.648419	0	65535	4	41.1367	116044
226.851519	0	65535	4	41.3398	116148
226.851519	0	65535	4	41.3398	116148
226.980419	0	65535	4	41.4687	116214
226.980419	0	65535	4	41.4687	116214
227.148419	0	65535	4	41.6367	116300
227.148419	0	65535	4	41.6367	116300
227.351519	0	65535	4	41.8398	116404
227.351519	0	65535	4	41.8398	116404
227.480419	0	65535	4	41.9687	116470
227.480419	0	65535	4	41.9687	116470
227.648419	0	65535	4	42.1367	116556
227.648419	0	65535	4	42.1367	116556
227.855419	0	65535	4	42.3437	116662
227.855419	0	65535	4	42.3437	116662
227.980419	0	65535	4	42.4687	116726
227.980419	0	65535	4	42.4687	116726
228.148419	0	65535	4	42.6367	116812
228.148419	0	65535	4	42.6367	116812
228.351519	0	65535	4	42.8398	116916
228.351519	0	65535	4	42.8398	116916
228.480419	0	65535	4	42.9687	116982
228.480419	0	65535	4	42.9687	116982
228.648419	0	65535	4	43.1367	117068
228.648419	0	65535	4	43.1367	117068
228.855419	0	65535	4	43.3437	117174
228.855419	0	65535	4	43.3437	117174
229.019519	0	65535	4	43.5078	117258
229.019519	0	65535	4	43.5078	117258
229.148419	0	65535	4	43.6367	117324
229.148419	0	65535	4	43.6367	117324
229.316319	0	65535	4	43.8046	117410
229.316319	0	65535	4	43.8046	117410
229.480419	0	65535	4	43.9687	117494
229.480419	0	65535	4	43.9687	117494
229.648419	0	65535	4	44.1367	117580
229.648419	0	65535	4	44.1367	117580
229.816319	0	65535	4	44.3046	117666
229.816319	0	65535	4	44.3046	117666
230.019519	0	65535	4	44.5078	117770
230.019519	0	65535	4	44.5078	117770
230.148419	0	65535	4	44.6367	117836
230.148419	0	65535	4	44.6367	117836
230.355419	0	65535	4	44.8437	117942
230.355419	0	65535	4	44.8437	117942
230.519519	0	65535	4	45.0078	118026
230.519519	0	65535	4	45.0078	118026
230.648419	0	65535	4	45.1367	118092
230.648419	0	65535	4	45.1367	118092
230.816319	0	65535	4	45.3046	118178
230.816319	0	65535	4	45.3046	118178
231.019519	0	65535	4	45.5078	118282
231.019519	0	65535	4	45.5078	118282
231.148419	0	65535	4	45.6367	118348
231.148419	0	65535	4	45.6367	118348
231.316319	0	65535	4	45.8046	118434
231.316319	0	65535	4	45.8046	118434
231.519519	0	65535	4	46.0078	118538
231.519519	0	65535	4	46.0078	118538
231.648419	0	65535	4	46.1367	118604
231.648419	0	65535	4	46.1367	118604
231.816319	0	65535	4	46.3046	118690
231.816319	0	65535	4	46.3046	118690
232.019519	0	65535	4	46.5078	118794
232.019519	0	65535	4	46.5078	118794
232.148419	0	65535	4	46.6367	118860
232.148419	0	65535	4	46.6367	118860
232.316319	0	65535	4	46.8046	118946
232.316319	0	65535	4	46.8046	118946
232.519519	0	65535	4	47.0078	119050
232.519519	0	65535	4	47.0078	119050
232.648419	0	65535	4	47.1367	119116
232.648419	0	65535	4	47.1367	119116
232.816319	0	65535	4	47.3046	119202
232.816319	0	65535	4	47.3046	119202
233.019519	0	65535	4	47.5078	119306
233.019519	0	65535	4	47.5078	119306
233.148419	0	65535	4	47.6367	119372
233.148419	0	65535	4	47.6367	119372
233.316319	0	65535	4	47.8046	119458
233.316319	0	65535	4	47.8046	119458
233.519519	0	65535	4	48.0078	119562
233.519519	0	65535	4	48.0078	119562
233.648419	0	65535	4	48.1367	119628
233.648419	0	65535	4	48.1367	119628
233.816319	0	65535	4	48.3046	119714
233.816319	0	65535	4	48.3046	119714
234.019519	0	65535	4	48.5078	119818
234.019519	0	65535	4	48.5078	119818
234.148419	0	65535	4	48.6367	119884
234.148419	0	65535	4	48.6367	119884
234.316319	0	65535	4	48.8046	119970
234.316319	0	65535	4	48.8046	119970
234.519519	0	65535	4	49.0078	120074
234.519519	0	65535	4	49.0078	120074
234.648419	0	65535	4	49.1367	120140
234.648419	0	65535	4	49.1367	120140
234.816319	0	65535	4	49.3046	120226
234.816319	0	65535	4	49.3046	120226
234.984319	0	65535	4	49.4726	120312
234.984319	0	65535	4	49.4726	120312
235.148419	0	65535	4	49.6367	120396
235.148419	0	65535	4	49.6367	120396
235.316319	0	65535	4	49.8046	120482
235.316319	0	65535	4	49.8046	120482
235.519519	0	65535	4	50.0078	120586
235.519519	0	65535	4	50.0078	120586
235.687419	0	65535	4	50.1757	120672
235.687419	0	65535	4	50.1757	120672
235.816319	0	65535	4	50.3046	120738
235.816319	0	65535	4	50.3046	120738
236.019519	0	65535	4	50.5078	120842
236.019519	0	65535	4	50.5078	120842
236.148419	0	65535	4	50.6367	120908
236.148419	0	65535	4	50.6367	120908
236.316319	0	65535	4	50.8046	120994
236.316319	0	65535	4	50.8046	120994
236.484319	0	65535	4	50.9726	121080
236.484319	0	65535	4	50.9726	121080
236.648419	0	65535	4	51.1367	121164
236.648419	0	65535	4	51.1367	121164
236.816319	0	65535	4	51.3046	121250
236.816319	0	65535	4	51.3046	121250
237.019519	0	65535	4	51.5078	121354
237.019519	0	65535	4	51.5078	121354
237.187419	0	65535	4	51.6757	121440
237.187419	0	65535	4	51.6757	121440
237.316319	0	65535	4	51.8046	121506
237.316319	0	65535	4	51.8046	121506
237.484319	0	65535	4	51.9726	121592
237.484319	0	65535	4	51.9726	121592
237.687419	0	65535	4	52.1757	121696
237.687419	0	65535	4	52.1757	121696
237.816319	0	65535	4	52.3046	121762
237.816319	0	65535	4	52.3046	121762
237.984319	0	65535	4	52.4726	121848
237.984319	0	65535	4	52.4726	121848
238.187419	0	65535	4	52.6757	121952
238.187419	0	65535	4	52.6757	121952
238.316319	0	65535	4	52.8046	122018
238.316319	0	65535	4	52.8046	122018
238.484319	0	65535	4	52.9726	122104
238.484319	0	65535	4	52.9726	122104
238.687419	0	65535	4	53.1757	122208
238.687419	0	65535	4	53.1757	122208
238.816319	0	65535	4	53.3046	122274
238.816319	0	65535	4	53.3046	122274
238.984319	0	65535	4	53.4726	122360
238.984319	0	65535	4	53.4726	122360
239.187419	0	65535	4	53.6757	122464
239.187419	0	65535	4	53.6757	122464
239.316319	0	65535	4	53.8046	122530
239.316319	0	65535	4	53.8046	122530
239.484319	0	65535	4	53.9726	122616
239.484319	0	65535	4	53.9726	122616
239.687419	0	65535	4	54.1757	122720
239.687419	0	65535	4	54.1757	122720
239.816319	0	65535	4	54.3046	122786
239.816319	0	65535	4	54.3046	122786
239.984319	0	65535	4	54.4726	122872
239.984319	0	65535	4	54.4726	122872
240.187419	0	65535	4	54.6757	122976
240.187419	0	65535	4	54.6757	122976
240.316319	0	65535	4	54.8046	123042
240.316319	0	65535	4	54.8046	123042
240.484319	0	65535	4	54.9726	123128
240.484319	0	65535	4	54.9726	123128
240.687419	0	65535	4	55.1757	123232
240.687419	0	65535	4	55.1757	123232
240.816319	0	65535	4	55.3046	123298
240.816319	0	65535	4	55.3046	123298
240.984319	0	65535	4	55.4726	123384
240.984319	0	65535	4	55.4726	123384
241.187419	0	65535	4	55.6757	123488
241.187419	0	65535	4	55.6757	123488
241.316319	0	65535	4	55.8046	123554
241.316319	0	65535	4	55.8046	123554
241.484319	0	65535	4	55.9726	123640
241.484319	0	65535	4	55.9726	123640
241.687419	0	65535	4	56.1757	123744
241.687419	0	65535	4	56.1757	123744
241.855419	0	65535	4	56.3437	123830
241.855419	0	65535	4	56.3437	123830
241.984319	0	65535	4	56.4726	123896
241.984319	0	65535	4	56.4726	123896
242.187419	0	65535	4	56.6757	124000
242.187419	0	65535	4	56.6757	124000
242.316319	0	65535	4	56.8046	124066
242.316319	0	65535	4	56.8046	124066
242.484319	0	65535	4	56.9726	124152
242.484319	0	65535	4	56.9726	124152
242.687419	0	65535	4	57.1757	124256
242.687419	0	65535	4	57.1757	124256
242.816319	0	65535	4	57.3046	124322
242.816319	0	65535	4	57.3046	124322
242.984319	0	65535	4	57.4726	124408
242.984319	0	65535	4	57.4726	124408
243.152319	0	65535	4	57.6406	124494
243.152319	0	65535	4	57.6406	124494
243.316319	0	65535	4	57.8046	124578
243.316319	0	65535	4	57.8046	124578
243.484319	0	65535	4	57.9726	124664
243.484319	0	65535	4	57.9726	124664
243.652319	0	65535	4	58.1406	124750
243.652319	0	65535	4	58.1406	124750
243.816319	0	65535	4	58.3046	124834
243.816319	0	65535	4	58.3046	124834
243.984319	0	65535	4	58.4726	124920
243.984319	0	65535	4	58.4726	124920
244.187419	0	65535	4	58.6757	125024
244.187419	0	65535	4	58.6757	125024
244.316319	0	65535	4	58.8046	125090
244.316319	0	65535	4	58.8046	125090
244.484319	0	65535	4	58.9726	125176
244.484319	0	65535	4	58.9726	125176
244.652319	0	65535	4	59.1406	125262
244.652319	0	65535	4	59.1406	125262
244.855419	0	65535	4	59.3437	125366
244.855419	0	65535	4	59.3437	125366
244.984319	0	65535	4	59.4726	125432
244.984319	0	65535	4	59.4726	125432
245.152319	0	65535	4	59.6406	125518
245.152319	0	65535	4	59.6406	125518
245.316319	0	65535	4	59.8046	125602
245.316319	0	65535	4	59.8046	125602
245.484319	0	65535	4	59.9726	125688
245.484319	0	65535	4	59.9726	125688
245.652319	0	65535	4	60.1406	125774
245.652319	0	65535	4	60.1406	125774
245.855419	0	65535	4	60.3437	125878
245.855419	0	65535	4	60.3437	125878
245.984319	0	65535	4	60.4726	125944
245.984319	0	65535	4	60.4726	125944
246.152319	0	65535	4	60.6406	126030
246.152319	0	65535	4	60.6406	126030
246.355419	0	65535	4	60.8437	126134
246.355419	0	65535	4	60.8437	126134
246.484319	0	65535	4	60.9726	126200
246.484319	0	65535	4	60.9726	126200
246.652319	0	65535	4	61.1406	126286
246.652319	0	65535	4	61.1406	126286
246.855419	0	65535	4	61.3437	126390
246.855419	0	65535	4	61.3437	126390
246.984319	0	65535	4	61.4726	126456
246.984319	0	65535	4	61.4726	126456
247.152319	0	65535	4	61.6406	126542
247.152319	0	65535	4	61.6406	126542
247.355419	0	65535	4	61.8437	126646
247.355419	0	65535	4	61.8437	126646
247.484319	0	65535	4	61.9726	126712
247.484319	0	65535	4	61.9726	126712
247.652319	0	65535	4	62.1406	126798
247.652319	0	65535	4	62.1406	126798
247.855419	0	65535	4	62.3437	126902
247.855419	0	65535	4	62.3437	126902
247.984319	0	65535	4	62.4726	126968
247.984319	0	65535	4	62.4726	126968
248.152319	0	65535	4	62.6406	127054
248.152319	0	65535	4	62.6406	127054
248.355419	0	65535	4	62.8437	127158
248.355419	0	65535	4	62.8437	127158
248.484319	0	65535	4	62.9726	127224
248.484319	0	65535	4	62.9726	127224
248.652319	0	65535	4	63.1406	127310
248.652319	0	65535	4	63.1406	127310
248.855419	0	65535	4	63.3437	127414
248.855419	0	65535	4	63.3437	127414
248.984319	0	65535	4	63.4726	127480
248.984319	0	65535	4	63.4726	127480
249.152319	0	65535	4	63.6406	127566
249.152319	0	65535	4	63.6406	127566
249.355419	0	65535	4	63.8437	127670
249.355419	0	65535	4	63.8437	127670
249.484319	0	65535	4	63.9726	127736
249.484319	0	65535	4	63.9726	127736
249.652319	0	65535	4	64.1406	127822
249.652319	0	65535	4	64.1406	127822
249.855419	0	65535	4	64.3437	127926
249.855419	0	65535	4	64.3437	127926
249.984319	0	65535	4	64.4726	127992
249.984319	0	65535	4	64.4726	127992
