onset	duration	trial_type	sequence	latency_in_sequence	sample
0.166053	0	s1	1	2.166053	85
0.166053	0	s1	1	2.166053	85
0.333953	0	s1	1	2.333953	171
0.333953	0	s1	1	2.333953	171
0.499953	0	s1	1	2.499953	256
0.499953	0	s1	1	2.499953	256
0.666053	0	s1	1	2.666053	341
0.666053	0	s1	1	2.666053	341
0.832053	0	s1	1	2.832053	426
0.832053	0	s1	1	2.832053	426
0.999953	0	s1	1	2.999953	512
0.999953	0	s1	1	2.999953	512
1.166053	0	s1	1	3.166053	597
1.166053	0	s1	1	3.166053	597
1.332053	0	s1	1	3.332053	682
1.332053	0	s1	1	3.332053	682
1.499953	0	s1	1	3.499953	768
1.499953	0	s1	1	3.499953	768
1.666053	0	s1	1	3.666053	853
1.666053	0	s1	1	3.666053	853
1.832053	0	s1	1	3.832053	938
1.832053	0	s1	1	3.832053	938
1.998053	0	s1	1	3.998053	1023
1.998053	0	s1	1	3.998053	1023
2.166053	0	s1	1	4.166053	1109
2.166053	0	s1	1	4.166053	1109
2.332053	0	s1	1	4.332053	1194
2.332053	0	s1	1	4.332053	1194
2.498053	0	s1	1	4.498053	1279
2.498053	0	s1	1	4.498053	1279
2.666053	0	s1	1	4.666053	1365
2.666053	0	s1	1	4.666053	1365
2.832053	0	s1	1	4.832053	1450
2.832053	0	s1	1	4.832053	1450
2.998053	0	s1	1	4.998053	1535
2.998053	0	s1	1	4.998053	1535
3.166053	0	s1	1	5.166053	1621
3.166053	0	s1	1	5.166053	1621
3.332053	0	s1	1	5.332053	1706
3.332053	0	s1	1	5.332053	1706
3.498053	0	s1	1	5.498053	1791
3.498053	0	s1	1	5.498053	1791
3.664053	0	s1	1	5.664053	1876
3.664053	0	s1	1	5.664053	1876
3.832053	0	s1	1	5.832053	1962
3.832053	0	s1	1	5.832053	1962
3.998053	0	s1	1	5.998053	2047
3.998053	0	s1	1	5.998053	2047
4.164053	0	s1	1	6.164053	2132
4.164053	0	s1	1	6.164053	2132
4.332053	0	s1	1	6.332053	2218
4.332053	0	s1	1	6.332053	2218
4.498053	0	s1	1	6.498053	2303
4.498053	0	s1	1	6.498053	2303
4.664053	0	s1	1	6.664053	2388
4.664053	0	s1	1	6.664053	2388
4.830053	0	s1	1	6.830053	2473
4.830053	0	s1	1	6.830053	2473
4.998053	0	s1	1	6.998053	2559
4.998053	0	s1	1	6.998053	2559
5.164053	0	s1	1	7.164053	2644
5.164053	0	s1	1	7.164053	2644
5.330053	0	s1	1	7.330053	2729
5.330053	0	s1	1	7.330053	2729
5.498053	0	s1	1	7.498053	2815
5.498053	0	s1	1	7.498053	2815
5.664053	0	s1	1	7.664053	2900
5.664053	0	s1	1	7.664053	2900
5.830053	0	s1	1	7.830053	2985
5.830053	0	s1	1	7.830053	2985
5.996053	0	s1	1	7.996053	3070
5.996053	0	s1	1	7.996053	3070
6.164053	0	s1	1	8.164053	3156
6.164053	0	s1	1	8.164053	3156
6.330053	0	s1	1	8.330053	3241
6.330053	0	s1	1	8.330053	3241
6.496053	0	s1	1	8.496053	3326
6.496053	0	s1	1	8.496053	3326
6.664053	0	s1	1	8.664053	3412
6.664053	0	s1	1	8.664053	3412
6.830053	0	s1	1	8.830053	3497
6.830053	0	s1	1	8.830053	3497
6.996053	0	s1	1	8.996053	3582
6.996053	0	s1	1	8.996053	3582
7.164053	0	s1	1	9.164053	3668
7.164053	0	s1	1	9.164053	3668
7.330053	0	s1	1	9.330053	3753
7.330053	0	s1	1	9.330053	3753
7.496053	0	s1	1	9.496053	3838
7.496053	0	s1	1	9.496053	3838
7.662153	0	s1	1	9.662153	3923
7.662153	0	s1	1	9.662153	3923
7.830053	0	s1	1	9.830053	4009
7.830053	0	s1	1	9.830053	4009
7.996053	0	s1	1	9.996053	4094
7.996053	0	s1	1	9.996053	4094
8.162153	0	s1	1	10.162153	4179
8.162153	0	s1	1	10.162153	4179
8.330053	0	s1	1	10.330053	4265
8.330053	0	s1	1	10.330053	4265
8.496053	0	s1	1	10.496053	4350
8.496053	0	s1	1	10.496053	4350
8.662153	0	s1	1	10.662153	4435
8.662153	0	s1	1	10.662153	4435
8.828153	0	s1	1	10.828153	4520
8.828153	0	s1	1	10.828153	4520
8.996053	0	s1	1	10.996053	4606
8.996053	0	s1	1	10.996053	4606
9.162153	0	s1	1	11.162153	4691
9.162153	0	s1	1	11.162153	4691
9.328153	0	s1	1	11.328153	4776
9.328153	0	s1	1	11.328153	4776
9.496053	0	s1	1	11.496053	4862
9.496053	0	s1	1	11.496053	4862
9.662153	0	s1	1	11.662153	4947
9.662153	0	s1	1	11.662153	4947
9.828153	0	s1	1	11.828153	5032
9.828153	0	s1	1	11.828153	5032
9.996053	0	s1	1	11.996053	5118
9.996053	0	s1	1	11.996053	5118
10.162153	0	s1	1	12.162153	5203
10.162153	0	s1	1	12.162153	5203
10.328153	0	s1	1	12.328153	5288
10.328153	0	s1	1	12.328153	5288
10.492153	0	s1	1	12.492153	5372
10.492153	0	s1	1	12.492153	5372
10.662153	0	s1	1	12.662153	5459
10.662153	0	s1	1	12.662153	5459
10.828153	0	s1	1	12.828153	5544
10.828153	0	s1	1	12.828153	5544
10.992153	0	s1	1	12.992153	5628
10.992153	0	s1	1	12.992153	5628
11.162153	0	s1	1	13.162153	5715
11.162153	0	s1	1	13.162153	5715
11.328153	0	s1	1	13.328153	5800
11.328153	0	s1	1	13.328153	5800
11.492153	0	s1	1	13.492153	5884
11.492153	0	s1	1	13.492153	5884
11.662153	0	s1	1	13.662153	5971
11.662153	0	s1	1	13.662153	5971
11.828153	0	s1	1	13.828153	6056
11.828153	0	s1	1	13.828153	6056
11.992153	0	s1	1	13.992153	6140
11.992153	0	s1	1	13.992153	6140
12.160153	0	s1	1	14.160153	6226
12.160153	0	s1	1	14.160153	6226
12.328153	0	s1	1	14.328153	6312
12.328153	0	s1	1	14.328153	6312
12.492153	0	s1	1	14.492153	6396
12.492153	0	s1	1	14.492153	6396
12.660153	0	s1	1	14.660153	6482
12.660153	0	s1	1	14.660153	6482
12.828153	0	s1	1	14.828153	6568
12.828153	0	s1	1	14.828153	6568
12.992153	0	s1	1	14.992153	6652
12.992153	0	s1	1	14.992153	6652
13.160153	0	s1	1	15.160153	6738
13.160153	0	s1	1	15.160153	6738
13.326153	0	s1	1	15.326153	6823
13.326153	0	s1	1	15.326153	6823
13.492153	0	s1	1	15.492153	6908
13.492153	0	s1	1	15.492153	6908
13.660153	0	s1	1	15.660153	6994
13.660153	0	s1	1	15.660153	6994
13.826153	0	s1	1	15.826153	7079
13.826153	0	s1	1	15.826153	7079
13.992153	0	s1	1	15.992153	7164
13.992153	0	s1	1	15.992153	7164
14.160153	0	s1	1	16.160153	7250
14.160153	0	s1	1	16.160153	7250
14.326153	0	s1	1	16.326153	7335
14.326153	0	s1	1	16.326153	7335
14.492153	0	s1	1	16.492153	7420
14.492153	0	s1	1	16.492153	7420
14.660153	0	s1	1	16.660153	7506
14.660153	0	s1	1	16.660153	7506
14.826153	0	s1	1	16.826153	7591
14.826153	0	s1	1	16.826153	7591
14.992153	0	s1	1	16.992153	7676
14.992153	0	s1	1	16.992153	7676
15.160153	0	s1	1	17.160153	7762
15.160153	0	s1	1	17.160153	7762
15.326153	0	s1	1	17.326153	7847
15.326153	0	s1	1	17.326153	7847
15.492153	0	s1	1	17.492153	7932
15.492153	0	s1	1	17.492153	7932
15.660153	0	s1	1	17.660153	8018
15.660153	0	s1	1	17.660153	8018
15.826153	0	s1	1	17.826153	8103
15.826153	0	s1	1	17.826153	8103
15.992153	0	s1	1	17.992153	8188
15.992153	0	s1	1	17.992153	8188
16.158253	0	s1	1	18.158253	8273
16.158253	0	s1	1	18.158253	8273
16.326153	0	s1	1	18.326153	8359
16.326153	0	s1	1	18.326153	8359
16.492153	0	s1	1	18.492153	8444
16.492153	0	s1	1	18.492153	8444
16.658253	0	s1	1	18.658253	8529
16.658253	0	s1	1	18.658253	8529
16.826153	0	s1	1	18.826153	8615
16.826153	0	s1	1	18.826153	8615
16.992153	0	s1	1	18.992153	8700
16.992153	0	s1	1	18.992153	8700
17.158253	0	s1	1	19.158253	8785
17.158253	0	s1	1	19.158253	8785
17.324253	0	s1	1	19.324253	8870
17.324253	0	s1	1	19.324253	8870
17.492153	0	s1	1	19.492153	8956
17.492153	0	s1	1	19.492153	8956
17.658253	0	s1	1	19.658253	9041
17.658253	0	s1	1	19.658253	9041
17.824253	0	s1	1	19.824253	9126
17.824253	0	s1	1	19.824253	9126
17.992153	0	s1	1	19.992153	9212
17.992153	0	s1	1	19.992153	9212
18.158253	0	s1	1	20.158253	9297
18.158253	0	s1	1	20.158253	9297
18.324253	0	s1	1	20.324253	9382
18.324253	0	s1	1	20.324253	9382
18.492153	0	s1	1	20.492153	9468
18.492153	0	s1	1	20.492153	9468
18.658253	0	s1	1	20.658253	9553
18.658253	0	s1	1	20.658253	9553
18.824253	0	s1	1	20.824253	9638
18.824253	0	s1	1	20.824253	9638
18.990253	0	s1	1	20.990253	9723
18.990253	0	s1	1	20.990253	9723
19.158253	0	s1	1	21.158253	9809
19.158253	0	s1	1	21.158253	9809
19.324253	0	s1	1	21.324253	9894
19.324253	0	s1	1	21.324253	9894
19.490253	0	s1	1	21.490253	9979
19.490253	0	s1	1	21.490253	9979
19.658253	0	s1	1	21.658253	10065
19.658253	0	s1	1	21.658253	10065
19.824253	0	s1	1	21.824253	10150
19.824253	0	s1	1	21.824253	10150
19.990253	0	s1	1	21.990253	10235
19.990253	0	s1	1	21.990253	10235
20.156253	0	s1	1	22.156253	10320
20.156253	0	s1	1	22.156253	10320
20.324253	0	s1	1	22.324253	10406
20.324253	0	s1	1	22.324253	10406
20.490253	0	s1	1	22.490253	10491
20.490253	0	s1	1	22.490253	10491
20.656253	0	s1	1	22.656253	10576
20.656253	0	s1	1	22.656253	10576
20.824253	0	s1	1	22.824253	10662
20.824253	0	s1	1	22.824253	10662
20.990253	0	s1	1	22.990253	10747
20.990253	0	s1	1	22.990253	10747
21.156253	0	s1	1	23.156253	10832
21.156253	0	s1	1	23.156253	10832
21.324253	0	s1	1	23.324253	10918
21.324253	0	s1	1	23.324253	10918
21.490253	0	s1	1	23.490253	11003
21.490253	0	s1	1	23.490253	11003
21.656253	0	s1	1	23.656253	11088
21.656253	0	s1	1	23.656253	11088
21.824253	0	s1	1	23.824253	11174
21.824253	0	s1	1	23.824253	11174
21.990253	0	s1	1	23.990253	11259
21.990253	0	s1	1	23.990253	11259
22.156253	0	s1	1	24.156253	11344
22.156253	0	s1	1	24.156253	11344
22.322253	0	s1	1	24.322253	11429
22.322253	0	s1	1	24.322253	11429
22.490253	0	s1	1	24.490253	11515
22.490253	0	s1	1	24.490253	11515
22.656253	0	s1	1	24.656253	11600
22.656253	0	s1	1	24.656253	11600
22.822253	0	s1	1	24.822253	11685
22.822253	0	s1	1	24.822253	11685
22.988253	0	s1	1	24.988253	11770
22.988253	0	s1	1	24.988253	11770
23.156253	0	s1	1	25.156253	11856
23.156253	0	s1	1	25.156253	11856
23.322253	0	s1	1	25.322253	11941
23.322253	0	s1	1	25.322253	11941
23.488253	0	s1	1	25.488253	12026
23.488253	0	s1	1	25.488253	12026
23.656253	0	s1	1	25.656253	12112
23.656253	0	s1	1	25.656253	12112
23.822253	0	s1	1	25.822253	12197
23.822253	0	s1	1	25.822253	12197
23.988253	0	s1	1	25.988253	12282
23.988253	0	s1	1	25.988253	12282
24.156253	0	s1	1	26.156253	12368
24.156253	0	s1	1	26.156253	12368
24.322253	0	s1	1	26.322253	12453
24.322253	0	s1	1	26.322253	12453
24.488253	0	s1	1	26.488253	12538
24.488253	0	s1	1	26.488253	12538
24.654253	0	s1	1	26.654253	12623
24.654253	0	s1	1	26.654253	12623
24.822253	0	s1	1	26.822253	12709
24.822253	0	s1	1	26.822253	12709
24.988253	0	s1	1	26.988253	12794
24.988253	0	s1	1	26.988253	12794
25.154253	0	s1	1	27.154253	12879
25.154253	0	s1	1	27.154253	12879
25.322253	0	s1	1	27.322253	12965
25.322253	0	s1	1	27.322253	12965
25.488253	0	s1	1	27.488253	13050
25.488253	0	s1	1	27.488253	13050
25.654253	0	s1	1	27.654253	13135
25.654253	0	s1	1	27.654253	13135
25.820353	0	s1	1	27.820353	13220
25.820353	0	s1	1	27.820353	13220
25.988253	0	s1	1	27.988253	13306
25.988253	0	s1	1	27.988253	13306
26.154253	0	s1	1	28.154253	13391
26.154253	0	s1	1	28.154253	13391
26.320353	0	s1	1	28.320353	13476
26.320353	0	s1	1	28.320353	13476
26.488253	0	s1	1	28.488253	13562
26.488253	0	s1	1	28.488253	13562
26.654253	0	s1	1	28.654253	13647
26.654253	0	s1	1	28.654253	13647
26.820353	0	s1	1	28.820353	13732
26.820353	0	s1	1	28.820353	13732
26.988253	0	s1	1	28.988253	13818
26.988253	0	s1	1	28.988253	13818
27.154253	0	s1	1	29.154253	13903
27.154253	0	s1	1	29.154253	13903
27.320353	0	s1	1	29.320353	13988
27.320353	0	s1	1	29.320353	13988
27.486353	0	s1	1	29.486353	14073
27.486353	0	s1	1	29.486353	14073
27.654253	0	s1	1	29.654253	14159
27.654253	0	s1	1	29.654253	14159
27.820353	0	s1	1	29.820353	14244
27.820353	0	s1	1	29.820353	14244
27.986353	0	s1	1	29.986353	14329
27.986353	0	s1	1	29.986353	14329
28.154253	0	s1	1	30.154253	14415
28.154253	0	s1	1	30.154253	14415
28.320353	0	s1	1	30.320353	14500
28.320353	0	s1	1	30.320353	14500
28.486353	0	s1	1	30.486353	14585
28.486353	0	s1	1	30.486353	14585
28.652353	0	s1	1	30.652353	14670
28.652353	0	s1	1	30.652353	14670
28.820353	0	s1	1	30.820353	14756
28.820353	0	s1	1	30.820353	14756
28.986353	0	s1	1	30.986353	14841
28.986353	0	s1	1	30.986353	14841
29.152353	0	s1	1	31.152353	14926
29.152353	0	s1	1	31.152353	14926
29.320353	0	s1	1	31.320353	15012
29.320353	0	s1	1	31.320353	15012
29.486353	0	s1	1	31.486353	15097
29.486353	0	s1	1	31.486353	15097
29.652353	0	s1	1	31.652353	15182
29.652353	0	s1	1	31.652353	15182
29.820353	0	s1	1	31.820353	15268
29.820353	0	s1	1	31.820353	15268
29.986353	0	s1	1	31.986353	15353
29.986353	0	s1	1	31.986353	15353
30.152353	0	s1	1	32.152353	15438
30.152353	0	s1	1	32.152353	15438
30.320353	0	s1	1	32.320353	15524
30.320353	0	s1	1	32.320353	15524
30.486353	0	s1	1	32.486353	15609
30.486353	0	s1	1	32.486353	15609
30.652353	0	s1	1	32.652353	15694
30.652353	0	s1	1	32.652353	15694
30.818353	0	s1	1	32.818353	15779
30.818353	0	s1	1	32.818353	15779
30.986353	0	s1	1	32.986353	15865
30.986353	0	s1	1	32.986353	15865
31.152353	0	s1	1	33.152353	15950
31.152353	0	s1	1	33.152353	15950
31.318353	0	s1	1	33.318353	16035
31.318353	0	s1	1	33.318353	16035
31.486353	0	s1	1	33.486353	16121
31.486353	0	s1	1	33.486353	16121
31.652353	0	s1	1	33.652353	16206
31.652353	0	s1	1	33.652353	16206
31.818353	0	s1	1	33.818353	16291
31.818353	0	s1	1	33.818353	16291
31.984353	0	s1	1	33.984353	16376
31.984353	0	s1	1	33.984353	16376
32.152353	0	s1	1	34.152353	16462
32.152353	0	s1	1	34.152353	16462
32.318353	0	s1	1	34.318353	16547
32.318353	0	s1	1	34.318353	16547
32.484353	0	s1	1	34.484353	16632
32.484353	0	s1	1	34.484353	16632
32.652353	0	s1	1	34.652353	16718
32.652353	0	s1	1	34.652353	16718
32.818353	0	s1	1	34.818353	16803
32.818353	0	s1	1	34.818353	16803
32.984353	0	s1	1	34.984353	16888
32.984353	0	s1	1	34.984353	16888
33.148453	0	s1	1	35.148453	16972
33.148453	0	s1	1	35.148453	16972
33.318353	0	s1	1	35.318353	17059
33.318353	0	s1	1	35.318353	17059
33.484353	0	s1	1	35.484353	17144
33.484353	0	s1	1	35.484353	17144
33.648453	0	s1	1	35.648453	17228
33.648453	0	s1	1	35.648453	17228
33.818353	0	s1	1	35.818353	17315
33.818353	0	s1	1	35.818353	17315
33.984353	0	s1	1	35.984353	17400
33.984353	0	s1	1	35.984353	17400
34.148453	0	s1	1	36.148453	17484
34.148453	0	s1	1	36.148453	17484
34.316453	0	s1	1	36.316453	17570
34.316453	0	s1	1	36.316453	17570
34.484353	0	s1	1	36.484353	17656
34.484353	0	s1	1	36.484353	17656
34.648453	0	s1	1	36.648453	17740
34.648453	0	s1	1	36.648453	17740
34.816453	0	s1	1	36.816453	17826
34.816453	0	s1	1	36.816453	17826
34.984353	0	s1	1	36.984353	17912
34.984353	0	s1	1	36.984353	17912
35.148453	0	s1	1	37.148453	17996
35.148453	0	s1	1	37.148453	17996
35.316453	0	s1	1	37.316453	18082
35.316453	0	s1	1	37.316453	18082
35.484353	0	s1	1	37.484353	18168
35.484353	0	s1	1	37.484353	18168
35.648453	0	s1	1	37.648453	18252
35.648453	0	s1	1	37.648453	18252
35.816453	0	s1	1	37.816453	18338
35.816453	0	s1	1	37.816453	18338
35.982453	0	s1	1	37.982453	18423
35.982453	0	s1	1	37.982453	18423
36.148453	0	s1	1	38.148453	18508
36.148453	0	s1	1	38.148453	18508
36.316453	0	s1	1	38.316453	18594
36.316453	0	s1	1	38.316453	18594
36.482453	0	s1	1	38.482453	18679
36.482453	0	s1	1	38.482453	18679
36.648453	0	s1	1	38.648453	18764
36.648453	0	s1	1	38.648453	18764
36.816453	0	s1	1	38.816453	18850
36.816453	0	s1	1	38.816453	18850
36.982453	0	s1	1	38.982453	18935
36.982453	0	s1	1	38.982453	18935
37.148453	0	s1	1	39.148453	19020
37.148453	0	s1	1	39.148453	19020
37.316453	0	s1	1	39.316453	19106
37.316453	0	s1	1	39.316453	19106
37.482453	0	s1	1	39.482453	19191
37.482453	0	s1	1	39.482453	19191
37.648453	0	s1	1	39.648453	19276
37.648453	0	s1	1	39.648453	19276
37.816453	0	s1	1	39.816453	19362
37.816453	0	s1	1	39.816453	19362
37.982453	0	s1	1	39.982453	19447
37.982453	0	s1	1	39.982453	19447
38.148453	0	s1	1	40.148453	19532
38.148453	0	s1	1	40.148453	19532
38.316453	0	s1	1	40.316453	19618
38.316453	0	s1	1	40.316453	19618
38.482453	0	s1	1	40.482453	19703
38.482453	0	s1	1	40.482453	19703
38.648453	0	s1	1	40.648453	19788
38.648453	0	s1	1	40.648453	19788
38.814453	0	s1	1	40.814453	19873
38.814453	0	s1	1	40.814453	19873
38.982453	0	s1	1	40.982453	19959
38.982453	0	s1	1	40.982453	19959
39.148453	0	s1	1	41.148453	20044
39.148453	0	s1	1	41.148453	20044
39.314453	0	s1	1	41.314453	20129
39.314453	0	s1	1	41.314453	20129
39.482453	0	s1	1	41.482453	20215
39.482453	0	s1	1	41.482453	20215
39.648453	0	s1	1	41.648453	20300
39.648453	0	s1	1	41.648453	20300
39.814453	0	s1	1	41.814453	20385
39.814453	0	s1	1	41.814453	20385
39.980453	0	s1	1	41.980453	20470
39.980453	0	s1	1	41.980453	20470
40.148453	0	s1	1	42.148453	20556
40.148453	0	s1	1	42.148453	20556
40.314453	0	s1	1	42.314453	20641
40.314453	0	s1	1	42.314453	20641
40.480453	0	s1	1	42.480453	20726
40.480453	0	s1	1	42.480453	20726
40.648453	0	s1	1	42.648453	20812
40.648453	0	s1	1	42.648453	20812
40.814453	0	s1	1	42.814453	20897
40.814453	0	s1	1	42.814453	20897
40.980453	0	s1	1	42.980453	20982
40.980453	0	s1	1	42.980453	20982
41.148453	0	s1	1	43.148453	21068
41.148453	0	s1	1	43.148453	21068
41.314453	0	s1	1	43.314453	21153
41.314453	0	s1	1	43.314453	21153
41.480453	0	s1	1	43.480453	21238
41.480453	0	s1	1	43.480453	21238
41.646453	0	s1	1	43.646453	21323
41.646453	0	s1	1	43.646453	21323
41.814453	0	s1	1	43.814453	21409
41.814453	0	s1	1	43.814453	21409
41.980453	0	s1	1	43.980453	21494
41.980453	0	s1	1	43.980453	21494
42.146453	0	s1	1	44.146453	21579
42.146453	0	s1	1	44.146453	21579
42.314453	0	s1	1	44.314453	21665
42.314453	0	s1	1	44.314453	21665
42.480453	0	s1	1	44.480453	21750
42.480453	0	s1	1	44.480453	21750
42.646453	0	s1	1	44.646453	21835
42.646453	0	s1	1	44.646453	21835
42.814453	0	s1	1	44.814453	21921
42.814453	0	s1	1	44.814453	21921
42.980453	0	s1	1	44.980453	22006
42.980453	0	s1	1	44.980453	22006
43.146453	0	s1	1	45.146453	22091
43.146453	0	s1	1	45.146453	22091
43.312453	0	s1	1	45.312453	22176
43.312453	0	s1	1	45.312453	22176
43.480453	0	s1	1	45.480453	22262
43.480453	0	s1	1	45.480453	22262
43.646453	0	s1	1	45.646453	22347
43.646453	0	s1	1	45.646453	22347
43.812453	0	s1	1	45.812453	22432
43.812453	0	s1	1	45.812453	22432
43.980453	0	s1	1	45.980453	22518
43.980453	0	s1	1	45.980453	22518
44.146453	0	s1	1	46.146453	22603
44.146453	0	s1	1	46.146453	22603
44.312453	0	s1	1	46.312453	22688
44.312453	0	s1	1	46.312453	22688
44.478553	0	s1	1	46.478553	22773
44.478553	0	s1	1	46.478553	22773
44.646453	0	s1	1	46.646453	22859
44.646453	0	s1	1	46.646453	22859
44.812453	0	s1	1	46.812453	22944
44.812453	0	s1	1	46.812453	22944
44.978553	0	s1	1	46.978553	23029
44.978553	0	s1	1	46.978553	23029
45.146453	0	s1	1	47.146453	23115
45.146453	0	s1	1	47.146453	23115
45.312453	0	s1	1	47.312453	23200
45.312453	0	s1	1	47.312453	23200
45.478553	0	s1	1	47.478553	23285
45.478553	0	s1	1	47.478553	23285
45.646453	0	s1	1	47.646453	23371
45.646453	0	s1	1	47.646453	23371
45.812453	0	s1	1	47.812453	23456
45.812453	0	s1	1	47.812453	23456
45.978553	0	s1	1	47.978553	23541
45.978553	0	s1	1	47.978553	23541
46.144553	0	s1	1	48.144553	23626
46.144553	0	s1	1	48.144553	23626
46.312453	0	s1	1	48.312453	23712
46.312453	0	s1	1	48.312453	23712
46.478553	0	s1	1	48.478553	23797
46.478553	0	s1	1	48.478553	23797
46.644553	0	s1	1	48.644553	23882
46.644553	0	s1	1	48.644553	23882
46.812453	0	s1	1	48.812453	23968
46.812453	0	s1	1	48.812453	23968
46.978553	0	s1	1	48.978553	24053
46.978553	0	s1	1	48.978553	24053
47.144553	0	s1	1	49.144553	24138
47.144553	0	s1	1	49.144553	24138
47.310553	0	s1	1	49.310553	24223
47.310553	0	s1	1	49.310553	24223
47.478553	0	s1	1	49.478553	24309
47.478553	0	s1	1	49.478553	24309
47.644553	0	s1	1	49.644553	24394
47.644553	0	s1	1	49.644553	24394
47.810553	0	s1	1	49.810553	24479
47.810553	0	s1	1	49.810553	24479
47.978553	0	s1	1	49.978553	24565
47.978553	0	s1	1	49.978553	24565
48.144553	0	s1	1	50.144553	24650
48.144553	0	s1	1	50.144553	24650
48.310553	0	s1	1	50.310553	24735
48.310553	0	s1	1	50.310553	24735
48.476553	0	s1	1	50.476553	24820
48.476553	0	s1	1	50.476553	24820
48.644553	0	s1	1	50.644553	24906
48.644553	0	s1	1	50.644553	24906
48.810553	0	s1	1	50.810553	24991
48.810553	0	s1	1	50.810553	24991
48.976553	0	s1	1	50.976553	25076
48.976553	0	s1	1	50.976553	25076
49.144553	0	s1	1	51.144553	25162
49.144553	0	s1	1	51.144553	25162
49.310553	0	s1	1	51.310553	25247
49.310553	0	s1	1	51.310553	25247
49.476553	0	s1	1	51.476553	25332
49.476553	0	s1	1	51.476553	25332
49.644553	0	s1	1	51.644553	25418
49.644553	0	s1	1	51.644553	25418
49.810553	0	s1	1	51.810553	25503
49.810553	0	s1	1	51.810553	25503
49.976553	0	s1	1	51.976553	25588
49.976553	0	s1	1	51.976553	25588
50.142553	0	s1	1	52.142553	25673
50.142553	0	s1	1	52.142553	25673
50.310553	0	s1	1	52.310553	25759
50.310553	0	s1	1	52.310553	25759
50.476553	0	s1	1	52.476553	25844
50.476553	0	s1	1	52.476553	25844
50.642553	0	s1	1	52.642553	25929
50.642553	0	s1	1	52.642553	25929
50.810553	0	s1	1	52.810553	26015
50.810553	0	s1	1	52.810553	26015
50.976553	0	s1	1	52.976553	26100
50.976553	0	s1	1	52.976553	26100
51.142553	0	s1	1	53.142553	26185
51.142553	0	s1	1	53.142553	26185
51.308553	0	s1	1	53.308553	26270
51.308553	0	s1	1	53.308553	26270
51.476553	0	s1	1	53.476553	26356
51.476553	0	s1	1	53.476553	26356
51.642553	0	s1	1	53.642553	26441
51.642553	0	s1	1	53.642553	26441
51.808553	0	s1	1	53.808553	26526
51.808553	0	s1	1	53.808553	26526
51.976553	0	s1	1	53.976553	26612
51.976553	0	s1	1	53.976553	26612
52.142553	0	s1	1	54.142553	26697
52.142553	0	s1	1	54.142553	26697
52.308553	0	s1	1	54.308553	26782
52.308553	0	s1	1	54.308553	26782
52.476553	0	s1	1	54.476553	26868
52.476553	0	s1	1	54.476553	26868
52.642553	0	s1	1	54.642553	26953
52.642553	0	s1	1	54.642553	26953
52.808553	0	s1	1	54.808553	27038
52.808553	0	s1	1	54.808553	27038
52.974653	0	s1	1	54.974653	27123
52.974653	0	s1	1	54.974653	27123
53.142553	0	s1	1	55.142553	27209
53.142553	0	s1	1	55.142553	27209
53.308553	0	s1	1	55.308553	27294
53.308553	0	s1	1	55.308553	27294
53.474653	0	s1	1	55.474653	27379
53.474653	0	s1	1	55.474653	27379
53.642553	0	s1	1	55.642553	27465
53.642553	0	s1	1	55.642553	27465
53.808553	0	s1	1	55.808553	27550
53.808553	0	s1	1	55.808553	27550
53.974653	0	s1	1	55.974653	27635
53.974653	0	s1	1	55.974653	27635
54.142553	0	s1	1	56.142553	27721
54.142553	0	s1	1	56.142553	27721
54.308553	0	s1	1	56.308553	27806
54.308553	0	s1	1	56.308553	27806
54.474653	0	s1	1	56.474653	27891
54.474653	0	s1	1	56.474653	27891
54.640653	0	s1	1	56.640653	27976
54.640653	0	s1	1	56.640653	27976
54.808553	0	s1	1	56.808553	28062
54.808553	0	s1	1	56.808553	28062
54.974653	0	s1	1	56.974653	28147
54.974653	0	s1	1	56.974653	28147
55.140653	0	s1	1	57.140653	28232
55.140653	0	s1	1	57.140653	28232
55.308553	0	s1	1	57.308553	28318
55.308553	0	s1	1	57.308553	28318
55.474653	0	s1	1	57.474653	28403
55.474653	0	s1	1	57.474653	28403
55.640653	0	s1	1	57.640653	28488
55.640653	0	s1	1	57.640653	28488
55.804653	0	s1	1	57.804653	28572
55.804653	0	s1	1	57.804653	28572
55.974653	0	s1	1	57.974653	28659
55.974653	0	s1	1	57.974653	28659
56.140653	0	s1	1	58.140653	28744
56.140653	0	s1	1	58.140653	28744
56.304653	0	s1	1	58.304653	28828
56.304653	0	s1	1	58.304653	28828
56.474653	0	s1	1	58.474653	28915
56.474653	0	s1	1	58.474653	28915
56.640653	0	s1	1	58.640653	29000
56.640653	0	s1	1	58.640653	29000
56.804653	0	s1	1	58.804653	29084
56.804653	0	s1	1	58.804653	29084
56.974653	0	s1	1	58.974653	29171
56.974653	0	s1	1	58.974653	29171
57.140653	0	s1	1	59.140653	29256
57.140653	0	s1	1	59.140653	29256
57.304653	0	s1	1	59.304653	29340
57.304653	0	s1	1	59.304653	29340
57.472653	0	s1	1	59.472653	29426
57.472653	0	s1	1	59.472653	29426
57.638653	0	s1	1	59.638653	29511
57.638653	0	s1	1	59.638653	29511
57.804653	0	s1	1	59.804653	29596
57.804653	0	s1	1	59.804653	29596
57.972653	0	s1	1	59.972653	29682
57.972653	0	s1	1	59.972653	29682
58.140653	0	s1	1	60.140653	29768
58.140653	0	s1	1	60.140653	29768
58.304653	0	s1	1	60.304653	29852
58.304653	0	s1	1	60.304653	29852
58.472653	0	s1	1	60.472653	29938
58.472653	0	s1	1	60.472653	29938
58.638653	0	s1	1	60.638653	30023
58.638653	0	s1	1	60.638653	30023
58.804653	0	s1	1	60.804653	30108
58.804653	0	s1	1	60.804653	30108
58.972653	0	s1	1	60.972653	30194
58.972653	0	s1	1	60.972653	30194
59.138653	0	s1	1	61.138653	30279
59.138653	0	s1	1	61.138653	30279
59.304653	0	s1	1	61.304653	30364
59.304653	0	s1	1	61.304653	30364
59.472653	0	s1	1	61.472653	30450
59.472653	0	s1	1	61.472653	30450
59.638653	0	s1	1	61.638653	30535
59.638653	0	s1	1	61.638653	30535
59.804653	0	s1	1	61.804653	30620
59.804653	0	s1	1	61.804653	30620
59.972653	0	s1	1	61.972653	30706
59.972653	0	s1	1	61.972653	30706
60.138653	0	s1	1	62.138653	30791
60.138653	0	s1	1	62.138653	30791
60.304653	0	s1	1	62.304653	30876
60.304653	0	s1	1	62.304653	30876
60.472653	0	s1	1	62.472653	30962
60.472653	0	s1	1	62.472653	30962
60.638653	0	s1	1	62.638653	31047
60.638653	0	s1	1	62.638653	31047
60.804653	0	s1	1	62.804653	31132
60.804653	0	s1	1	62.804653	31132
60.972653	0	s1	1	62.972653	31218
60.972653	0	s1	1	62.972653	31218
61.138653	0	s1	1	63.138653	31303
61.138653	0	s1	1	63.138653	31303
61.304653	0	s1	1	63.304653	31388
61.304653	0	s1	1	63.304653	31388
61.470753	0	s1	1	63.470753	31473
61.470753	0	s1	1	63.470753	31473
61.638653	0	s1	1	63.638653	31559
61.638653	0	s1	1	63.638653	31559
61.804653	0	s1	1	63.804653	31644
61.804653	0	s1	1	63.804653	31644
61.970753	0	s1	1	63.970753	31729
61.970753	0	s1	1	63.970753	31729
62.138653	0	s1	1	64.138653	31815
62.138653	0	s1	1	64.138653	31815
62.304653	0	s1	1	64.304653	31900
62.304653	0	s1	1	64.304653	31900
62.628944	0	s1	2	2.166053	32066
62.628944	0	s1	2	2.166053	32066
62.796844	0	s1	2	2.333953	32152
62.796844	0	s1	2	2.333953	32152
62.962844	0	s1	2	2.499953	32237
62.962844	0	s1	2	2.499953	32237
63.128944	0	s1	2	2.666053	32322
63.128944	0	s1	2	2.666053	32322
63.296844	0	s1	2	2.833953	32408
63.296844	0	s1	2	2.833953	32408
63.462844	0	s1	2	2.999953	32493
63.462844	0	s1	2	2.999953	32493
63.628944	0	s1	2	3.166053	32578
63.628944	0	s1	2	3.166053	32578
63.796844	0	s1	2	3.333953	32664
63.796844	0	s1	2	3.333953	32664
63.962844	0	s1	2	3.499953	32749
63.962844	0	s1	2	3.499953	32749
64.128944	0	s1	2	3.666053	32834
64.128944	0	s1	2	3.666053	32834
64.294944	0	s1	2	3.832053	32919
64.294944	0	s1	2	3.832053	32919
64.462844	0	s1	2	3.999953	33005
64.462844	0	s1	2	3.999953	33005
64.628944	0	s1	2	4.166053	33090
64.628944	0	s1	2	4.166053	33090
64.794944	0	s1	2	4.332053	33175
64.794944	0	s1	2	4.332053	33175
64.962844	0	s1	2	4.499953	33261
64.962844	0	s1	2	4.499953	33261
65.128944	0	s1	2	4.666053	33346
65.128944	0	s1	2	4.666053	33346
65.294944	0	s1	2	4.832053	33431
65.294944	0	s1	2	4.832053	33431
65.460944	0	s1	2	4.998053	33516
65.460944	0	s1	2	4.998053	33516
65.628944	0	s1	2	5.166053	33602
65.628944	0	s1	2	5.166053	33602
65.794944	0	s1	2	5.332053	33687
65.794944	0	s1	2	5.332053	33687
65.960944	0	s1	2	5.498053	33772
65.960944	0	s1	2	5.498053	33772
66.128944	0	s1	2	5.666053	33858
66.128944	0	s1	2	5.666053	33858
66.294944	0	s1	2	5.832053	33943
66.294944	0	s1	2	5.832053	33943
66.460944	0	s1	2	5.998053	34028
66.460944	0	s1	2	5.998053	34028
66.628944	0	s1	2	6.166053	34114
66.628944	0	s1	2	6.166053	34114
66.794944	0	s1	2	6.332053	34199
66.794944	0	s1	2	6.332053	34199
66.960944	0	s1	2	6.498053	34284
66.960944	0	s1	2	6.498053	34284
67.126944	0	s1	2	6.664053	34369
67.126944	0	s1	2	6.664053	34369
67.294944	0	s1	2	6.832053	34455
67.294944	0	s1	2	6.832053	34455
67.460944	0	s1	2	6.998053	34540
67.460944	0	s1	2	6.998053	34540
67.626944	0	s1	2	7.164053	34625
67.626944	0	s1	2	7.164053	34625
67.794944	0	s1	2	7.332053	34711
67.794944	0	s1	2	7.332053	34711
67.960944	0	s1	2	7.498053	34796
67.960944	0	s1	2	7.498053	34796
68.126944	0	s1	2	7.664053	34881
68.126944	0	s1	2	7.664053	34881
68.292944	0	s1	2	7.830053	34966
68.292944	0	s1	2	7.830053	34966
68.460944	0	s1	2	7.998053	35052
68.460944	0	s1	2	7.998053	35052
68.626944	0	s1	2	8.164053	35137
68.626944	0	s1	2	8.164053	35137
68.792944	0	s1	2	8.330053	35222
68.792944	0	s1	2	8.330053	35222
68.960944	0	s1	2	8.498053	35308
68.960944	0	s1	2	8.498053	35308
69.126944	0	s1	2	8.664053	35393
69.126944	0	s1	2	8.664053	35393
69.292944	0	s1	2	8.830053	35478
69.292944	0	s1	2	8.830053	35478
69.460944	0	s1	2	8.998053	35564
69.460944	0	s1	2	8.998053	35564
69.626944	0	s1	2	9.164053	35649
69.626944	0	s1	2	9.164053	35649
69.792944	0	s1	2	9.330053	35734
69.792944	0	s1	2	9.330053	35734
69.960944	0	s1	2	9.498053	35820
69.960944	0	s1	2	9.498053	35820
70.126944	0	s1	2	9.664053	35905
70.126944	0	s1	2	9.664053	35905
70.292944	0	s1	2	9.830053	35990
70.292944	0	s1	2	9.830053	35990
70.458944	0	s1	2	9.996053	36075
70.458944	0	s1	2	9.996053	36075
70.626944	0	s1	2	10.164053	36161
70.626944	0	s1	2	10.164053	36161
70.792944	0	s1	2	10.330053	36246
70.792944	0	s1	2	10.330053	36246
70.958944	0	s1	2	10.496053	36331
70.958944	0	s1	2	10.496053	36331
71.126944	0	s1	2	10.664053	36417
71.126944	0	s1	2	10.664053	36417
71.292944	0	s1	2	10.830053	36502
71.292944	0	s1	2	10.830053	36502
71.458944	0	s1	2	10.996053	36587
71.458944	0	s1	2	10.996053	36587
71.625044	0	s1	2	11.162153	36672
71.625044	0	s1	2	11.162153	36672
71.792944	0	s1	2	11.330053	36758
71.792944	0	s1	2	11.330053	36758
71.958944	0	s1	2	11.496053	36843
71.958944	0	s1	2	11.496053	36843
72.125044	0	s1	2	11.662153	36928
72.125044	0	s1	2	11.662153	36928
72.292944	0	s1	2	11.830053	37014
72.292944	0	s1	2	11.830053	37014
72.458944	0	s1	2	11.996053	37099
72.458944	0	s1	2	11.996053	37099
72.625044	0	s1	2	12.162153	37184
72.625044	0	s1	2	12.162153	37184
72.791044	0	s1	2	12.328153	37269
72.791044	0	s1	2	12.328153	37269
72.957044	0	s1	2	12.494153	37354
72.957044	0	s1	2	12.494153	37354
73.125044	0	s1	2	12.662153	37440
73.125044	0	s1	2	12.662153	37440
73.292944	0	s1	2	12.830053	37526
73.292944	0	s1	2	12.830053	37526
73.458944	0	s1	2	12.996053	37611
73.458944	0	s1	2	12.996053	37611
73.625044	0	s1	2	13.162153	37696
73.625044	0	s1	2	13.162153	37696
73.791044	0	s1	2	13.328153	37781
73.791044	0	s1	2	13.328153	37781
73.958944	0	s1	2	13.496053	37867
73.958944	0	s1	2	13.496053	37867
74.125044	0	s1	2	13.662153	37952
74.125044	0	s1	2	13.662153	37952
74.291044	0	s1	2	13.828153	38037
74.291044	0	s1	2	13.828153	38037
74.457044	0	s1	2	13.994153	38122
74.457044	0	s1	2	13.994153	38122
74.625044	0	s1	2	14.162153	38208
74.625044	0	s1	2	14.162153	38208
74.791044	0	s1	2	14.328153	38293
74.791044	0	s1	2	14.328153	38293
74.957044	0	s1	2	14.494153	38378
74.957044	0	s1	2	14.494153	38378
75.125044	0	s1	2	14.662153	38464
75.125044	0	s1	2	14.662153	38464
75.291044	0	s1	2	14.828153	38549
75.291044	0	s1	2	14.828153	38549
75.457044	0	s1	2	14.994153	38634
75.457044	0	s1	2	14.994153	38634
75.623044	0	s1	2	15.160153	38719
75.623044	0	s1	2	15.160153	38719
75.791044	0	s1	2	15.328153	38805
75.791044	0	s1	2	15.328153	38805
75.957044	0	s1	2	15.494153	38890
75.957044	0	s1	2	15.494153	38890
76.123044	0	s1	2	15.660153	38975
76.123044	0	s1	2	15.660153	38975
76.291044	0	s1	2	15.828153	39061
76.291044	0	s1	2	15.828153	39061
76.457044	0	s1	2	15.994153	39146
76.457044	0	s1	2	15.994153	39146
76.623044	0	s1	2	16.160153	39231
76.623044	0	s1	2	16.160153	39231
76.791044	0	s1	2	16.328153	39317
76.791044	0	s1	2	16.328153	39317
76.957044	0	s1	2	16.494153	39402
76.957044	0	s1	2	16.494153	39402
77.123044	0	s1	2	16.660153	39487
77.123044	0	s1	2	16.660153	39487
77.289044	0	s1	2	16.826153	39572
77.289044	0	s1	2	16.826153	39572
77.457044	0	s1	2	16.994153	39658
77.457044	0	s1	2	16.994153	39658
77.628944	0	s1	2	17.166053	39746
77.628944	0	s1	2	17.166053	39746
77.789044	0	s1	2	17.326153	39828
77.789044	0	s1	2	17.326153	39828
77.957044	0	s1	2	17.494153	39914
77.957044	0	s1	2	17.494153	39914
78.123044	0	s1	2	17.660153	39999
78.123044	0	s1	2	17.660153	39999
78.289044	0	s1	2	17.826153	40084
78.289044	0	s1	2	17.826153	40084
78.457044	0	s1	2	17.994153	40170
78.457044	0	s1	2	17.994153	40170
78.623044	0	s1	2	18.160153	40255
78.623044	0	s1	2	18.160153	40255
78.789044	0	s1	2	18.326153	40340
78.789044	0	s1	2	18.326153	40340
78.955044	0	s1	2	18.492153	40425
78.955044	0	s1	2	18.492153	40425
79.123044	0	s1	2	18.660153	40511
79.123044	0	s1	2	18.660153	40511
79.289044	0	s1	2	18.826153	40596
79.289044	0	s1	2	18.826153	40596
79.455044	0	s1	2	18.992153	40681
79.455044	0	s1	2	18.992153	40681
79.623044	0	s1	2	19.160153	40767
79.623044	0	s1	2	19.160153	40767
79.789044	0	s1	2	19.326153	40852
79.789044	0	s1	2	19.326153	40852
79.955044	0	s1	2	19.492153	40937
79.955044	0	s1	2	19.492153	40937
80.119144	0	s1	2	19.656253	41021
80.119144	0	s1	2	19.656253	41021
80.289044	0	s1	2	19.826153	41108
80.289044	0	s1	2	19.826153	41108
80.455044	0	s1	2	19.992153	41193
80.455044	0	s1	2	19.992153	41193
80.619144	0	s1	2	20.156253	41277
80.619144	0	s1	2	20.156253	41277
80.789044	0	s1	2	20.326153	41364
80.789044	0	s1	2	20.326153	41364
80.955044	0	s1	2	20.492153	41449
80.955044	0	s1	2	20.492153	41449
81.119144	0	s1	2	20.656253	41533
81.119144	0	s1	2	20.656253	41533
81.287144	0	s1	2	20.824253	41619
81.287144	0	s1	2	20.824253	41619
81.455044	0	s1	2	20.992153	41705
81.455044	0	s1	2	20.992153	41705
81.619144	0	s1	2	21.156253	41789
81.619144	0	s1	2	21.156253	41789
81.787144	0	s1	2	21.324253	41875
81.787144	0	s1	2	21.324253	41875
81.955044	0	s1	2	21.492153	41961
81.955044	0	s1	2	21.492153	41961
82.119144	0	s1	2	21.656253	42045
82.119144	0	s1	2	21.656253	42045
82.287144	0	s1	2	21.824253	42131
82.287144	0	s1	2	21.824253	42131
82.455044	0	s1	2	21.992153	42217
82.455044	0	s1	2	21.992153	42217
82.619144	0	s1	2	22.156253	42301
82.619144	0	s1	2	22.156253	42301
82.787144	0	s1	2	22.324253	42387
82.787144	0	s1	2	22.324253	42387
82.953144	0	s1	2	22.490253	42472
82.953144	0	s1	2	22.490253	42472
83.119144	0	s1	2	22.656253	42557
83.119144	0	s1	2	22.656253	42557
83.287144	0	s1	2	22.824253	42643
83.287144	0	s1	2	22.824253	42643
83.453144	0	s1	2	22.990253	42728
83.453144	0	s1	2	22.990253	42728
83.619144	0	s1	2	23.156253	42813
83.619144	0	s1	2	23.156253	42813
83.787144	0	s1	2	23.324253	42899
83.787144	0	s1	2	23.324253	42899
83.953144	0	s1	2	23.490253	42984
83.953144	0	s1	2	23.490253	42984
84.119144	0	s1	2	23.656253	43069
84.119144	0	s1	2	23.656253	43069
84.287144	0	s1	2	23.824253	43155
84.287144	0	s1	2	23.824253	43155
84.453144	0	s1	2	23.990253	43240
84.453144	0	s1	2	23.990253	43240
84.619144	0	s1	2	24.156253	43325
84.619144	0	s1	2	24.156253	43325
84.787144	0	s1	2	24.324253	43411
84.787144	0	s1	2	24.324253	43411
84.953144	0	s1	2	24.490253	43496
84.953144	0	s1	2	24.490253	43496
85.119144	0	s1	2	24.656253	43581
85.119144	0	s1	2	24.656253	43581
85.287144	0	s1	2	24.824253	43667
85.287144	0	s1	2	24.824253	43667
85.453144	0	s1	2	24.990253	43752
85.453144	0	s1	2	24.990253	43752
85.619144	0	s1	2	25.156253	43837
85.619144	0	s1	2	25.156253	43837
85.785144	0	s1	2	25.322253	43922
85.785144	0	s1	2	25.322253	43922
85.953144	0	s1	2	25.490253	44008
85.953144	0	s1	2	25.490253	44008
86.119144	0	s1	2	25.656253	44093
86.119144	0	s1	2	25.656253	44093
86.285144	0	s1	2	25.822253	44178
86.285144	0	s1	2	25.822253	44178
86.453144	0	s1	2	25.990253	44264
86.453144	0	s1	2	25.990253	44264
86.619144	0	s1	2	26.156253	44349
86.619144	0	s1	2	26.156253	44349
86.785144	0	s1	2	26.322253	44434
86.785144	0	s1	2	26.322253	44434
86.953144	0	s1	2	26.490253	44520
86.953144	0	s1	2	26.490253	44520
87.119144	0	s1	2	26.656253	44605
87.119144	0	s1	2	26.656253	44605
87.285144	0	s1	2	26.822253	44690
87.285144	0	s1	2	26.822253	44690
87.451144	0	s1	2	26.988253	44775
87.451144	0	s1	2	26.988253	44775
87.619144	0	s1	2	27.156253	44861
87.619144	0	s1	2	27.156253	44861
87.785144	0	s1	2	27.322253	44946
87.785144	0	s1	2	27.322253	44946
87.951144	0	s1	2	27.488253	45031
87.951144	0	s1	2	27.488253	45031
88.119144	0	s1	2	27.656253	45117
88.119144	0	s1	2	27.656253	45117
88.285144	0	s1	2	27.822253	45202
88.285144	0	s1	2	27.822253	45202
88.451144	0	s1	2	27.988253	45287
88.451144	0	s1	2	27.988253	45287
88.619144	0	s1	2	28.156253	45373
88.619144	0	s1	2	28.156253	45373
88.785144	0	s1	2	28.322253	45458
88.785144	0	s1	2	28.322253	45458
88.951144	0	s1	2	28.488253	45543
88.951144	0	s1	2	28.488253	45543
89.117144	0	s1	2	28.654253	45628
89.117144	0	s1	2	28.654253	45628
89.285144	0	s1	2	28.822253	45714
89.285144	0	s1	2	28.822253	45714
89.451144	0	s1	2	28.988253	45799
89.451144	0	s1	2	28.988253	45799
89.617144	0	s1	2	29.154253	45884
89.617144	0	s1	2	29.154253	45884
89.785144	0	s1	2	29.322253	45970
89.785144	0	s1	2	29.322253	45970
89.951144	0	s1	2	29.488253	46055
89.951144	0	s1	2	29.488253	46055
90.117144	0	s1	2	29.654253	46140
90.117144	0	s1	2	29.654253	46140
90.283244	0	s1	2	29.820353	46225
90.283244	0	s1	2	29.820353	46225
90.451144	0	s1	2	29.988253	46311
90.451144	0	s1	2	29.988253	46311
90.617144	0	s1	2	30.154253	46396
90.617144	0	s1	2	30.154253	46396
90.783244	0	s1	2	30.320353	46481
90.783244	0	s1	2	30.320353	46481
90.951144	0	s1	2	30.488253	46567
90.951144	0	s1	2	30.488253	46567
91.117144	0	s1	2	30.654253	46652
91.117144	0	s1	2	30.654253	46652
91.283244	0	s1	2	30.820353	46737
91.283244	0	s1	2	30.820353	46737
91.449244	0	s1	2	30.986353	46822
91.449244	0	s1	2	30.986353	46822
91.617144	0	s1	2	31.154253	46908
91.617144	0	s1	2	31.154253	46908
91.783244	0	s1	2	31.320353	46993
91.783244	0	s1	2	31.320353	46993
91.949244	0	s1	2	31.486353	47078
91.949244	0	s1	2	31.486353	47078
92.117144	0	s1	2	31.654253	47164
92.117144	0	s1	2	31.654253	47164
92.283244	0	s1	2	31.820353	47249
92.283244	0	s1	2	31.820353	47249
92.449244	0	s1	2	31.986353	47334
92.449244	0	s1	2	31.986353	47334
92.617144	0	s1	2	32.154253	47420
92.617144	0	s1	2	32.154253	47420
92.783244	0	s1	2	32.320353	47505
92.783244	0	s1	2	32.320353	47505
92.949244	0	s1	2	32.486353	47590
92.949244	0	s1	2	32.486353	47590
93.115244	0	s1	2	32.652353	47675
93.115244	0	s1	2	32.652353	47675
93.283244	0	s1	2	32.820353	47761
93.283244	0	s1	2	32.820353	47761
93.449244	0	s1	2	32.986353	47846
93.449244	0	s1	2	32.986353	47846
93.615244	0	s1	2	33.152353	47931
93.615244	0	s1	2	33.152353	47931
93.781244	0	s1	2	33.318353	48016
93.781244	0	s1	2	33.318353	48016
93.949244	0	s1	2	33.486353	48102
93.949244	0	s1	2	33.486353	48102
94.115244	0	s1	2	33.652353	48187
94.115244	0	s1	2	33.652353	48187
94.281244	0	s1	2	33.818353	48272
94.281244	0	s1	2	33.818353	48272
94.449244	0	s1	2	33.986353	48358
94.449244	0	s1	2	33.986353	48358
94.615244	0	s1	2	34.152353	48443
94.615244	0	s1	2	34.152353	48443
94.781244	0	s1	2	34.318353	48528
94.781244	0	s1	2	34.318353	48528
94.949244	0	s1	2	34.486353	48614
94.949244	0	s1	2	34.486353	48614
95.115244	0	s1	2	34.652353	48699
95.115244	0	s1	2	34.652353	48699
95.281244	0	s1	2	34.818353	48784
95.281244	0	s1	2	34.818353	48784
95.449244	0	s1	2	34.986353	48870
95.449244	0	s1	2	34.986353	48870
95.615244	0	s1	2	35.152353	48955
95.615244	0	s1	2	35.152353	48955
95.781244	0	s1	2	35.318353	49040
95.781244	0	s1	2	35.318353	49040
95.947244	0	s1	2	35.484353	49125
95.947244	0	s1	2	35.484353	49125
96.115244	0	s1	2	35.652353	49211
96.115244	0	s1	2	35.652353	49211
96.281244	0	s1	2	35.818353	49296
96.281244	0	s1	2	35.818353	49296
96.447244	0	s1	2	35.984353	49381
96.447244	0	s1	2	35.984353	49381
96.615244	0	s1	2	36.152353	49467
96.615244	0	s1	2	36.152353	49467
96.781244	0	s1	2	36.318353	49552
96.781244	0	s1	2	36.318353	49552
96.947244	0	s1	2	36.484353	49637
96.947244	0	s1	2	36.484353	49637
97.113244	0	s1	2	36.650353	49722
97.113244	0	s1	2	36.650353	49722
97.281244	0	s1	2	36.818353	49808
97.281244	0	s1	2	36.818353	49808
97.447244	0	s1	2	36.984353	49893
97.447244	0	s1	2	36.984353	49893
97.613244	0	s1	2	37.150353	49978
97.613244	0	s1	2	37.150353	49978
97.781244	0	s1	2	37.318353	50064
97.781244	0	s1	2	37.318353	50064
97.947244	0	s1	2	37.484353	50149
97.947244	0	s1	2	37.484353	50149
98.113244	0	s1	2	37.650353	50234
98.113244	0	s1	2	37.650353	50234
98.281244	0	s1	2	37.818353	50320
98.281244	0	s1	2	37.818353	50320
98.447244	0	s1	2	37.984353	50405
98.447244	0	s1	2	37.984353	50405
98.613244	0	s1	2	38.150353	50490
98.613244	0	s1	2	38.150353	50490
98.779344	0	s1	2	38.316453	50575
98.779344	0	s1	2	38.316453	50575
98.947244	0	s1	2	38.484353	50661
98.947244	0	s1	2	38.484353	50661
99.113244	0	s1	2	38.650353	50746
99.113244	0	s1	2	38.650353	50746
99.279344	0	s1	2	38.816453	50831
99.279344	0	s1	2	38.816453	50831
99.447244	0	s1	2	38.984353	50917
99.447244	0	s1	2	38.984353	50917
99.613244	0	s1	2	39.150353	51002
99.613244	0	s1	2	39.150353	51002
99.779344	0	s1	2	39.316453	51087
99.779344	0	s1	2	39.316453	51087
99.945344	0	s1	2	39.482453	51172
99.945344	0	s1	2	39.482453	51172
100.113244	0	s1	2	39.650353	51258
100.113244	0	s1	2	39.650353	51258
100.279344	0	s1	2	39.816453	51343
100.279344	0	s1	2	39.816453	51343
100.445344	0	s1	2	39.982453	51428
100.445344	0	s1	2	39.982453	51428
100.613244	0	s1	2	40.150353	51514
100.613244	0	s1	2	40.150353	51514
100.779344	0	s1	2	40.316453	51599
100.779344	0	s1	2	40.316453	51599
100.945344	0	s1	2	40.482453	51684
100.945344	0	s1	2	40.482453	51684
101.111344	0	s1	2	40.648453	51769
101.111344	0	s1	2	40.648453	51769
101.279344	0	s1	2	40.816453	51855
101.279344	0	s1	2	40.816453	51855
101.445344	0	s1	2	40.982453	51940
101.445344	0	s1	2	40.982453	51940
101.611344	0	s1	2	41.148453	52025
101.611344	0	s1	2	41.148453	52025
101.779344	0	s1	2	41.316453	52111
101.779344	0	s1	2	41.316453	52111
101.945344	0	s1	2	41.482453	52196
101.945344	0	s1	2	41.482453	52196
102.111344	0	s1	2	41.648453	52281
102.111344	0	s1	2	41.648453	52281
102.279344	0	s1	2	41.816453	52367
102.279344	0	s1	2	41.816453	52367
102.445344	0	s1	2	41.982453	52452
102.445344	0	s1	2	41.982453	52452
102.611344	0	s1	2	42.148453	52537
102.611344	0	s1	2	42.148453	52537
102.775344	0	s1	2	42.312453	52621
102.775344	0	s1	2	42.312453	52621
102.945344	0	s1	2	42.482453	52708
102.945344	0	s1	2	42.482453	52708
103.111344	0	s1	2	42.648453	52793
103.111344	0	s1	2	42.648453	52793
103.275344	0	s1	2	42.812453	52877
103.275344	0	s1	2	42.812453	52877
103.445344	0	s1	2	42.982453	52964
103.445344	0	s1	2	42.982453	52964
103.611344	0	s1	2	43.148453	53049
103.611344	0	s1	2	43.148453	53049
103.775344	0	s1	2	43.312453	53133
103.775344	0	s1	2	43.312453	53133
103.945344	0	s1	2	43.482453	53220
103.945344	0	s1	2	43.482453	53220
104.111344	0	s1	2	43.648453	53305
104.111344	0	s1	2	43.648453	53305
104.275344	0	s1	2	43.812453	53389
104.275344	0	s1	2	43.812453	53389
104.443344	0	s1	2	43.980453	53475
104.443344	0	s1	2	43.980453	53475
104.611344	0	s1	2	44.148453	53561
104.611344	0	s1	2	44.148453	53561
104.775344	0	s1	2	44.312453	53645
104.775344	0	s1	2	44.312453	53645
104.943344	0	s1	2	44.480453	53731
104.943344	0	s1	2	44.480453	53731
105.111344	0	s1	2	44.648453	53817
105.111344	0	s1	2	44.648453	53817
105.275344	0	s1	2	44.812453	53901
105.275344	0	s1	2	44.812453	53901
105.443344	0	s1	2	44.980453	53987
105.443344	0	s1	2	44.980453	53987
105.609344	0	s1	2	45.146453	54072
105.609344	0	s1	2	45.146453	54072
105.775344	0	s1	2	45.312453	54157
105.775344	0	s1	2	45.312453	54157
105.943344	0	s1	2	45.480453	54243
105.943344	0	s1	2	45.480453	54243
106.109344	0	s1	2	45.646453	54328
106.109344	0	s1	2	45.646453	54328
106.275344	0	s1	2	45.812453	54413
106.275344	0	s1	2	45.812453	54413
106.443344	0	s1	2	45.980453	54499
106.443344	0	s1	2	45.980453	54499
106.609344	0	s1	2	46.146453	54584
106.609344	0	s1	2	46.146453	54584
106.775344	0	s1	2	46.312453	54669
106.775344	0	s1	2	46.312453	54669
106.943344	0	s1	2	46.480453	54755
106.943344	0	s1	2	46.480453	54755
107.109344	0	s1	2	46.646453	54840
107.109344	0	s1	2	46.646453	54840
107.275344	0	s1	2	46.812453	54925
107.275344	0	s1	2	46.812453	54925
107.443344	0	s1	2	46.980453	55011
107.443344	0	s1	2	46.980453	55011
107.609344	0	s1	2	47.146453	55096
107.609344	0	s1	2	47.146453	55096
107.775344	0	s1	2	47.312453	55181
107.775344	0	s1	2	47.312453	55181
107.943344	0	s1	2	47.480453	55267
107.943344	0	s1	2	47.480453	55267
108.109344	0	s1	2	47.646453	55352
108.109344	0	s1	2	47.646453	55352
108.275344	0	s1	2	47.812453	55437
108.275344	0	s1	2	47.812453	55437
108.441444	0	s1	2	47.978553	55522
108.441444	0	s1	2	47.978553	55522
108.609344	0	s1	2	48.146453	55608
108.609344	0	s1	2	48.146453	55608
108.775344	0	s1	2	48.312453	55693
108.775344	0	s1	2	48.312453	55693
108.941444	0	s1	2	48.478553	55778
108.941444	0	s1	2	48.478553	55778
109.109344	0	s1	2	48.646453	55864
109.109344	0	s1	2	48.646453	55864
109.275344	0	s1	2	48.812453	55949
109.275344	0	s1	2	48.812453	55949
109.441444	0	s1	2	48.978553	56034
109.441444	0	s1	2	48.978553	56034
109.607444	0	s1	2	49.144553	56119
109.607444	0	s1	2	49.144553	56119
109.775344	0	s1	2	49.312453	56205
109.775344	0	s1	2	49.312453	56205
109.941444	0	s1	2	49.478553	56290
109.941444	0	s1	2	49.478553	56290
110.107444	0	s1	2	49.644553	56375
110.107444	0	s1	2	49.644553	56375
110.275344	0	s1	2	49.812453	56461
110.275344	0	s1	2	49.812453	56461
110.441444	0	s1	2	49.978553	56546
110.441444	0	s1	2	49.978553	56546
110.607444	0	s1	2	50.144553	56631
110.607444	0	s1	2	50.144553	56631
110.775344	0	s1	2	50.312453	56717
110.775344	0	s1	2	50.312453	56717
110.941444	0	s1	2	50.478553	56802
110.941444	0	s1	2	50.478553	56802
111.107444	0	s1	2	50.644553	56887
111.107444	0	s1	2	50.644553	56887
111.275344	0	s1	2	50.812453	56973
111.275344	0	s1	2	50.812453	56973
111.441444	0	s1	2	50.978553	57058
111.441444	0	s1	2	50.978553	57058
111.607444	0	s1	2	51.144553	57143
111.607444	0	s1	2	51.144553	57143
111.773444	0	s1	2	51.310553	57228
111.773444	0	s1	2	51.310553	57228
111.941444	0	s1	2	51.478553	57314
111.941444	0	s1	2	51.478553	57314
112.107444	0	s1	2	51.644553	57399
112.107444	0	s1	2	51.644553	57399
112.273444	0	s1	2	51.810553	57484
112.273444	0	s1	2	51.810553	57484
112.441444	0	s1	2	51.978553	57570
112.441444	0	s1	2	51.978553	57570
112.607444	0	s1	2	52.144553	57655
112.607444	0	s1	2	52.144553	57655
112.773444	0	s1	2	52.310553	57740
112.773444	0	s1	2	52.310553	57740
112.939444	0	s1	2	52.476553	57825
112.939444	0	s1	2	52.476553	57825
113.107444	0	s1	2	52.644553	57911
113.107444	0	s1	2	52.644553	57911
113.273444	0	s1	2	52.810553	57996
113.273444	0	s1	2	52.810553	57996
113.439444	0	s1	2	52.976553	58081
113.439444	0	s1	2	52.976553	58081
113.607444	0	s1	2	53.144553	58167
113.607444	0	s1	2	53.144553	58167
113.773444	0	s1	2	53.310553	58252
113.773444	0	s1	2	53.310553	58252
113.939444	0	s1	2	53.476553	58337
113.939444	0	s1	2	53.476553	58337
114.105444	0	s1	2	53.642553	58422
114.105444	0	s1	2	53.642553	58422
114.273444	0	s1	2	53.810553	58508
114.273444	0	s1	2	53.810553	58508
114.439444	0	s1	2	53.976553	58593
114.439444	0	s1	2	53.976553	58593
114.605444	0	s1	2	54.142553	58678
114.605444	0	s1	2	54.142553	58678
114.773444	0	s1	2	54.310553	58764
114.773444	0	s1	2	54.310553	58764
114.939444	0	s1	2	54.476553	58849
114.939444	0	s1	2	54.476553	58849
115.105444	0	s1	2	54.642553	58934
115.105444	0	s1	2	54.642553	58934
115.273444	0	s1	2	54.810553	59020
115.273444	0	s1	2	54.810553	59020
115.439444	0	s1	2	54.976553	59105
115.439444	0	s1	2	54.976553	59105
115.605444	0	s1	2	55.142553	59190
115.605444	0	s1	2	55.142553	59190
115.771444	0	s1	2	55.308553	59275
115.771444	0	s1	2	55.308553	59275
115.939444	0	s1	2	55.476553	59361
115.939444	0	s1	2	55.476553	59361
116.105444	0	s1	2	55.642553	59446
116.105444	0	s1	2	55.642553	59446
116.271444	0	s1	2	55.808553	59531
116.271444	0	s1	2	55.808553	59531
116.439444	0	s1	2	55.976553	59617
116.439444	0	s1	2	55.976553	59617
116.605444	0	s1	2	56.142553	59702
116.605444	0	s1	2	56.142553	59702
116.771444	0	s1	2	56.308553	59787
116.771444	0	s1	2	56.308553	59787
116.937544	0	s1	2	56.474653	59872
116.937544	0	s1	2	56.474653	59872
117.105444	0	s1	2	56.642553	59958
117.105444	0	s1	2	56.642553	59958
117.271444	0	s1	2	56.808553	60043
117.271444	0	s1	2	56.808553	60043
117.437544	0	s1	2	56.974653	60128
117.437544	0	s1	2	56.974653	60128
117.605444	0	s1	2	57.142553	60214
117.605444	0	s1	2	57.142553	60214
117.771444	0	s1	2	57.308553	60299
117.771444	0	s1	2	57.308553	60299
117.937544	0	s1	2	57.474653	60384
117.937544	0	s1	2	57.474653	60384
118.105444	0	s1	2	57.642553	60470
118.105444	0	s1	2	57.642553	60470
118.271444	0	s1	2	57.808553	60555
118.271444	0	s1	2	57.808553	60555
118.437544	0	s1	2	57.974653	60640
118.437544	0	s1	2	57.974653	60640
118.603544	0	s1	2	58.140653	60725
118.603544	0	s1	2	58.140653	60725
118.771444	0	s1	2	58.308553	60811
118.771444	0	s1	2	58.308553	60811
118.937544	0	s1	2	58.474653	60896
118.937544	0	s1	2	58.474653	60896
119.103544	0	s1	2	58.640653	60981
119.103544	0	s1	2	58.640653	60981
119.271444	0	s1	2	58.808553	61067
119.271444	0	s1	2	58.808553	61067
119.437544	0	s1	2	58.974653	61152
119.437544	0	s1	2	58.974653	61152
119.603544	0	s1	2	59.140653	61237
119.603544	0	s1	2	59.140653	61237
119.769544	0	s1	2	59.306653	61322
119.769544	0	s1	2	59.306653	61322
119.937544	0	s1	2	59.474653	61408
119.937544	0	s1	2	59.474653	61408
120.103544	0	s1	2	59.640653	61493
120.103544	0	s1	2	59.640653	61493
120.269544	0	s1	2	59.806653	61578
120.269544	0	s1	2	59.806653	61578
120.437544	0	s1	2	59.974653	61664
120.437544	0	s1	2	59.974653	61664
120.603544	0	s1	2	60.140653	61749
120.603544	0	s1	2	60.140653	61749
120.769544	0	s1	2	60.306653	61834
120.769544	0	s1	2	60.306653	61834
120.935544	0	s1	2	60.472653	61919
120.935544	0	s1	2	60.472653	61919
121.103544	0	s1	2	60.640653	62005
121.103544	0	s1	2	60.640653	62005
121.269544	0	s1	2	60.806653	62090
121.269544	0	s1	2	60.806653	62090
121.435544	0	s1	2	60.972653	62175
121.435544	0	s1	2	60.972653	62175
121.603544	0	s1	2	61.140653	62261
121.603544	0	s1	2	61.140653	62261
121.769544	0	s1	2	61.306653	62346
121.769544	0	s1	2	61.306653	62346
121.935544	0	s1	2	61.472653	62431
121.935544	0	s1	2	61.472653	62431
122.103544	0	s1	2	61.640653	62517
122.103544	0	s1	2	61.640653	62517
122.269544	0	s1	2	61.806653	62602
122.269544	0	s1	2	61.806653	62602
122.435544	0	s1	2	61.972653	62687
122.435544	0	s1	2	61.972653	62687
122.601544	0	s1	2	62.138653	62772
122.601544	0	s1	2	62.138653	62772
122.769544	0	s1	2	62.306653	62858
122.769544	0	s1	2	62.306653	62858
122.935544	0	s1	2	62.472653	62943
122.935544	0	s1	2	62.472653	62943
123.101544	0	s1	2	62.638653	63028
123.101544	0	s1	2	62.638653	63028
123.269544	0	s1	2	62.806653	63114
123.269544	0	s1	2	62.806653	63114
123.435544	0	s1	2	62.972653	63199
123.435544	0	s1	2	62.972653	63199
123.601544	0	s1	2	63.138653	63284
123.601544	0	s1	2	63.138653	63284
123.767544	0	s1	2	63.304653	63369
123.767544	0	s1	2	63.304653	63369
123.935544	0	s1	2	63.472653	63455
123.935544	0	s1	2	63.472653	63455
124.101544	0	s1	2	63.638653	63540
124.101544	0	s1	2	63.638653	63540
124.267544	0	s1	2	63.804653	63625
124.267544	0	s1	2	63.804653	63625
124.435544	0	s1	2	63.972653	63711
124.435544	0	s1	2	63.972653	63711
124.601544	0	s1	2	64.138653	63796
124.601544	0	s1	2	64.138653	63796
124.767544	0	s1	2	64.304653	63881
124.767544	0	s1	2	64.304653	63881
125.091834	0	s1	3	2.166053	64047
125.091834	0	s1	3	2.166053	64047
125.257834	0	s1	3	2.332053	64132
125.257834	0	s1	3	2.332053	64132
125.425734	0	s1	3	2.499953	64218
125.425734	0	s1	3	2.499953	64218
125.591834	0	s1	3	2.666053	64303
125.591834	0	s1	3	2.666053	64303
125.757834	0	s1	3	2.832053	64388
125.757834	0	s1	3	2.832053	64388
125.923834	0	s1	3	2.998053	64473
125.923834	0	s1	3	2.998053	64473
126.091834	0	s1	3	3.166053	64559
126.091834	0	s1	3	3.166053	64559
126.257834	0	s1	3	3.332053	64644
126.257834	0	s1	3	3.332053	64644
126.423834	0	s1	3	3.498053	64729
126.423834	0	s1	3	3.498053	64729
126.591834	0	s1	3	3.666053	64815
126.591834	0	s1	3	3.666053	64815
126.757834	0	s1	3	3.832053	64900
126.757834	0	s1	3	3.832053	64900
126.923834	0	s1	3	3.998053	64985
126.923834	0	s1	3	3.998053	64985
127.091834	0	s1	3	4.166053	65071
127.091834	0	s1	3	4.166053	65071
127.257834	0	s1	3	4.332053	65156
127.257834	0	s1	3	4.332053	65156
127.423834	0	s1	3	4.498053	65241
127.423834	0	s1	3	4.498053	65241
127.591834	0	s1	3	4.666053	65327
127.591834	0	s1	3	4.666053	65327
127.757834	0	s1	3	4.832053	65412
127.757834	0	s1	3	4.832053	65412
127.923834	0	s1	3	4.998053	65497
127.923834	0	s1	3	4.998053	65497
128.089834	0	s1	3	5.164053	65582
128.089834	0	s1	3	5.164053	65582
128.257834	0	s1	3	5.332053	65668
128.257834	0	s1	3	5.332053	65668
128.423834	0	s1	3	5.498053	65753
128.423834	0	s1	3	5.498053	65753
128.589834	0	s1	3	5.664053	65838
128.589834	0	s1	3	5.664053	65838
128.755834	0	s1	3	5.830053	65923
128.755834	0	s1	3	5.830053	65923
128.923834	0	s1	3	5.998053	66009
128.923834	0	s1	3	5.998053	66009
129.089834	0	s1	3	6.164053	66094
129.089834	0	s1	3	6.164053	66094
129.257834	0	s1	3	6.332053	66180
129.257834	0	s1	3	6.332053	66180
129.423834	0	s1	3	6.498053	66265
129.423834	0	s1	3	6.498053	66265
129.589834	0	s1	3	6.664053	66350
129.589834	0	s1	3	6.664053	66350
129.755834	0	s1	3	6.830053	66435
129.755834	0	s1	3	6.830053	66435
129.923834	0	s1	3	6.998053	66521
129.923834	0	s1	3	6.998053	66521
130.089834	0	s1	3	7.164053	66606
130.089834	0	s1	3	7.164053	66606
130.255834	0	s1	3	7.330053	66691
130.255834	0	s1	3	7.330053	66691
130.421834	0	s1	3	7.496053	66776
130.421834	0	s1	3	7.496053	66776
130.589834	0	s1	3	7.664053	66862
130.589834	0	s1	3	7.664053	66862
130.755834	0	s1	3	7.830053	66947
130.755834	0	s1	3	7.830053	66947
130.921834	0	s1	3	7.996053	67032
130.921834	0	s1	3	7.996053	67032
131.089834	0	s1	3	8.164053	67118
131.089834	0	s1	3	8.164053	67118
131.255834	0	s1	3	8.330053	67203
131.255834	0	s1	3	8.330053	67203
131.421834	0	s1	3	8.496053	67288
131.421834	0	s1	3	8.496053	67288
131.589834	0	s1	3	8.664053	67374
131.589834	0	s1	3	8.664053	67374
131.755834	0	s1	3	8.830053	67459
131.755834	0	s1	3	8.830053	67459
131.921834	0	s1	3	8.996053	67544
131.921834	0	s1	3	8.996053	67544
132.087934	0	s1	3	9.162153	67629
132.087934	0	s1	3	9.162153	67629
132.255834	0	s1	3	9.330053	67715
132.255834	0	s1	3	9.330053	67715
132.421834	0	s1	3	9.496053	67800
132.421834	0	s1	3	9.496053	67800
132.587934	0	s1	3	9.662153	67885
132.587934	0	s1	3	9.662153	67885
132.755834	0	s1	3	9.830053	67971
132.755834	0	s1	3	9.830053	67971
132.921834	0	s1	3	9.996053	68056
132.921834	0	s1	3	9.996053	68056
133.087934	0	s1	3	10.162153	68141
133.087934	0	s1	3	10.162153	68141
133.255834	0	s1	3	10.330053	68227
133.255834	0	s1	3	10.330053	68227
133.421834	0	s1	3	10.496053	68312
133.421834	0	s1	3	10.496053	68312
133.587934	0	s1	3	10.662153	68397
133.587934	0	s1	3	10.662153	68397
133.753934	0	s1	3	10.828153	68482
133.753934	0	s1	3	10.828153	68482
133.921834	0	s1	3	10.996053	68568
133.921834	0	s1	3	10.996053	68568
134.087934	0	s1	3	11.162153	68653
134.087934	0	s1	3	11.162153	68653
134.255834	0	s1	3	11.330053	68739
134.255834	0	s1	3	11.330053	68739
134.421834	0	s1	3	11.496053	68824
134.421834	0	s1	3	11.496053	68824
134.587934	0	s1	3	11.662153	68909
134.587934	0	s1	3	11.662153	68909
134.753934	0	s1	3	11.828153	68994
134.753934	0	s1	3	11.828153	68994
134.921834	0	s1	3	11.996053	69080
134.921834	0	s1	3	11.996053	69080
135.087934	0	s1	3	12.162153	69165
135.087934	0	s1	3	12.162153	69165
135.253934	0	s1	3	12.328153	69250
135.253934	0	s1	3	12.328153	69250
135.419934	0	s1	3	12.494153	69335
135.419934	0	s1	3	12.494153	69335
135.585934	0	s1	3	12.660153	69420
135.585934	0	s1	3	12.660153	69420
135.753934	0	s1	3	12.828153	69506
135.753934	0	s1	3	12.828153	69506
135.919934	0	s1	3	12.994153	69591
135.919934	0	s1	3	12.994153	69591
136.085934	0	s1	3	13.160153	69676
136.085934	0	s1	3	13.160153	69676
136.253934	0	s1	3	13.328153	69762
136.253934	0	s1	3	13.328153	69762
136.419934	0	s1	3	13.494153	69847
136.419934	0	s1	3	13.494153	69847
136.587934	0	s1	3	13.662153	69933
136.587934	0	s1	3	13.662153	69933
136.753934	0	s1	3	13.828153	70018
136.753934	0	s1	3	13.828153	70018
136.919934	0	s1	3	13.994153	70103
136.919934	0	s1	3	13.994153	70103
137.085934	0	s1	3	14.160153	70188
137.085934	0	s1	3	14.160153	70188
137.251934	0	s1	3	14.326153	70273
137.251934	0	s1	3	14.326153	70273
137.419934	0	s1	3	14.494153	70359
137.419934	0	s1	3	14.494153	70359
137.585934	0	s1	3	14.660153	70444
137.585934	0	s1	3	14.660153	70444
137.751934	0	s1	3	14.826153	70529
137.751934	0	s1	3	14.826153	70529
137.919934	0	s1	3	14.994153	70615
137.919934	0	s1	3	14.994153	70615
138.085934	0	s1	3	15.160153	70700
138.085934	0	s1	3	15.160153	70700
138.253934	0	s1	3	15.328153	70786
138.253934	0	s1	3	15.328153	70786
138.419934	0	s1	3	15.494153	70871
138.419934	0	s1	3	15.494153	70871
138.585934	0	s1	3	15.660153	70956
138.585934	0	s1	3	15.660153	70956
138.751934	0	s1	3	15.826153	71041
138.751934	0	s1	3	15.826153	71041
138.917934	0	s1	3	15.992153	71126
138.917934	0	s1	3	15.992153	71126
139.085934	0	s1	3	16.160153	71212
139.085934	0	s1	3	16.160153	71212
139.251934	0	s1	3	16.326153	71297
139.251934	0	s1	3	16.326153	71297
139.417934	0	s1	3	16.492153	71382
139.417934	0	s1	3	16.492153	71382
139.585934	0	s1	3	16.660153	71468
139.585934	0	s1	3	16.660153	71468
139.751934	0	s1	3	16.826153	71553
139.751934	0	s1	3	16.826153	71553
139.917934	0	s1	3	16.992153	71638
139.917934	0	s1	3	16.992153	71638
140.084034	0	s1	3	17.158253	71723
140.084034	0	s1	3	17.158253	71723
140.251934	0	s1	3	17.326153	71809
140.251934	0	s1	3	17.326153	71809
140.417934	0	s1	3	17.492153	71894
140.417934	0	s1	3	17.492153	71894
140.584034	0	s1	3	17.658253	71979
140.584034	0	s1	3	17.658253	71979
140.751934	0	s1	3	17.826153	72065
140.751934	0	s1	3	17.826153	72065
140.917934	0	s1	3	17.992153	72150
140.917934	0	s1	3	17.992153	72150
141.084034	0	s1	3	18.158253	72235
141.084034	0	s1	3	18.158253	72235
141.248034	0	s1	3	18.322253	72319
141.248034	0	s1	3	18.322253	72319
141.417934	0	s1	3	18.492153	72406
141.417934	0	s1	3	18.492153	72406
141.584034	0	s1	3	18.658253	72491
141.584034	0	s1	3	18.658253	72491
141.748034	0	s1	3	18.822253	72575
141.748034	0	s1	3	18.822253	72575
141.917934	0	s1	3	18.992153	72662
141.917934	0	s1	3	18.992153	72662
142.084034	0	s1	3	19.158253	72747
142.084034	0	s1	3	19.158253	72747
142.248034	0	s1	3	19.322253	72831
142.248034	0	s1	3	19.322253	72831
142.417934	0	s1	3	19.492153	72918
142.417934	0	s1	3	19.492153	72918
142.584034	0	s1	3	19.658253	73003
142.584034	0	s1	3	19.658253	73003
142.748034	0	s1	3	19.822253	73087
142.748034	0	s1	3	19.822253	73087
142.916034	0	s1	3	19.990253	73173
142.916034	0	s1	3	19.990253	73173
143.084034	0	s1	3	20.158253	73259
143.084034	0	s1	3	20.158253	73259
143.248034	0	s1	3	20.322253	73343
143.248034	0	s1	3	20.322253	73343
143.416034	0	s1	3	20.490253	73429
143.416034	0	s1	3	20.490253	73429
143.584034	0	s1	3	20.658253	73515
143.584034	0	s1	3	20.658253	73515
143.748034	0	s1	3	20.822253	73599
143.748034	0	s1	3	20.822253	73599
143.916034	0	s1	3	20.990253	73685
143.916034	0	s1	3	20.990253	73685
144.084034	0	s1	3	21.158253	73771
144.084034	0	s1	3	21.158253	73771
144.248034	0	s1	3	21.322253	73855
144.248034	0	s1	3	21.322253	73855
144.416034	0	s1	3	21.490253	73941
144.416034	0	s1	3	21.490253	73941
144.582034	0	s1	3	21.656253	74026
144.582034	0	s1	3	21.656253	74026
144.748034	0	s1	3	21.822253	74111
144.748034	0	s1	3	21.822253	74111
144.916034	0	s1	3	21.990253	74197
144.916034	0	s1	3	21.990253	74197
145.082034	0	s1	3	22.156253	74282
145.082034	0	s1	3	22.156253	74282
145.248034	0	s1	3	22.322253	74367
145.248034	0	s1	3	22.322253	74367
145.416034	0	s1	3	22.490253	74453
145.416034	0	s1	3	22.490253	74453
145.582034	0	s1	3	22.656253	74538
145.582034	0	s1	3	22.656253	74538
145.748034	0	s1	3	22.822253	74623
145.748034	0	s1	3	22.822253	74623
145.916034	0	s1	3	22.990253	74709
145.916034	0	s1	3	22.990253	74709
146.082034	0	s1	3	23.156253	74794
146.082034	0	s1	3	23.156253	74794
146.248034	0	s1	3	23.322253	74879
146.248034	0	s1	3	23.322253	74879
146.416034	0	s1	3	23.490253	74965
146.416034	0	s1	3	23.490253	74965
146.582034	0	s1	3	23.656253	75050
146.582034	0	s1	3	23.656253	75050
146.748034	0	s1	3	23.822253	75135
146.748034	0	s1	3	23.822253	75135
146.914034	0	s1	3	23.988253	75220
146.914034	0	s1	3	23.988253	75220
147.082034	0	s1	3	24.156253	75306
147.082034	0	s1	3	24.156253	75306
147.248034	0	s1	3	24.322253	75391
147.248034	0	s1	3	24.322253	75391
147.416034	0	s1	3	24.490253	75477
147.416034	0	s1	3	24.490253	75477
147.580034	0	s1	3	24.654253	75561
147.580034	0	s1	3	24.654253	75561
147.748034	0	s1	3	24.822253	75647
147.748034	0	s1	3	24.822253	75647
147.914034	0	s1	3	24.988253	75732
147.914034	0	s1	3	24.988253	75732
148.082034	0	s1	3	25.156253	75818
148.082034	0	s1	3	25.156253	75818
148.248034	0	s1	3	25.322253	75903
148.248034	0	s1	3	25.322253	75903
148.414034	0	s1	3	25.488253	75988
148.414034	0	s1	3	25.488253	75988
148.580034	0	s1	3	25.654253	76073
148.580034	0	s1	3	25.654253	76073
148.748034	0	s1	3	25.822253	76159
148.748034	0	s1	3	25.822253	76159
148.914034	0	s1	3	25.988253	76244
148.914034	0	s1	3	25.988253	76244
149.082034	0	s1	3	26.156253	76330
149.082034	0	s1	3	26.156253	76330
149.248034	0	s1	3	26.322253	76415
149.248034	0	s1	3	26.322253	76415
149.414034	0	s1	3	26.488253	76500
149.414034	0	s1	3	26.488253	76500
149.580034	0	s1	3	26.654253	76585
149.580034	0	s1	3	26.654253	76585
149.748034	0	s1	3	26.822253	76671
149.748034	0	s1	3	26.822253	76671
149.914034	0	s1	3	26.988253	76756
149.914034	0	s1	3	26.988253	76756
150.082034	0	s1	3	27.156253	76842
150.082034	0	s1	3	27.156253	76842
150.246134	0	s1	3	27.320353	76926
150.246134	0	s1	3	27.320353	76926
150.414034	0	s1	3	27.488253	77012
150.414034	0	s1	3	27.488253	77012
150.580034	0	s1	3	27.654253	77097
150.580034	0	s1	3	27.654253	77097
150.746134	0	s1	3	27.820353	77182
150.746134	0	s1	3	27.820353	77182
150.914034	0	s1	3	27.988253	77268
150.914034	0	s1	3	27.988253	77268
151.080034	0	s1	3	28.154253	77353
151.080034	0	s1	3	28.154253	77353
151.246134	0	s1	3	28.320353	77438
151.246134	0	s1	3	28.320353	77438
151.414034	0	s1	3	28.488253	77524
151.414034	0	s1	3	28.488253	77524
151.580034	0	s1	3	28.654253	77609
151.580034	0	s1	3	28.654253	77609
151.746134	0	s1	3	28.820353	77694
151.746134	0	s1	3	28.820353	77694
151.912134	0	s1	3	28.986353	77779
151.912134	0	s1	3	28.986353	77779
152.080034	0	s1	3	29.154253	77865
152.080034	0	s1	3	29.154253	77865
152.246134	0	s1	3	29.320353	77950
152.246134	0	s1	3	29.320353	77950
152.412134	0	s1	3	29.486353	78035
152.412134	0	s1	3	29.486353	78035
152.580034	0	s1	3	29.654253	78121
152.580034	0	s1	3	29.654253	78121
152.746134	0	s1	3	29.820353	78206
152.746134	0	s1	3	29.820353	78206
152.912134	0	s1	3	29.986353	78291
152.912134	0	s1	3	29.986353	78291
153.078134	0	s1	3	30.152353	78376
153.078134	0	s1	3	30.152353	78376
153.246134	0	s1	3	30.320353	78462
153.246134	0	s1	3	30.320353	78462
153.412134	0	s1	3	30.486353	78547
153.412134	0	s1	3	30.486353	78547
153.578134	0	s1	3	30.652353	78632
153.578134	0	s1	3	30.652353	78632
153.746134	0	s1	3	30.820353	78718
153.746134	0	s1	3	30.820353	78718
153.912134	0	s1	3	30.986353	78803
153.912134	0	s1	3	30.986353	78803
154.078134	0	s1	3	31.152353	78888
154.078134	0	s1	3	31.152353	78888
154.244134	0	s1	3	31.318353	78973
154.244134	0	s1	3	31.318353	78973
154.412134	0	s1	3	31.486353	79059
154.412134	0	s1	3	31.486353	79059
154.578134	0	s1	3	31.652353	79144
154.578134	0	s1	3	31.652353	79144
154.744134	0	s1	3	31.818353	79229
154.744134	0	s1	3	31.818353	79229
154.912134	0	s1	3	31.986353	79315
154.912134	0	s1	3	31.986353	79315
155.078134	0	s1	3	32.152353	79400
155.078134	0	s1	3	32.152353	79400
155.244134	0	s1	3	32.318353	79485
155.244134	0	s1	3	32.318353	79485
155.412134	0	s1	3	32.486353	79571
155.412134	0	s1	3	32.486353	79571
155.578134	0	s1	3	32.652353	79656
155.578134	0	s1	3	32.652353	79656
155.744134	0	s1	3	32.818353	79741
155.744134	0	s1	3	32.818353	79741
155.910134	0	s1	3	32.984353	79826
155.910134	0	s1	3	32.984353	79826
156.078134	0	s1	3	33.152353	79912
156.078134	0	s1	3	33.152353	79912
156.244134	0	s1	3	33.318353	79997
156.244134	0	s1	3	33.318353	79997
156.410134	0	s1	3	33.484353	80082
156.410134	0	s1	3	33.484353	80082
156.578134	0	s1	3	33.652353	80168
156.578134	0	s1	3	33.652353	80168
156.744134	0	s1	3	33.818353	80253
156.744134	0	s1	3	33.818353	80253
156.910134	0	s1	3	33.984353	80338
156.910134	0	s1	3	33.984353	80338
157.076134	0	s1	3	34.150353	80423
157.076134	0	s1	3	34.150353	80423
157.244134	0	s1	3	34.318353	80509
157.244134	0	s1	3	34.318353	80509
157.410134	0	s1	3	34.484353	80594
157.410134	0	s1	3	34.484353	80594
157.576134	0	s1	3	34.650353	80679
157.576134	0	s1	3	34.650353	80679
157.744134	0	s1	3	34.818353	80765
157.744134	0	s1	3	34.818353	80765
157.910134	0	s1	3	34.984353	80850
157.910134	0	s1	3	34.984353	80850
158.076134	0	s1	3	35.150353	80935
158.076134	0	s1	3	35.150353	80935
158.244134	0	s1	3	35.318353	81021
158.244134	0	s1	3	35.318353	81021
158.410134	0	s1	3	35.484353	81106
158.410134	0	s1	3	35.484353	81106
158.576134	0	s1	3	35.650353	81191
158.576134	0	s1	3	35.650353	81191
158.742234	0	s1	3	35.816453	81276
158.742234	0	s1	3	35.816453	81276
158.910134	0	s1	3	35.984353	81362
158.910134	0	s1	3	35.984353	81362
159.076134	0	s1	3	36.150353	81447
159.076134	0	s1	3	36.150353	81447
159.242234	0	s1	3	36.316453	81532
159.242234	0	s1	3	36.316453	81532
159.410134	0	s1	3	36.484353	81618
159.410134	0	s1	3	36.484353	81618
159.576134	0	s1	3	36.650353	81703
159.576134	0	s1	3	36.650353	81703
159.742234	0	s1	3	36.816453	81788
159.742234	0	s1	3	36.816453	81788
159.910134	0	s1	3	36.984353	81874
159.910134	0	s1	3	36.984353	81874
160.076134	0	s1	3	37.150353	81959
160.076134	0	s1	3	37.150353	81959
160.242234	0	s1	3	37.316453	82044
160.242234	0	s1	3	37.316453	82044
160.408234	0	s1	3	37.482453	82129
160.408234	0	s1	3	37.482453	82129
160.576134	0	s1	3	37.650353	82215
160.576134	0	s1	3	37.650353	82215
160.742234	0	s1	3	37.816453	82300
160.742234	0	s1	3	37.816453	82300
160.908234	0	s1	3	37.982453	82385
160.908234	0	s1	3	37.982453	82385
161.076134	0	s1	3	38.150353	82471
161.076134	0	s1	3	38.150353	82471
161.242234	0	s1	3	38.316453	82556
161.242234	0	s1	3	38.316453	82556
161.408234	0	s1	3	38.482453	82641
161.408234	0	s1	3	38.482453	82641
161.576134	0	s1	3	38.650353	82727
161.576134	0	s1	3	38.650353	82727
161.742234	0	s1	3	38.816453	82812
161.742234	0	s1	3	38.816453	82812
161.908234	0	s1	3	38.982453	82897
161.908234	0	s1	3	38.982453	82897
162.074234	0	s1	3	39.148453	82982
162.074234	0	s1	3	39.148453	82982
162.242234	0	s1	3	39.316453	83068
162.242234	0	s1	3	39.316453	83068
162.408234	0	s1	3	39.482453	83153
162.408234	0	s1	3	39.482453	83153
162.574234	0	s1	3	39.648453	83238
162.574234	0	s1	3	39.648453	83238
162.740234	0	s1	3	39.814453	83323
162.740234	0	s1	3	39.814453	83323
162.908234	0	s1	3	39.982453	83409
162.908234	0	s1	3	39.982453	83409
163.074234	0	s1	3	40.148453	83494
163.074234	0	s1	3	40.148453	83494
163.242234	0	s1	3	40.316453	83580
163.242234	0	s1	3	40.316453	83580
163.408234	0	s1	3	40.482453	83665
163.408234	0	s1	3	40.482453	83665
163.574234	0	s1	3	40.648453	83750
163.574234	0	s1	3	40.648453	83750
163.740234	0	s1	3	40.814453	83835
163.740234	0	s1	3	40.814453	83835
163.908234	0	s1	3	40.982453	83921
163.908234	0	s1	3	40.982453	83921
164.074234	0	s1	3	41.148453	84006
164.074234	0	s1	3	41.148453	84006
164.240234	0	s1	3	41.314453	84091
164.240234	0	s1	3	41.314453	84091
164.404334	0	s1	3	41.478553	84175
164.404334	0	s1	3	41.478553	84175
164.574234	0	s1	3	41.648453	84262
164.574234	0	s1	3	41.648453	84262
164.740234	0	s1	3	41.814453	84347
164.740234	0	s1	3	41.814453	84347
164.908234	0	s1	3	41.982453	84433
164.908234	0	s1	3	41.982453	84433
165.074234	0	s1	3	42.148453	84518
165.074234	0	s1	3	42.148453	84518
165.240234	0	s1	3	42.314453	84603
165.240234	0	s1	3	42.314453	84603
165.404334	0	s1	3	42.478553	84687
165.404334	0	s1	3	42.478553	84687
165.574234	0	s1	3	42.648453	84774
165.574234	0	s1	3	42.648453	84774
165.740234	0	s1	3	42.814453	84859
165.740234	0	s1	3	42.814453	84859
165.904334	0	s1	3	42.978553	84943
165.904334	0	s1	3	42.978553	84943
166.072234	0	s1	3	43.146453	85029
166.072234	0	s1	3	43.146453	85029
166.240234	0	s1	3	43.314453	85115
166.240234	0	s1	3	43.314453	85115
166.404334	0	s1	3	43.478553	85199
166.404334	0	s1	3	43.478553	85199
166.572234	0	s1	3	43.646453	85285
166.572234	0	s1	3	43.646453	85285
166.738234	0	s1	3	43.812453	85370
166.738234	0	s1	3	43.812453	85370
166.904334	0	s1	3	43.978553	85455
166.904334	0	s1	3	43.978553	85455
167.072234	0	s1	3	44.146453	85541
167.072234	0	s1	3	44.146453	85541
167.240234	0	s1	3	44.314453	85627
167.240234	0	s1	3	44.314453	85627
167.404334	0	s1	3	44.478553	85711
167.404334	0	s1	3	44.478553	85711
167.572234	0	s1	3	44.646453	85797
167.572234	0	s1	3	44.646453	85797
167.738234	0	s1	3	44.812453	85882
167.738234	0	s1	3	44.812453	85882
167.904334	0	s1	3	44.978553	85967
167.904334	0	s1	3	44.978553	85967
168.072234	0	s1	3	45.146453	86053
168.072234	0	s1	3	45.146453	86053
168.240234	0	s1	3	45.314453	86139
168.240234	0	s1	3	45.314453	86139
168.404334	0	s1	3	45.478553	86223
168.404334	0	s1	3	45.478553	86223
168.572234	0	s1	3	45.646453	86309
168.572234	0	s1	3	45.646453	86309
168.738234	0	s1	3	45.812453	86394
168.738234	0	s1	3	45.812453	86394
168.904334	0	s1	3	45.978553	86479
168.904334	0	s1	3	45.978553	86479
169.072234	0	s1	3	46.146453	86565
169.072234	0	s1	3	46.146453	86565
169.238234	0	s1	3	46.312453	86650
169.238234	0	s1	3	46.312453	86650
169.404334	0	s1	3	46.478553	86735
169.404334	0	s1	3	46.478553	86735
169.570334	0	s1	3	46.644553	86820
169.570334	0	s1	3	46.644553	86820
169.738234	0	s1	3	46.812453	86906
169.738234	0	s1	3	46.812453	86906
169.904334	0	s1	3	46.978553	86991
169.904334	0	s1	3	46.978553	86991
170.070334	0	s1	3	47.144553	87076
170.070334	0	s1	3	47.144553	87076
170.238234	0	s1	3	47.312453	87162
170.238234	0	s1	3	47.312453	87162
170.404334	0	s1	3	47.478553	87247
170.404334	0	s1	3	47.478553	87247
170.570334	0	s1	3	47.644553	87332
170.570334	0	s1	3	47.644553	87332
170.738234	0	s1	3	47.812453	87418
170.738234	0	s1	3	47.812453	87418
170.904334	0	s1	3	47.978553	87503
170.904334	0	s1	3	47.978553	87503
171.070334	0	s1	3	48.144553	87588
171.070334	0	s1	3	48.144553	87588
171.238234	0	s1	3	48.312453	87674
171.238234	0	s1	3	48.312453	87674
171.404334	0	s1	3	48.478553	87759
171.404334	0	s1	3	48.478553	87759
171.570334	0	s1	3	48.644553	87844
171.570334	0	s1	3	48.644553	87844
171.736334	0	s1	3	48.810553	87929
171.736334	0	s1	3	48.810553	87929
171.904334	0	s1	3	48.978553	88015
171.904334	0	s1	3	48.978553	88015
172.070334	0	s1	3	49.144553	88100
172.070334	0	s1	3	49.144553	88100
172.236334	0	s1	3	49.310553	88185
172.236334	0	s1	3	49.310553	88185
172.404334	0	s1	3	49.478553	88271
172.404334	0	s1	3	49.478553	88271
172.570334	0	s1	3	49.644553	88356
172.570334	0	s1	3	49.644553	88356
172.736334	0	s1	3	49.810553	88441
172.736334	0	s1	3	49.810553	88441
172.902334	0	s1	3	49.976553	88526
172.902334	0	s1	3	49.976553	88526
173.070334	0	s1	3	50.144553	88612
173.070334	0	s1	3	50.144553	88612
173.236334	0	s1	3	50.310553	88697
173.236334	0	s1	3	50.310553	88697
173.402334	0	s1	3	50.476553	88782
173.402334	0	s1	3	50.476553	88782
173.570334	0	s1	3	50.644553	88868
173.570334	0	s1	3	50.644553	88868
173.736334	0	s1	3	50.810553	88953
173.736334	0	s1	3	50.810553	88953
173.902334	0	s1	3	50.976553	89038
173.902334	0	s1	3	50.976553	89038
174.070334	0	s1	3	51.144553	89124
174.070334	0	s1	3	51.144553	89124
174.236334	0	s1	3	51.310553	89209
174.236334	0	s1	3	51.310553	89209
174.402334	0	s1	3	51.476553	89294
174.402334	0	s1	3	51.476553	89294
174.568334	0	s1	3	51.642553	89379
174.568334	0	s1	3	51.642553	89379
174.736334	0	s1	3	51.810553	89465
174.736334	0	s1	3	51.810553	89465
174.902334	0	s1	3	51.976553	89550
174.902334	0	s1	3	51.976553	89550
175.068334	0	s1	3	52.142553	89635
175.068334	0	s1	3	52.142553	89635
175.236334	0	s1	3	52.310553	89721
175.236334	0	s1	3	52.310553	89721
175.402334	0	s1	3	52.476553	89806
175.402334	0	s1	3	52.476553	89806
175.568334	0	s1	3	52.642553	89891
175.568334	0	s1	3	52.642553	89891
175.736334	0	s1	3	52.810553	89977
175.736334	0	s1	3	52.810553	89977
175.902334	0	s1	3	52.976553	90062
175.902334	0	s1	3	52.976553	90062
176.068334	0	s1	3	53.142553	90147
176.068334	0	s1	3	53.142553	90147
176.234334	0	s1	3	53.308553	90232
176.234334	0	s1	3	53.308553	90232
176.402334	0	s1	3	53.476553	90318
176.402334	0	s1	3	53.476553	90318
176.568334	0	s1	3	53.642553	90403
176.568334	0	s1	3	53.642553	90403
176.734334	0	s1	3	53.808553	90488
176.734334	0	s1	3	53.808553	90488
176.900434	0	s1	3	53.974653	90573
176.900434	0	s1	3	53.974653	90573
177.068334	0	s1	3	54.142553	90659
177.068334	0	s1	3	54.142553	90659
177.234334	0	s1	3	54.308553	90744
177.234334	0	s1	3	54.308553	90744
177.402334	0	s1	3	54.476553	90830
177.402334	0	s1	3	54.476553	90830
177.568334	0	s1	3	54.642553	90915
177.568334	0	s1	3	54.642553	90915
177.734334	0	s1	3	54.808553	91000
177.734334	0	s1	3	54.808553	91000
177.900434	0	s1	3	54.974653	91085
177.900434	0	s1	3	54.974653	91085
178.068334	0	s1	3	55.142553	91171
178.068334	0	s1	3	55.142553	91171
178.234334	0	s1	3	55.308553	91256
178.234334	0	s1	3	55.308553	91256
178.400434	0	s1	3	55.474653	91341
178.400434	0	s1	3	55.474653	91341
178.566434	0	s1	3	55.640653	91426
178.566434	0	s1	3	55.640653	91426
178.734334	0	s1	3	55.808553	91512
178.734334	0	s1	3	55.808553	91512
178.900434	0	s1	3	55.974653	91597
178.900434	0	s1	3	55.974653	91597
179.068334	0	s1	3	56.142553	91683
179.068334	0	s1	3	56.142553	91683
179.234334	0	s1	3	56.308553	91768
179.234334	0	s1	3	56.308553	91768
179.400434	0	s1	3	56.474653	91853
179.400434	0	s1	3	56.474653	91853
179.566434	0	s1	3	56.640653	91938
179.566434	0	s1	3	56.640653	91938
179.734334	0	s1	3	56.808553	92024
179.734334	0	s1	3	56.808553	92024
179.900434	0	s1	3	56.974653	92109
179.900434	0	s1	3	56.974653	92109
180.066434	0	s1	3	57.140653	92194
180.066434	0	s1	3	57.140653	92194
180.232434	0	s1	3	57.306653	92279
180.232434	0	s1	3	57.306653	92279
180.400434	0	s1	3	57.474653	92365
180.400434	0	s1	3	57.474653	92365
180.566434	0	s1	3	57.640653	92450
180.566434	0	s1	3	57.640653	92450
180.734334	0	s1	3	57.808553	92536
180.734334	0	s1	3	57.808553	92536
180.900434	0	s1	3	57.974653	92621
180.900434	0	s1	3	57.974653	92621
181.066434	0	s1	3	58.140653	92706
181.066434	0	s1	3	58.140653	92706
181.232434	0	s1	3	58.306653	92791
181.232434	0	s1	3	58.306653	92791
181.398434	0	s1	3	58.472653	92876
181.398434	0	s1	3	58.472653	92876
181.566434	0	s1	3	58.640653	92962
181.566434	0	s1	3	58.640653	92962
181.732434	0	s1	3	58.806653	93047
181.732434	0	s1	3	58.806653	93047
181.898434	0	s1	3	58.972653	93132
181.898434	0	s1	3	58.972653	93132
182.066434	0	s1	3	59.140653	93218
182.066434	0	s1	3	59.140653	93218
182.232434	0	s1	3	59.306653	93303
182.232434	0	s1	3	59.306653	93303
182.398434	0	s1	3	59.472653	93388
182.398434	0	s1	3	59.472653	93388
182.564434	0	s1	3	59.638653	93473
182.564434	0	s1	3	59.638653	93473
182.732434	0	s1	3	59.806653	93559
182.732434	0	s1	3	59.806653	93559
182.898434	0	s1	3	59.972653	93644
182.898434	0	s1	3	59.972653	93644
183.064434	0	s1	3	60.138653	93729
183.064434	0	s1	3	60.138653	93729
183.232434	0	s1	3	60.306653	93815
183.232434	0	s1	3	60.306653	93815
183.398434	0	s1	3	60.472653	93900
183.398434	0	s1	3	60.472653	93900
183.564434	0	s1	3	60.638653	93985
183.564434	0	s1	3	60.638653	93985
183.732434	0	s1	3	60.806653	94071
183.732434	0	s1	3	60.806653	94071
183.898434	0	s1	3	60.972653	94156
183.898434	0	s1	3	60.972653	94156
184.064434	0	s1	3	61.138653	94241
184.064434	0	s1	3	61.138653	94241
184.230434	0	s1	3	61.304653	94326
184.230434	0	s1	3	61.304653	94326
184.398434	0	s1	3	61.472653	94412
184.398434	0	s1	3	61.472653	94412
184.564434	0	s1	3	61.638653	94497
184.564434	0	s1	3	61.638653	94497
184.730434	0	s1	3	61.804653	94582
184.730434	0	s1	3	61.804653	94582
184.898434	0	s1	3	61.972653	94668
184.898434	0	s1	3	61.972653	94668
185.064434	0	s1	3	62.138653	94753
185.064434	0	s1	3	62.138653	94753
185.230434	0	s1	3	62.304653	94838
185.230434	0	s1	3	62.304653	94838
185.398434	0	s1	3	62.472653	94924
185.398434	0	s1	3	62.472653	94924
185.564434	0	s1	3	62.638653	95009
185.564434	0	s1	3	62.638653	95009
185.730434	0	s1	3	62.804653	95094
185.730434	0	s1	3	62.804653	95094
185.896534	0	s1	3	62.970753	95179
185.896534	0	s1	3	62.970753	95179
186.064434	0	s1	3	63.138653	95265
186.064434	0	s1	3	63.138653	95265
186.230434	0	s1	3	63.304653	95350
186.230434	0	s1	3	63.304653	95350
186.396534	0	s1	3	63.470753	95435
186.396534	0	s1	3	63.470753	95435
186.564434	0	s1	3	63.638653	95521
186.564434	0	s1	3	63.638653	95521
186.730434	0	s1	3	63.804653	95606
186.730434	0	s1	3	63.804653	95606
186.896534	0	s1	3	63.970753	95691
186.896534	0	s1	3	63.970753	95691
187.060534	0	s1	3	64.134753	95775
187.060534	0	s1	3	64.134753	95775
187.230434	0	s1	3	64.304653	95862
187.230434	0	s1	3	64.304653	95862
187.554725	0	s1	4	2.166053	96028
187.554725	0	s1	4	2.166053	96028
187.720725	0	s1	4	2.332053	96113
187.720725	0	s1	4	2.332053	96113
187.884725	0	s1	4	2.496053	96197
187.884725	0	s1	4	2.496053	96197
188.054725	0	s1	4	2.666053	96284
188.054725	0	s1	4	2.666053	96284
188.220725	0	s1	4	2.832053	96369
188.220725	0	s1	4	2.832053	96369
188.384725	0	s1	4	2.996053	96453
188.384725	0	s1	4	2.996053	96453
188.554725	0	s1	4	3.166053	96540
188.554725	0	s1	4	3.166053	96540
188.720725	0	s1	4	3.332053	96625
188.720725	0	s1	4	3.332053	96625
188.884725	0	s1	4	3.496053	96709
188.884725	0	s1	4	3.496053	96709
189.052725	0	s1	4	3.664053	96795
189.052725	0	s1	4	3.664053	96795
189.220725	0	s1	4	3.832053	96881
189.220725	0	s1	4	3.832053	96881
189.384725	0	s1	4	3.996053	96965
189.384725	0	s1	4	3.996053	96965
189.552725	0	s1	4	4.164053	97051
189.552725	0	s1	4	4.164053	97051
189.720725	0	s1	4	4.332053	97137
189.720725	0	s1	4	4.332053	97137
189.884725	0	s1	4	4.496053	97221
189.884725	0	s1	4	4.496053	97221
190.052725	0	s1	4	4.664053	97307
190.052725	0	s1	4	4.664053	97307
190.220725	0	s1	4	4.832053	97393
190.220725	0	s1	4	4.832053	97393
190.384725	0	s1	4	4.996053	97477
190.384725	0	s1	4	4.996053	97477
190.552725	0	s1	4	5.164053	97563
190.552725	0	s1	4	5.164053	97563
190.718725	0	s1	4	5.330053	97648
190.718725	0	s1	4	5.330053	97648
190.884725	0	s1	4	5.496053	97733
190.884725	0	s1	4	5.496053	97733
191.052725	0	s1	4	5.664053	97819
191.052725	0	s1	4	5.664053	97819
191.218725	0	s1	4	5.830053	97904
191.218725	0	s1	4	5.830053	97904
191.384725	0	s1	4	5.996053	97989
191.384725	0	s1	4	5.996053	97989
191.552725	0	s1	4	6.164053	98075
191.552725	0	s1	4	6.164053	98075
191.718725	0	s1	4	6.330053	98160
191.718725	0	s1	4	6.330053	98160
191.884725	0	s1	4	6.496053	98245
191.884725	0	s1	4	6.496053	98245
192.052725	0	s1	4	6.664053	98331
192.052725	0	s1	4	6.664053	98331
192.218725	0	s1	4	6.830053	98416
192.218725	0	s1	4	6.830053	98416
192.384725	0	s1	4	6.996053	98501
192.384725	0	s1	4	6.996053	98501
192.552725	0	s1	4	7.164053	98587
192.552725	0	s1	4	7.164053	98587
192.718725	0	s1	4	7.330053	98672
192.718725	0	s1	4	7.330053	98672
192.884725	0	s1	4	7.496053	98757
192.884725	0	s1	4	7.496053	98757
193.050825	0	s1	4	7.662153	98842
193.050825	0	s1	4	7.662153	98842
193.218725	0	s1	4	7.830053	98928
193.218725	0	s1	4	7.830053	98928
193.384725	0	s1	4	7.996053	99013
193.384725	0	s1	4	7.996053	99013
193.552725	0	s1	4	8.164053	99099
193.552725	0	s1	4	8.164053	99099
193.718725	0	s1	4	8.330053	99184
193.718725	0	s1	4	8.330053	99184
193.884725	0	s1	4	8.496053	99269
193.884725	0	s1	4	8.496053	99269
194.050825	0	s1	4	8.662153	99354
194.050825	0	s1	4	8.662153	99354
194.216825	0	s1	4	8.828153	99439
194.216825	0	s1	4	8.828153	99439
194.384725	0	s1	4	8.996053	99525
194.384725	0	s1	4	8.996053	99525
194.550825	0	s1	4	9.162153	99610
194.550825	0	s1	4	9.162153	99610
194.716825	0	s1	4	9.328153	99695
194.716825	0	s1	4	9.328153	99695
194.884725	0	s1	4	9.496053	99781
194.884725	0	s1	4	9.496053	99781
195.050825	0	s1	4	9.662153	99866
195.050825	0	s1	4	9.662153	99866
195.216825	0	s1	4	9.828153	99951
195.216825	0	s1	4	9.828153	99951
195.384725	0	s1	4	9.996053	100037
195.384725	0	s1	4	9.996053	100037
195.550825	0	s1	4	10.162153	100122
195.550825	0	s1	4	10.162153	100122
195.716825	0	s1	4	10.328153	100207
195.716825	0	s1	4	10.328153	100207
195.882825	0	s1	4	10.494153	100292
195.882825	0	s1	4	10.494153	100292
196.050825	0	s1	4	10.662153	100378
196.050825	0	s1	4	10.662153	100378
196.216825	0	s1	4	10.828153	100463
196.216825	0	s1	4	10.828153	100463
196.382825	0	s1	4	10.994153	100548
196.382825	0	s1	4	10.994153	100548
196.550825	0	s1	4	11.162153	100634
196.550825	0	s1	4	11.162153	100634
196.716825	0	s1	4	11.328153	100719
196.716825	0	s1	4	11.328153	100719
196.882825	0	s1	4	11.494153	100804
196.882825	0	s1	4	11.494153	100804
197.048825	0	s1	4	11.660153	100889
197.048825	0	s1	4	11.660153	100889
197.216825	0	s1	4	11.828153	100975
197.216825	0	s1	4	11.828153	100975
197.382825	0	s1	4	11.994153	101060
197.382825	0	s1	4	11.994153	101060
197.548825	0	s1	4	12.160153	101145
197.548825	0	s1	4	12.160153	101145
197.716825	0	s1	4	12.328153	101231
197.716825	0	s1	4	12.328153	101231
197.882825	0	s1	4	12.494153	101316
197.882825	0	s1	4	12.494153	101316
198.048825	0	s1	4	12.660153	101401
198.048825	0	s1	4	12.660153	101401
198.216825	0	s1	4	12.828153	101487
198.216825	0	s1	4	12.828153	101487
198.382825	0	s1	4	12.994153	101572
198.382825	0	s1	4	12.994153	101572
198.548825	0	s1	4	13.160153	101657
198.548825	0	s1	4	13.160153	101657
198.716825	0	s1	4	13.328153	101743
198.716825	0	s1	4	13.328153	101743
198.882825	0	s1	4	13.494153	101828
198.882825	0	s1	4	13.494153	101828
199.048825	0	s1	4	13.660153	101913
199.048825	0	s1	4	13.660153	101913
199.214825	0	s1	4	13.826153	101998
199.214825	0	s1	4	13.826153	101998
199.382825	0	s1	4	13.994153	102084
199.382825	0	s1	4	13.994153	102084
199.548825	0	s1	4	14.160153	102169
199.548825	0	s1	4	14.160153	102169
199.714825	0	s1	4	14.326153	102254
199.714825	0	s1	4	14.326153	102254
199.880825	0	s1	4	14.492153	102339
199.880825	0	s1	4	14.492153	102339
200.048825	0	s1	4	14.660153	102425
200.048825	0	s1	4	14.660153	102425
200.214825	0	s1	4	14.826153	102510
200.214825	0	s1	4	14.826153	102510
200.380825	0	s1	4	14.992153	102595
200.380825	0	s1	4	14.992153	102595
200.548825	0	s1	4	15.160153	102681
200.548825	0	s1	4	15.160153	102681
200.714825	0	s1	4	15.326153	102766
200.714825	0	s1	4	15.326153	102766
200.880825	0	s1	4	15.492153	102851
200.880825	0	s1	4	15.492153	102851
201.048825	0	s1	4	15.660153	102937
201.048825	0	s1	4	15.660153	102937
201.214825	0	s1	4	15.826153	103022
201.214825	0	s1	4	15.826153	103022
201.380825	0	s1	4	15.992153	103107
201.380825	0	s1	4	15.992153	103107
201.548825	0	s1	4	16.160153	103193
201.548825	0	s1	4	16.160153	103193
201.714825	0	s1	4	16.326153	103278
201.714825	0	s1	4	16.326153	103278
201.880825	0	s1	4	16.492153	103363
201.880825	0	s1	4	16.492153	103363
202.046925	0	s1	4	16.658253	103448
202.046925	0	s1	4	16.658253	103448
202.214825	0	s1	4	16.826153	103534
202.214825	0	s1	4	16.826153	103534
202.380825	0	s1	4	16.992153	103619
202.380825	0	s1	4	16.992153	103619
202.546925	0	s1	4	17.158253	103704
202.546925	0	s1	4	17.158253	103704
202.714825	0	s1	4	17.326153	103790
202.714825	0	s1	4	17.326153	103790
202.880825	0	s1	4	17.492153	103875
202.880825	0	s1	4	17.492153	103875
203.046925	0	s1	4	17.658253	103960
203.046925	0	s1	4	17.658253	103960
203.212925	0	s1	4	17.824253	104045
203.212925	0	s1	4	17.824253	104045
203.380825	0	s1	4	17.992153	104131
203.380825	0	s1	4	17.992153	104131
203.546925	0	s1	4	18.158253	104216
203.546925	0	s1	4	18.158253	104216
203.712925	0	s1	4	18.324253	104301
203.712925	0	s1	4	18.324253	104301
203.880825	0	s1	4	18.492153	104387
203.880825	0	s1	4	18.492153	104387
204.046925	0	s1	4	18.658253	104472
204.046925	0	s1	4	18.658253	104472
204.212925	0	s1	4	18.824253	104557
204.212925	0	s1	4	18.824253	104557
204.380825	0	s1	4	18.992153	104643
204.380825	0	s1	4	18.992153	104643
204.546925	0	s1	4	19.158253	104728
204.546925	0	s1	4	19.158253	104728
204.712925	0	s1	4	19.324253	104813
204.712925	0	s1	4	19.324253	104813
204.878925	0	s1	4	19.490253	104898
204.878925	0	s1	4	19.490253	104898
205.046925	0	s1	4	19.658253	104984
205.046925	0	s1	4	19.658253	104984
205.212925	0	s1	4	19.824253	105069
205.212925	0	s1	4	19.824253	105069
205.378925	0	s1	4	19.990253	105154
205.378925	0	s1	4	19.990253	105154
205.544925	0	s1	4	20.156253	105239
205.544925	0	s1	4	20.156253	105239
205.712925	0	s1	4	20.324253	105325
205.712925	0	s1	4	20.324253	105325
205.878925	0	s1	4	20.490253	105410
205.878925	0	s1	4	20.490253	105410
206.046925	0	s1	4	20.658253	105496
206.046925	0	s1	4	20.658253	105496
206.212925	0	s1	4	20.824253	105581
206.212925	0	s1	4	20.824253	105581
206.378925	0	s1	4	20.990253	105666
206.378925	0	s1	4	20.990253	105666
206.544925	0	s1	4	21.156253	105751
206.544925	0	s1	4	21.156253	105751
206.712925	0	s1	4	21.324253	105837
206.712925	0	s1	4	21.324253	105837
206.878925	0	s1	4	21.490253	105922
206.878925	0	s1	4	21.490253	105922
207.046925	0	s1	4	21.658253	106008
207.046925	0	s1	4	21.658253	106008
207.212925	0	s1	4	21.824253	106093
207.212925	0	s1	4	21.824253	106093
207.378925	0	s1	4	21.990253	106178
207.378925	0	s1	4	21.990253	106178
207.544925	0	s1	4	22.156253	106263
207.544925	0	s1	4	22.156253	106263
207.712925	0	s1	4	22.324253	106349
207.712925	0	s1	4	22.324253	106349
207.878925	0	s1	4	22.490253	106434
207.878925	0	s1	4	22.490253	106434
208.044925	0	s1	4	22.656253	106519
208.044925	0	s1	4	22.656253	106519
208.210925	0	s1	4	22.822253	106604
208.210925	0	s1	4	22.822253	106604
208.378925	0	s1	4	22.990253	106690
208.378925	0	s1	4	22.990253	106690
208.544925	0	s1	4	23.156253	106775
208.544925	0	s1	4	23.156253	106775
208.710925	0	s1	4	23.322253	106860
208.710925	0	s1	4	23.322253	106860
208.876925	0	s1	4	23.488253	106945
208.876925	0	s1	4	23.488253	106945
209.044925	0	s1	4	23.656253	107031
209.044925	0	s1	4	23.656253	107031
209.210925	0	s1	4	23.822253	107116
209.210925	0	s1	4	23.822253	107116
209.378925	0	s1	4	23.990253	107202
209.378925	0	s1	4	23.990253	107202
209.544925	0	s1	4	24.156253	107287
209.544925	0	s1	4	24.156253	107287
209.710925	0	s1	4	24.322253	107372
209.710925	0	s1	4	24.322253	107372
209.876925	0	s1	4	24.488253	107457
209.876925	0	s1	4	24.488253	107457
210.044925	0	s1	4	24.656253	107543
210.044925	0	s1	4	24.656253	107543
210.210925	0	s1	4	24.822253	107628
210.210925	0	s1	4	24.822253	107628
210.376925	0	s1	4	24.988253	107713
210.376925	0	s1	4	24.988253	107713
210.541025	0	s1	4	25.152353	107797
210.541025	0	s1	4	25.152353	107797
210.710925	0	s1	4	25.322253	107884
210.710925	0	s1	4	25.322253	107884
210.876925	0	s1	4	25.488253	107969
210.876925	0	s1	4	25.488253	107969
211.041025	0	s1	4	25.652353	108053
211.041025	0	s1	4	25.652353	108053
211.210925	0	s1	4	25.822253	108140
211.210925	0	s1	4	25.822253	108140
211.376925	0	s1	4	25.988253	108225
211.376925	0	s1	4	25.988253	108225
211.541025	0	s1	4	26.152353	108309
211.541025	0	s1	4	26.152353	108309
211.709025	0	s1	4	26.320353	108395
211.709025	0	s1	4	26.320353	108395
211.876925	0	s1	4	26.488253	108481
211.876925	0	s1	4	26.488253	108481
212.041025	0	s1	4	26.652353	108565
212.041025	0	s1	4	26.652353	108565
212.209025	0	s1	4	26.820353	108651
212.209025	0	s1	4	26.820353	108651
212.376925	0	s1	4	26.988253	108737
212.376925	0	s1	4	26.988253	108737
212.541025	0	s1	4	27.152353	108821
212.541025	0	s1	4	27.152353	108821
212.710925	0	s1	4	27.322253	108908
212.710925	0	s1	4	27.322253	108908
212.876925	0	s1	4	27.488253	108993
212.876925	0	s1	4	27.488253	108993
213.041025	0	s1	4	27.652353	109077
213.041025	0	s1	4	27.652353	109077
213.209025	0	s1	4	27.820353	109163
213.209025	0	s1	4	27.820353	109163
213.375025	0	s1	4	27.986353	109248
213.375025	0	s1	4	27.986353	109248
213.541025	0	s1	4	28.152353	109333
213.541025	0	s1	4	28.152353	109333
213.709025	0	s1	4	28.320353	109419
213.709025	0	s1	4	28.320353	109419
213.875025	0	s1	4	28.486353	109504
213.875025	0	s1	4	28.486353	109504
214.041025	0	s1	4	28.652353	109589
214.041025	0	s1	4	28.652353	109589
214.209025	0	s1	4	28.820353	109675
214.209025	0	s1	4	28.820353	109675
214.375025	0	s1	4	28.986353	109760
214.375025	0	s1	4	28.986353	109760
214.541025	0	s1	4	29.152353	109845
214.541025	0	s1	4	29.152353	109845
214.709025	0	s1	4	29.320353	109931
214.709025	0	s1	4	29.320353	109931
214.875025	0	s1	4	29.486353	110016
214.875025	0	s1	4	29.486353	110016
215.041025	0	s1	4	29.652353	110101
215.041025	0	s1	4	29.652353	110101
215.209025	0	s1	4	29.820353	110187
215.209025	0	s1	4	29.820353	110187
215.375025	0	s1	4	29.986353	110272
215.375025	0	s1	4	29.986353	110272
215.541025	0	s1	4	30.152353	110357
215.541025	0	s1	4	30.152353	110357
215.707025	0	s1	4	30.318353	110442
215.707025	0	s1	4	30.318353	110442
215.875025	0	s1	4	30.486353	110528
215.875025	0	s1	4	30.486353	110528
216.041025	0	s1	4	30.652353	110613
216.041025	0	s1	4	30.652353	110613
216.207025	0	s1	4	30.818353	110698
216.207025	0	s1	4	30.818353	110698
216.375025	0	s1	4	30.986353	110784
216.375025	0	s1	4	30.986353	110784
216.541025	0	s1	4	31.152353	110869
216.541025	0	s1	4	31.152353	110869
216.707025	0	s1	4	31.318353	110954
216.707025	0	s1	4	31.318353	110954
216.875025	0	s1	4	31.486353	111040
216.875025	0	s1	4	31.486353	111040
217.041025	0	s1	4	31.652353	111125
217.041025	0	s1	4	31.652353	111125
217.207025	0	s1	4	31.818353	111210
217.207025	0	s1	4	31.818353	111210
217.373025	0	s1	4	31.984353	111295
217.373025	0	s1	4	31.984353	111295
217.541025	0	s1	4	32.152353	111381
217.541025	0	s1	4	32.152353	111381
217.707025	0	s1	4	32.318353	111466
217.707025	0	s1	4	32.318353	111466
217.875025	0	s1	4	32.486353	111552
217.875025	0	s1	4	32.486353	111552
218.041025	0	s1	4	32.652353	111637
218.041025	0	s1	4	32.652353	111637
218.207025	0	s1	4	32.818353	111722
218.207025	0	s1	4	32.818353	111722
218.373025	0	s1	4	32.984353	111807
218.373025	0	s1	4	32.984353	111807
218.541025	0	s1	4	33.152353	111893
218.541025	0	s1	4	33.152353	111893
218.707025	0	s1	4	33.318353	111978
218.707025	0	s1	4	33.318353	111978
218.873025	0	s1	4	33.484353	112063
218.873025	0	s1	4	33.484353	112063
219.039025	0	s1	4	33.650353	112148
219.039025	0	s1	4	33.650353	112148
219.207025	0	s1	4	33.818353	112234
219.207025	0	s1	4	33.818353	112234
219.373025	0	s1	4	33.984353	112319
219.373025	0	s1	4	33.984353	112319
219.539025	0	s1	4	34.150353	112404
219.539025	0	s1	4	34.150353	112404
219.707025	0	s1	4	34.318353	112490
219.707025	0	s1	4	34.318353	112490
219.873025	0	s1	4	34.484353	112575
219.873025	0	s1	4	34.484353	112575
220.039025	0	s1	4	34.650353	112660
220.039025	0	s1	4	34.650353	112660
220.207025	0	s1	4	34.818353	112746
220.207025	0	s1	4	34.818353	112746
220.373025	0	s1	4	34.984353	112831
220.373025	0	s1	4	34.984353	112831
220.539025	0	s1	4	35.150353	112916
220.539025	0	s1	4	35.150353	112916
220.705125	0	s1	4	35.316453	113001
220.705125	0	s1	4	35.316453	113001
220.873025	0	s1	4	35.484353	113087
220.873025	0	s1	4	35.484353	113087
221.039025	0	s1	4	35.650353	113172
221.039025	0	s1	4	35.650353	113172
221.205125	0	s1	4	35.816453	113257
221.205125	0	s1	4	35.816453	113257
221.373025	0	s1	4	35.984353	113343
221.373025	0	s1	4	35.984353	113343
221.539025	0	s1	4	36.150353	113428
221.539025	0	s1	4	36.150353	113428
221.705125	0	s1	4	36.316453	113513
221.705125	0	s1	4	36.316453	113513
221.873025	0	s1	4	36.484353	113599
221.873025	0	s1	4	36.484353	113599
222.039025	0	s1	4	36.650353	113684
222.039025	0	s1	4	36.650353	113684
222.205125	0	s1	4	36.816453	113769
222.205125	0	s1	4	36.816453	113769
222.371125	0	s1	4	36.982453	113854
222.371125	0	s1	4	36.982453	113854
222.539025	0	s1	4	37.150353	113940
222.539025	0	s1	4	37.150353	113940
222.705125	0	s1	4	37.316453	114025
222.705125	0	s1	4	37.316453	114025
222.871125	0	s1	4	37.482453	114110
222.871125	0	s1	4	37.482453	114110
223.039025	0	s1	4	37.650353	114196
223.039025	0	s1	4	37.650353	114196
223.205125	0	s1	4	37.816453	114281
223.205125	0	s1	4	37.816453	114281
223.371125	0	s1	4	37.982453	114366
223.371125	0	s1	4	37.982453	114366
223.539025	0	s1	4	38.150353	114452
223.539025	0	s1	4	38.150353	114452
223.705125	0	s1	4	38.316453	114537
223.705125	0	s1	4	38.316453	114537
223.871125	0	s1	4	38.482453	114622
223.871125	0	s1	4	38.482453	114622
224.037125	0	s1	4	38.648453	114707
224.037125	0	s1	4	38.648453	114707
224.205125	0	s1	4	38.816453	114793
224.205125	0	s1	4	38.816453	114793
224.371125	0	s1	4	38.982453	114878
224.371125	0	s1	4	38.982453	114878
224.537125	0	s1	4	39.148453	114963
224.537125	0	s1	4	39.148453	114963
224.703125	0	s1	4	39.314453	115048
224.703125	0	s1	4	39.314453	115048
224.871125	0	s1	4	39.482453	115134
224.871125	0	s1	4	39.482453	115134
225.037125	0	s1	4	39.648453	115219
225.037125	0	s1	4	39.648453	115219
225.205125	0	s1	4	39.816453	115305
225.205125	0	s1	4	39.816453	115305
225.371125	0	s1	4	39.982453	115390
225.371125	0	s1	4	39.982453	115390
225.537125	0	s1	4	40.148453	115475
225.537125	0	s1	4	40.148453	115475
225.703125	0	s1	4	40.314453	115560
225.703125	0	s1	4	40.314453	115560
225.871125	0	s1	4	40.482453	115646
225.871125	0	s1	4	40.482453	115646
226.037125	0	s1	4	40.648453	115731
226.037125	0	s1	4	40.648453	115731
226.203125	0	s1	4	40.814453	115816
226.203125	0	s1	4	40.814453	115816
226.369125	0	s1	4	40.980453	115901
226.369125	0	s1	4	40.980453	115901
226.537125	0	s1	4	41.148453	115987
226.537125	0	s1	4	41.148453	115987
226.703125	0	s1	4	41.314453	116072
226.703125	0	s1	4	41.314453	116072
226.871125	0	s1	4	41.482453	116158
226.871125	0	s1	4	41.482453	116158
227.037125	0	s1	4	41.648453	116243
227.037125	0	s1	4	41.648453	116243
227.203125	0	s1	4	41.814453	116328
227.203125	0	s1	4	41.814453	116328
227.369125	0	s1	4	41.980453	116413
227.369125	0	s1	4	41.980453	116413
227.537125	0	s1	4	42.148453	116499
227.537125	0	s1	4	42.148453	116499
227.703125	0	s1	4	42.314453	116584
227.703125	0	s1	4	42.314453	116584
227.869125	0	s1	4	42.480453	116669
227.869125	0	s1	4	42.480453	116669
228.035125	0	s1	4	42.646453	116754
228.035125	0	s1	4	42.646453	116754
228.203125	0	s1	4	42.814453	116840
228.203125	0	s1	4	42.814453	116840
228.369125	0	s1	4	42.980453	116925
228.369125	0	s1	4	42.980453	116925
228.535125	0	s1	4	43.146453	117010
228.535125	0	s1	4	43.146453	117010
228.703125	0	s1	4	43.314453	117096
228.703125	0	s1	4	43.314453	117096
228.869125	0	s1	4	43.480453	117181
228.869125	0	s1	4	43.480453	117181
229.035125	0	s1	4	43.646453	117266
229.035125	0	s1	4	43.646453	117266
229.201125	0	s1	4	43.812453	117351
229.201125	0	s1	4	43.812453	117351
229.369125	0	s1	4	43.980453	117437
229.369125	0	s1	4	43.980453	117437
229.535125	0	s1	4	44.146453	117522
229.535125	0	s1	4	44.146453	117522
229.701125	0	s1	4	44.312453	117607
229.701125	0	s1	4	44.312453	117607
229.869125	0	s1	4	44.480453	117693
229.869125	0	s1	4	44.480453	117693
230.035125	0	s1	4	44.646453	117778
230.035125	0	s1	4	44.646453	117778
230.201125	0	s1	4	44.812453	117863
230.201125	0	s1	4	44.812453	117863
230.367225	0	s1	4	44.978553	117948
230.367225	0	s1	4	44.978553	117948
230.535125	0	s1	4	45.146453	118034
230.535125	0	s1	4	45.146453	118034
230.701125	0	s1	4	45.312453	118119
230.701125	0	s1	4	45.312453	118119
230.867225	0	s1	4	45.478553	118204
230.867225	0	s1	4	45.478553	118204
231.035125	0	s1	4	45.646453	118290
231.035125	0	s1	4	45.646453	118290
231.201125	0	s1	4	45.812453	118375
231.201125	0	s1	4	45.812453	118375
231.367225	0	s1	4	45.978553	118460
231.367225	0	s1	4	45.978553	118460
231.535125	0	s1	4	46.146453	118546
231.535125	0	s1	4	46.146453	118546
231.701125	0	s1	4	46.312453	118631
231.701125	0	s1	4	46.312453	118631
231.867225	0	s1	4	46.478553	118716
231.867225	0	s1	4	46.478553	118716
232.033225	0	s1	4	46.644553	118801
232.033225	0	s1	4	46.644553	118801
232.201125	0	s1	4	46.812453	118887
232.201125	0	s1	4	46.812453	118887
232.367225	0	s1	4	46.978553	118972
232.367225	0	s1	4	46.978553	118972
232.533225	0	s1	4	47.144553	119057
232.533225	0	s1	4	47.144553	119057
232.701125	0	s1	4	47.312453	119143
232.701125	0	s1	4	47.312453	119143
232.867225	0	s1	4	47.478553	119228
232.867225	0	s1	4	47.478553	119228
233.033225	0	s1	4	47.644553	119313
233.033225	0	s1	4	47.644553	119313
233.197225	0	s1	4	47.808553	119397
233.197225	0	s1	4	47.808553	119397
233.367225	0	s1	4	47.978553	119484
233.367225	0	s1	4	47.978553	119484
233.533225	0	s1	4	48.144553	119569
233.533225	0	s1	4	48.144553	119569
233.697225	0	s1	4	48.308553	119653
233.697225	0	s1	4	48.308553	119653
233.867225	0	s1	4	48.478553	119740
233.867225	0	s1	4	48.478553	119740
234.033225	0	s1	4	48.644553	119825
234.033225	0	s1	4	48.644553	119825
234.197225	0	s1	4	48.808553	119909
234.197225	0	s1	4	48.808553	119909
234.367225	0	s1	4	48.978553	119996
234.367225	0	s1	4	48.978553	119996
234.533225	0	s1	4	49.144553	120081
234.533225	0	s1	4	49.144553	120081
234.697225	0	s1	4	49.308553	120165
234.697225	0	s1	4	49.308553	120165
234.865225	0	s1	4	49.476553	120251
234.865225	0	s1	4	49.476553	120251
235.033225	0	s1	4	49.644553	120337
235.033225	0	s1	4	49.644553	120337
235.197225	0	s1	4	49.808553	120421
235.197225	0	s1	4	49.808553	120421
235.365225	0	s1	4	49.976553	120507
235.365225	0	s1	4	49.976553	120507
235.533225	0	s1	4	50.144553	120593
235.533225	0	s1	4	50.144553	120593
235.697225	0	s1	4	50.308553	120677
235.697225	0	s1	4	50.308553	120677
235.865225	0	s1	4	50.476553	120763
235.865225	0	s1	4	50.476553	120763
236.033225	0	s1	4	50.644553	120849
236.033225	0	s1	4	50.644553	120849
236.197225	0	s1	4	50.808553	120933
236.197225	0	s1	4	50.808553	120933
236.365225	0	s1	4	50.976553	121019
236.365225	0	s1	4	50.976553	121019
236.531225	0	s1	4	51.142553	121104
236.531225	0	s1	4	51.142553	121104
236.697225	0	s1	4	51.308553	121189
236.697225	0	s1	4	51.308553	121189
236.865225	0	s1	4	51.476553	121275
236.865225	0	s1	4	51.476553	121275
237.031225	0	s1	4	51.642553	121360
237.031225	0	s1	4	51.642553	121360
237.197225	0	s1	4	51.808553	121445
237.197225	0	s1	4	51.808553	121445
237.365225	0	s1	4	51.976553	121531
237.365225	0	s1	4	51.976553	121531
237.531225	0	s1	4	52.142553	121616
237.531225	0	s1	4	52.142553	121616
237.697225	0	s1	4	52.308553	121701
237.697225	0	s1	4	52.308553	121701
237.865225	0	s1	4	52.476553	121787
237.865225	0	s1	4	52.476553	121787
238.031225	0	s1	4	52.642553	121872
238.031225	0	s1	4	52.642553	121872
238.197225	0	s1	4	52.808553	121957
238.197225	0	s1	4	52.808553	121957
238.365225	0	s1	4	52.976553	122043
238.365225	0	s1	4	52.976553	122043
238.531225	0	s1	4	53.142553	122128
238.531225	0	s1	4	53.142553	122128
238.697225	0	s1	4	53.308553	122213
238.697225	0	s1	4	53.308553	122213
238.865225	0	s1	4	53.476553	122299
238.865225	0	s1	4	53.476553	122299
239.031225	0	s1	4	53.642553	122384
239.031225	0	s1	4	53.642553	122384
239.197225	0	s1	4	53.808553	122469
239.197225	0	s1	4	53.808553	122469
239.365225	0	s1	4	53.976553	122555
239.365225	0	s1	4	53.976553	122555
239.531225	0	s1	4	54.142553	122640
239.531225	0	s1	4	54.142553	122640
239.697225	0	s1	4	54.308553	122725
239.697225	0	s1	4	54.308553	122725
239.863325	0	s1	4	54.474653	122810
239.863325	0	s1	4	54.474653	122810
240.031225	0	s1	4	54.642553	122896
240.031225	0	s1	4	54.642553	122896
240.197225	0	s1	4	54.808553	122981
240.197225	0	s1	4	54.808553	122981
240.365225	0	s1	4	54.976553	123067
240.365225	0	s1	4	54.976553	123067
240.529325	0	s1	4	55.140653	123151
240.529325	0	s1	4	55.140653	123151
240.697225	0	s1	4	55.308553	123237
240.697225	0	s1	4	55.308553	123237
240.863325	0	s1	4	55.474653	123322
240.863325	0	s1	4	55.474653	123322
241.031225	0	s1	4	55.642553	123408
241.031225	0	s1	4	55.642553	123408
241.197225	0	s1	4	55.808553	123493
241.197225	0	s1	4	55.808553	123493
241.363325	0	s1	4	55.974653	123578
241.363325	0	s1	4	55.974653	123578
241.529325	0	s1	4	56.140653	123663
241.529325	0	s1	4	56.140653	123663
241.697225	0	s1	4	56.308553	123749
241.697225	0	s1	4	56.308553	123749
241.863325	0	s1	4	56.474653	123834
241.863325	0	s1	4	56.474653	123834
242.029325	0	s1	4	56.640653	123919
242.029325	0	s1	4	56.640653	123919
242.195325	0	s1	4	56.806653	124004
242.195325	0	s1	4	56.806653	124004
242.363325	0	s1	4	56.974653	124090
242.363325	0	s1	4	56.974653	124090
242.529325	0	s1	4	57.140653	124175
242.529325	0	s1	4	57.140653	124175
242.697225	0	s1	4	57.308553	124261
242.697225	0	s1	4	57.308553	124261
242.861325	0	s1	4	57.472653	124345
242.861325	0	s1	4	57.472653	124345
243.029325	0	s1	4	57.640653	124431
243.029325	0	s1	4	57.640653	124431
243.195325	0	s1	4	57.806653	124516
243.195325	0	s1	4	57.806653	124516
243.361325	0	s1	4	57.972653	124601
243.361325	0	s1	4	57.972653	124601
243.529325	0	s1	4	58.140653	124687
243.529325	0	s1	4	58.140653	124687
243.695325	0	s1	4	58.306653	124772
243.695325	0	s1	4	58.306653	124772
243.861325	0	s1	4	58.472653	124857
243.861325	0	s1	4	58.472653	124857
244.029325	0	s1	4	58.640653	124943
244.029325	0	s1	4	58.640653	124943
244.195325	0	s1	4	58.806653	125028
244.195325	0	s1	4	58.806653	125028
244.363325	0	s1	4	58.974653	125114
244.363325	0	s1	4	58.974653	125114
244.527325	0	s1	4	59.138653	125198
244.527325	0	s1	4	59.138653	125198
244.695325	0	s1	4	59.306653	125284
244.695325	0	s1	4	59.306653	125284
244.861325	0	s1	4	59.472653	125369
244.861325	0	s1	4	59.472653	125369
245.027325	0	s1	4	59.638653	125454
245.027325	0	s1	4	59.638653	125454
245.195325	0	s1	4	59.806653	125540
245.195325	0	s1	4	59.806653	125540
245.361325	0	s1	4	59.972653	125625
245.361325	0	s1	4	59.972653	125625
245.527325	0	s1	4	60.138653	125710
245.527325	0	s1	4	60.138653	125710
245.693325	0	s1	4	60.304653	125795
245.693325	0	s1	4	60.304653	125795
245.861325	0	s1	4	60.472653	125881
245.861325	0	s1	4	60.472653	125881
246.027325	0	s1	4	60.638653	125966
246.027325	0	s1	4	60.638653	125966
246.193325	0	s1	4	60.804653	126051
246.193325	0	s1	4	60.804653	126051
246.361325	0	s1	4	60.972653	126137
246.361325	0	s1	4	60.972653	126137
246.527325	0	s1	4	61.138653	126222
246.527325	0	s1	4	61.138653	126222
246.693325	0	s1	4	61.304653	126307
246.693325	0	s1	4	61.304653	126307
246.861325	0	s1	4	61.472653	126393
246.861325	0	s1	4	61.472653	126393
247.027325	0	s1	4	61.638653	126478
247.027325	0	s1	4	61.638653	126478
247.193325	0	s1	4	61.804653	126563
247.193325	0	s1	4	61.804653	126563
247.361325	0	s1	4	61.972653	126649
247.361325	0	s1	4	61.972653	126649
247.527325	0	s1	4	62.138653	126734
247.527325	0	s1	4	62.138653	126734
247.693325	0	s1	4	62.304653	126819
247.693325	0	s1	4	62.304653	126819
247.859425	0	s1	4	62.470753	126904
247.859425	0	s1	4	62.470753	126904
248.027325	0	s1	4	62.638653	126990
248.027325	0	s1	4	62.638653	126990
248.193325	0	s1	4	62.804653	127075
248.193325	0	s1	4	62.804653	127075
248.359425	0	s1	4	62.970753	127160
248.359425	0	s1	4	62.970753	127160
248.527325	0	s1	4	63.138653	127246
248.527325	0	s1	4	63.138653	127246
248.693325	0	s1	4	63.304653	127331
248.693325	0	s1	4	63.304653	127331
248.859425	0	s1	4	63.470753	127416
248.859425	0	s1	4	63.470753	127416
249.025425	0	s1	4	63.636753	127501
249.025425	0	s1	4	63.636753	127501
249.193325	0	s1	4	63.804653	127587
249.193325	0	s1	4	63.804653	127587
249.359425	0	s1	4	63.970753	127672
249.359425	0	s1	4	63.970753	127672
249.525425	0	s1	4	64.136753	127757
249.525425	0	s1	4	64.136753	127757
249.693325	0	s1	4	64.304653	127843
249.693325	0	s1	4	64.304653	127843
250.019516	0	s1	5	2.167953	128010
250.019516	0	s1	5	2.167953	128010
250.185516	0	s1	5	2.333953	128095
250.185516	0	s1	5	2.333953	128095
250.351516	0	s1	5	2.499953	128180
250.351516	0	s1	5	2.499953	128180
250.519516	0	s1	5	2.667953	128266
250.519516	0	s1	5	2.667953	128266
250.685516	0	s1	5	2.833953	128351
250.685516	0	s1	5	2.833953	128351
250.851516	0	s1	5	2.999953	128436
250.851516	0	s1	5	2.999953	128436
251.019516	0	s1	5	3.167953	128522
251.019516	0	s1	5	3.167953	128522
251.185516	0	s1	5	3.333953	128607
251.185516	0	s1	5	3.333953	128607
251.351516	0	s1	5	3.499953	128692
251.351516	0	s1	5	3.499953	128692
251.517616	0	s1	5	3.666053	128777
251.517616	0	s1	5	3.666053	128777
251.685516	0	s1	5	3.833953	128863
251.685516	0	s1	5	3.833953	128863
251.851516	0	s1	5	3.999953	128948
251.851516	0	s1	5	3.999953	128948
252.017616	0	s1	5	4.166053	129033
252.017616	0	s1	5	4.166053	129033
252.185516	0	s1	5	4.333953	129119
252.185516	0	s1	5	4.333953	129119
252.351516	0	s1	5	4.499953	129204
252.351516	0	s1	5	4.499953	129204
252.517616	0	s1	5	4.666053	129289
252.517616	0	s1	5	4.666053	129289
252.683616	0	s1	5	4.832053	129374
252.683616	0	s1	5	4.832053	129374
252.851516	0	s1	5	4.999953	129460
252.851516	0	s1	5	4.999953	129460
253.017616	0	s1	5	5.166053	129545
253.017616	0	s1	5	5.166053	129545
253.183616	0	s1	5	5.332053	129630
253.183616	0	s1	5	5.332053	129630
253.351516	0	s1	5	5.499953	129716
253.351516	0	s1	5	5.499953	129716
253.517616	0	s1	5	5.666053	129801
253.517616	0	s1	5	5.666053	129801
253.683616	0	s1	5	5.832053	129886
253.683616	0	s1	5	5.832053	129886
253.851516	0	s1	5	5.999953	129972
253.851516	0	s1	5	5.999953	129972
254.017616	0	s1	5	6.166053	130057
254.017616	0	s1	5	6.166053	130057
254.183616	0	s1	5	6.332053	130142
254.183616	0	s1	5	6.332053	130142
254.349616	0	s1	5	6.498053	130227
254.349616	0	s1	5	6.498053	130227
254.517616	0	s1	5	6.666053	130313
254.517616	0	s1	5	6.666053	130313
254.683616	0	s1	5	6.832053	130398
254.683616	0	s1	5	6.832053	130398
254.849616	0	s1	5	6.998053	130483
254.849616	0	s1	5	6.998053	130483
255.017616	0	s1	5	7.166053	130569
255.017616	0	s1	5	7.166053	130569
255.183616	0	s1	5	7.332053	130654
255.183616	0	s1	5	7.332053	130654
255.349616	0	s1	5	7.498053	130739
255.349616	0	s1	5	7.498053	130739
255.515616	0	s1	5	7.664053	130824
255.515616	0	s1	5	7.664053	130824
255.683616	0	s1	5	7.832053	130910
255.683616	0	s1	5	7.832053	130910
255.849616	0	s1	5	7.998053	130995
255.849616	0	s1	5	7.998053	130995
256.015616	0	s1	5	8.164053	131080
256.015616	0	s1	5	8.164053	131080
256.183616	0	s1	5	8.332053	131166
256.183616	0	s1	5	8.332053	131166
256.349616	0	s1	5	8.498053	131251
256.349616	0	s1	5	8.498053	131251
256.515616	0	s1	5	8.664053	131336
256.515616	0	s1	5	8.664053	131336
256.681616	0	s1	5	8.830053	131421
256.681616	0	s1	5	8.830053	131421
256.849616	0	s1	5	8.998053	131507
256.849616	0	s1	5	8.998053	131507
257.015616	0	s1	5	9.164053	131592
257.015616	0	s1	5	9.164053	131592
257.181616	0	s1	5	9.330053	131677
257.181616	0	s1	5	9.330053	131677
257.349616	0	s1	5	9.498053	131763
257.349616	0	s1	5	9.498053	131763
257.515616	0	s1	5	9.664053	131848
257.515616	0	s1	5	9.664053	131848
257.681616	0	s1	5	9.830053	131933
257.681616	0	s1	5	9.830053	131933
257.849616	0	s1	5	9.998053	132019
257.849616	0	s1	5	9.998053	132019
258.015616	0	s1	5	10.164053	132104
258.015616	0	s1	5	10.164053	132104
258.181616	0	s1	5	10.330053	132189
258.181616	0	s1	5	10.330053	132189
258.347616	0	s1	5	10.496053	132274
258.347616	0	s1	5	10.496053	132274
258.515616	0	s1	5	10.664053	132360
258.515616	0	s1	5	10.664053	132360
258.681616	0	s1	5	10.830053	132445
258.681616	0	s1	5	10.830053	132445
258.847616	0	s1	5	10.996053	132530
258.847616	0	s1	5	10.996053	132530
259.015616	0	s1	5	11.164053	132616
259.015616	0	s1	5	11.164053	132616
259.181616	0	s1	5	11.330053	132701
259.181616	0	s1	5	11.330053	132701
259.347616	0	s1	5	11.496053	132786
259.347616	0	s1	5	11.496053	132786
259.515616	0	s1	5	11.664053	132872
259.515616	0	s1	5	11.664053	132872
259.681616	0	s1	5	11.830053	132957
259.681616	0	s1	5	11.830053	132957
259.847616	0	s1	5	11.996053	133042
259.847616	0	s1	5	11.996053	133042
260.013716	0	s1	5	12.162153	133127
260.013716	0	s1	5	12.162153	133127
260.181616	0	s1	5	12.330053	133213
260.181616	0	s1	5	12.330053	133213
260.347616	0	s1	5	12.496053	133298
260.347616	0	s1	5	12.496053	133298
260.513716	0	s1	5	12.662153	133383
260.513716	0	s1	5	12.662153	133383
260.681616	0	s1	5	12.830053	133469
260.681616	0	s1	5	12.830053	133469
260.847616	0	s1	5	12.996053	133554
260.847616	0	s1	5	12.996053	133554
261.013716	0	s1	5	13.162153	133639
261.013716	0	s1	5	13.162153	133639
261.179716	0	s1	5	13.328153	133724
261.179716	0	s1	5	13.328153	133724
261.347616	0	s1	5	13.496053	133810
261.347616	0	s1	5	13.496053	133810
261.513716	0	s1	5	13.662153	133895
261.513716	0	s1	5	13.662153	133895
261.679716	0	s1	5	13.828153	133980
261.679716	0	s1	5	13.828153	133980
261.847616	0	s1	5	13.996053	134066
261.847616	0	s1	5	13.996053	134066
262.013716	0	s1	5	14.162153	134151
262.013716	0	s1	5	14.162153	134151
262.179716	0	s1	5	14.328153	134236
262.179716	0	s1	5	14.328153	134236
262.345716	0	s1	5	14.494153	134321
262.345716	0	s1	5	14.494153	134321
262.513716	0	s1	5	14.662153	134407
262.513716	0	s1	5	14.662153	134407
262.679716	0	s1	5	14.828153	134492
262.679716	0	s1	5	14.828153	134492
262.845716	0	s1	5	14.994153	134577
262.845716	0	s1	5	14.994153	134577
263.013716	0	s1	5	15.162153	134663
263.013716	0	s1	5	15.162153	134663
263.179716	0	s1	5	15.328153	134748
263.179716	0	s1	5	15.328153	134748
263.345716	0	s1	5	15.494153	134833
263.345716	0	s1	5	15.494153	134833
263.513716	0	s1	5	15.662153	134919
263.513716	0	s1	5	15.662153	134919
263.679716	0	s1	5	15.828153	135004
263.679716	0	s1	5	15.828153	135004
263.845716	0	s1	5	15.994153	135089
263.845716	0	s1	5	15.994153	135089
264.011716	0	s1	5	16.160153	135174
264.011716	0	s1	5	16.160153	135174
264.179716	0	s1	5	16.328153	135260
264.179716	0	s1	5	16.328153	135260
264.345716	0	s1	5	16.494153	135345
264.345716	0	s1	5	16.494153	135345
264.511716	0	s1	5	16.660153	135430
264.511716	0	s1	5	16.660153	135430
264.679716	0	s1	5	16.828153	135516
264.679716	0	s1	5	16.828153	135516
264.845716	0	s1	5	16.994153	135601
264.845716	0	s1	5	16.994153	135601
265.011716	0	s1	5	17.160153	135686
265.011716	0	s1	5	17.160153	135686
265.179716	0	s1	5	17.328153	135772
265.179716	0	s1	5	17.328153	135772
265.345716	0	s1	5	17.494153	135857
265.345716	0	s1	5	17.494153	135857
265.511716	0	s1	5	17.660153	135942
265.511716	0	s1	5	17.660153	135942
265.677716	0	s1	5	17.826153	136027
265.677716	0	s1	5	17.826153	136027
265.845716	0	s1	5	17.994153	136113
265.845716	0	s1	5	17.994153	136113
266.011716	0	s1	5	18.160153	136198
266.011716	0	s1	5	18.160153	136198
266.177716	0	s1	5	18.326153	136283
266.177716	0	s1	5	18.326153	136283
266.345716	0	s1	5	18.494153	136369
266.345716	0	s1	5	18.494153	136369
266.511716	0	s1	5	18.660153	136454
266.511716	0	s1	5	18.660153	136454
266.677716	0	s1	5	18.826153	136539
266.677716	0	s1	5	18.826153	136539
266.843716	0	s1	5	18.992153	136624
266.843716	0	s1	5	18.992153	136624
267.011716	0	s1	5	19.160153	136710
267.011716	0	s1	5	19.160153	136710
267.177716	0	s1	5	19.326153	136795
267.177716	0	s1	5	19.326153	136795
267.343716	0	s1	5	19.492153	136880
267.343716	0	s1	5	19.492153	136880
267.511716	0	s1	5	19.660153	136966
267.511716	0	s1	5	19.660153	136966
267.677716	0	s1	5	19.826153	137051
267.677716	0	s1	5	19.826153	137051
267.843716	0	s1	5	19.992153	137136
267.843716	0	s1	5	19.992153	137136
268.007816	0	s1	5	20.156253	137220
268.007816	0	s1	5	20.156253	137220
268.177716	0	s1	5	20.326153	137307
268.177716	0	s1	5	20.326153	137307
268.343716	0	s1	5	20.492153	137392
268.343716	0	s1	5	20.492153	137392
268.507816	0	s1	5	20.656253	137476
268.507816	0	s1	5	20.656253	137476
268.677716	0	s1	5	20.826153	137563
268.677716	0	s1	5	20.826153	137563
268.843716	0	s1	5	20.992153	137648
268.843716	0	s1	5	20.992153	137648
269.007816	0	s1	5	21.156253	137732
269.007816	0	s1	5	21.156253	137732
269.177716	0	s1	5	21.326153	137819
269.177716	0	s1	5	21.326153	137819
269.343716	0	s1	5	21.492153	137904
269.343716	0	s1	5	21.492153	137904
269.507816	0	s1	5	21.656253	137988
269.507816	0	s1	5	21.656253	137988
269.677716	0	s1	5	21.826153	138075
269.677716	0	s1	5	21.826153	138075
269.843716	0	s1	5	21.992153	138160
269.843716	0	s1	5	21.992153	138160
270.007816	0	s1	5	22.156253	138244
270.007816	0	s1	5	22.156253	138244
270.175816	0	s1	5	22.324253	138330
270.175816	0	s1	5	22.324253	138330
270.343716	0	s1	5	22.492153	138416
270.343716	0	s1	5	22.492153	138416
270.507816	0	s1	5	22.656253	138500
270.507816	0	s1	5	22.656253	138500
270.675816	0	s1	5	22.824253	138586
270.675816	0	s1	5	22.824253	138586
270.843716	0	s1	5	22.992153	138672
270.843716	0	s1	5	22.992153	138672
271.007816	0	s1	5	23.156253	138756
271.007816	0	s1	5	23.156253	138756
271.175816	0	s1	5	23.324253	138842
271.175816	0	s1	5	23.324253	138842
271.341816	0	s1	5	23.490253	138927
271.341816	0	s1	5	23.490253	138927
271.507816	0	s1	5	23.656253	139012
271.507816	0	s1	5	23.656253	139012
271.675816	0	s1	5	23.824253	139098
271.675816	0	s1	5	23.824253	139098
271.841816	0	s1	5	23.990253	139183
271.841816	0	s1	5	23.990253	139183
272.007816	0	s1	5	24.156253	139268
272.007816	0	s1	5	24.156253	139268
272.175816	0	s1	5	24.324253	139354
272.175816	0	s1	5	24.324253	139354
272.341816	0	s1	5	24.490253	139439
272.341816	0	s1	5	24.490253	139439
272.507816	0	s1	5	24.656253	139524
272.507816	0	s1	5	24.656253	139524
272.675816	0	s1	5	24.824253	139610
272.675816	0	s1	5	24.824253	139610
272.841816	0	s1	5	24.990253	139695
272.841816	0	s1	5	24.990253	139695
273.007816	0	s1	5	25.156253	139780
273.007816	0	s1	5	25.156253	139780
273.175816	0	s1	5	25.324253	139866
273.175816	0	s1	5	25.324253	139866
273.341816	0	s1	5	25.490253	139951
273.341816	0	s1	5	25.490253	139951
273.507816	0	s1	5	25.656253	140036
273.507816	0	s1	5	25.656253	140036
273.673816	0	s1	5	25.822253	140121
273.673816	0	s1	5	25.822253	140121
273.841816	0	s1	5	25.990253	140207
273.841816	0	s1	5	25.990253	140207
274.007816	0	s1	5	26.156253	140292
274.007816	0	s1	5	26.156253	140292
274.173816	0	s1	5	26.322253	140377
274.173816	0	s1	5	26.322253	140377
274.341816	0	s1	5	26.490253	140463
274.341816	0	s1	5	26.490253	140463
274.507816	0	s1	5	26.656253	140548
274.507816	0	s1	5	26.656253	140548
274.673816	0	s1	5	26.822253	140633
274.673816	0	s1	5	26.822253	140633
274.841816	0	s1	5	26.990253	140719
274.841816	0	s1	5	26.990253	140719
275.007816	0	s1	5	27.156253	140804
275.007816	0	s1	5	27.156253	140804
275.173816	0	s1	5	27.322253	140889
275.173816	0	s1	5	27.322253	140889
275.341816	0	s1	5	27.490253	140975
275.341816	0	s1	5	27.490253	140975
275.507816	0	s1	5	27.656253	141060
275.507816	0	s1	5	27.656253	141060
275.673816	0	s1	5	27.822253	141145
275.673816	0	s1	5	27.822253	141145
275.839816	0	s1	5	27.988253	141230
275.839816	0	s1	5	27.988253	141230
276.007816	0	s1	5	28.156253	141316
276.007816	0	s1	5	28.156253	141316
276.173816	0	s1	5	28.322253	141401
276.173816	0	s1	5	28.322253	141401
276.339816	0	s1	5	28.488253	141486
276.339816	0	s1	5	28.488253	141486
276.507816	0	s1	5	28.656253	141572
276.507816	0	s1	5	28.656253	141572
276.673816	0	s1	5	28.822253	141657
276.673816	0	s1	5	28.822253	141657
276.839816	0	s1	5	28.988253	141742
276.839816	0	s1	5	28.988253	141742
277.005816	0	s1	5	29.154253	141827
277.005816	0	s1	5	29.154253	141827
277.173816	0	s1	5	29.322253	141913
277.173816	0	s1	5	29.322253	141913
277.339816	0	s1	5	29.488253	141998
277.339816	0	s1	5	29.488253	141998
277.505816	0	s1	5	29.654253	142083
277.505816	0	s1	5	29.654253	142083
277.673816	0	s1	5	29.822253	142169
277.673816	0	s1	5	29.822253	142169
277.839816	0	s1	5	29.988253	142254
277.839816	0	s1	5	29.988253	142254
278.005816	0	s1	5	30.154253	142339
278.005816	0	s1	5	30.154253	142339
278.171916	0	s1	5	30.320353	142424
278.171916	0	s1	5	30.320353	142424
278.339816	0	s1	5	30.488253	142510
278.339816	0	s1	5	30.488253	142510
278.505816	0	s1	5	30.654253	142595
278.505816	0	s1	5	30.654253	142595
278.671916	0	s1	5	30.820353	142680
278.671916	0	s1	5	30.820353	142680
278.839816	0	s1	5	30.988253	142766
278.839816	0	s1	5	30.988253	142766
279.005816	0	s1	5	31.154253	142851
279.005816	0	s1	5	31.154253	142851
279.171916	0	s1	5	31.320353	142936
279.171916	0	s1	5	31.320353	142936
279.337916	0	s1	5	31.486353	143021
279.337916	0	s1	5	31.486353	143021
279.505816	0	s1	5	31.654253	143107
279.505816	0	s1	5	31.654253	143107
279.671916	0	s1	5	31.820353	143192
279.671916	0	s1	5	31.820353	143192
279.837916	0	s1	5	31.986353	143277
279.837916	0	s1	5	31.986353	143277
280.005816	0	s1	5	32.154253	143363
280.005816	0	s1	5	32.154253	143363
280.171916	0	s1	5	32.320353	143448
280.171916	0	s1	5	32.320353	143448
280.337916	0	s1	5	32.486353	143533
280.337916	0	s1	5	32.486353	143533
280.505816	0	s1	5	32.654253	143619
280.505816	0	s1	5	32.654253	143619
280.671916	0	s1	5	32.820353	143704
280.671916	0	s1	5	32.820353	143704
280.837916	0	s1	5	32.986353	143789
280.837916	0	s1	5	32.986353	143789
281.003916	0	s1	5	33.152353	143874
281.003916	0	s1	5	33.152353	143874
281.171916	0	s1	5	33.320353	143960
281.171916	0	s1	5	33.320353	143960
281.337916	0	s1	5	33.486353	144045
281.337916	0	s1	5	33.486353	144045
281.503916	0	s1	5	33.652353	144130
281.503916	0	s1	5	33.652353	144130
281.671916	0	s1	5	33.820353	144216
281.671916	0	s1	5	33.820353	144216
281.837916	0	s1	5	33.986353	144301
281.837916	0	s1	5	33.986353	144301
282.003916	0	s1	5	34.152353	144386
282.003916	0	s1	5	34.152353	144386
282.169916	0	s1	5	34.318353	144471
282.169916	0	s1	5	34.318353	144471
282.337916	0	s1	5	34.486353	144557
282.337916	0	s1	5	34.486353	144557
282.503916	0	s1	5	34.652353	144642
282.503916	0	s1	5	34.652353	144642
282.669916	0	s1	5	34.818353	144727
282.669916	0	s1	5	34.818353	144727
282.837916	0	s1	5	34.986353	144813
282.837916	0	s1	5	34.986353	144813
283.003916	0	s1	5	35.152353	144898
283.003916	0	s1	5	35.152353	144898
283.169916	0	s1	5	35.318353	144983
283.169916	0	s1	5	35.318353	144983
283.337916	0	s1	5	35.486353	145069
283.337916	0	s1	5	35.486353	145069
283.503916	0	s1	5	35.652353	145154
283.503916	0	s1	5	35.652353	145154
283.669916	0	s1	5	35.818353	145239
283.669916	0	s1	5	35.818353	145239
283.835916	0	s1	5	35.984353	145324
283.835916	0	s1	5	35.984353	145324
284.003916	0	s1	5	36.152353	145410
284.003916	0	s1	5	36.152353	145410
284.169916	0	s1	5	36.318353	145495
284.169916	0	s1	5	36.318353	145495
284.335916	0	s1	5	36.484353	145580
284.335916	0	s1	5	36.484353	145580
284.503916	0	s1	5	36.652353	145666
284.503916	0	s1	5	36.652353	145666
284.669916	0	s1	5	36.818353	145751
284.669916	0	s1	5	36.818353	145751
284.835916	0	s1	5	36.984353	145836
284.835916	0	s1	5	36.984353	145836
285.003916	0	s1	5	37.152353	145922
285.003916	0	s1	5	37.152353	145922
285.169916	0	s1	5	37.318353	146007
285.169916	0	s1	5	37.318353	146007
285.335916	0	s1	5	37.484353	146092
285.335916	0	s1	5	37.484353	146092
285.501916	0	s1	5	37.650353	146177
285.501916	0	s1	5	37.650353	146177
285.669916	0	s1	5	37.818353	146263
285.669916	0	s1	5	37.818353	146263
285.835916	0	s1	5	37.984353	146348
285.835916	0	s1	5	37.984353	146348
286.001916	0	s1	5	38.150353	146433
286.001916	0	s1	5	38.150353	146433
286.169916	0	s1	5	38.318353	146519
286.169916	0	s1	5	38.318353	146519
286.335916	0	s1	5	38.484353	146604
286.335916	0	s1	5	38.484353	146604
286.501916	0	s1	5	38.650353	146689
286.501916	0	s1	5	38.650353	146689
286.668016	0	s1	5	38.816453	146774
286.668016	0	s1	5	38.816453	146774
286.835916	0	s1	5	38.984353	146860
286.835916	0	s1	5	38.984353	146860
287.001916	0	s1	5	39.150353	146945
287.001916	0	s1	5	39.150353	146945
287.168016	0	s1	5	39.316453	147030
287.168016	0	s1	5	39.316453	147030
287.335916	0	s1	5	39.484353	147116
287.335916	0	s1	5	39.484353	147116
287.501916	0	s1	5	39.650353	147201
287.501916	0	s1	5	39.650353	147201
287.668016	0	s1	5	39.816453	147286
287.668016	0	s1	5	39.816453	147286
287.835916	0	s1	5	39.984353	147372
287.835916	0	s1	5	39.984353	147372
288.001916	0	s1	5	40.150353	147457
288.001916	0	s1	5	40.150353	147457
288.168016	0	s1	5	40.316453	147542
288.168016	0	s1	5	40.316453	147542
288.334016	0	s1	5	40.482453	147627
288.334016	0	s1	5	40.482453	147627
288.501916	0	s1	5	40.650353	147713
288.501916	0	s1	5	40.650353	147713
288.668016	0	s1	5	40.816453	147798
288.668016	0	s1	5	40.816453	147798
288.834016	0	s1	5	40.982453	147883
288.834016	0	s1	5	40.982453	147883
289.001916	0	s1	5	41.150353	147969
289.001916	0	s1	5	41.150353	147969
289.168016	0	s1	5	41.316453	148054
289.168016	0	s1	5	41.316453	148054
289.334016	0	s1	5	41.482453	148139
289.334016	0	s1	5	41.482453	148139
289.500016	0	s1	5	41.648453	148224
289.500016	0	s1	5	41.648453	148224
289.668016	0	s1	5	41.816453	148310
289.668016	0	s1	5	41.816453	148310
289.834016	0	s1	5	41.982453	148395
289.834016	0	s1	5	41.982453	148395
290.000016	0	s1	5	42.148453	148480
290.000016	0	s1	5	42.148453	148480
290.168016	0	s1	5	42.316453	148566
290.168016	0	s1	5	42.316453	148566
290.334016	0	s1	5	42.482453	148651
290.334016	0	s1	5	42.482453	148651
290.500016	0	s1	5	42.648453	148736
290.500016	0	s1	5	42.648453	148736
290.664016	0	s1	5	42.812453	148820
290.664016	0	s1	5	42.812453	148820
290.834016	0	s1	5	42.982453	148907
290.834016	0	s1	5	42.982453	148907
291.000016	0	s1	5	43.148453	148992
291.000016	0	s1	5	43.148453	148992
291.168016	0	s1	5	43.316453	149078
291.168016	0	s1	5	43.316453	149078
291.334016	0	s1	5	43.482453	149163
291.334016	0	s1	5	43.482453	149163
291.500016	0	s1	5	43.648453	149248
291.500016	0	s1	5	43.648453	149248
291.664016	0	s1	5	43.812453	149332
291.664016	0	s1	5	43.812453	149332
291.834016	0	s1	5	43.982453	149419
291.834016	0	s1	5	43.982453	149419
292.000016	0	s1	5	44.148453	149504
292.000016	0	s1	5	44.148453	149504
292.164016	0	s1	5	44.312453	149588
292.164016	0	s1	5	44.312453	149588
292.334016	0	s1	5	44.482453	149675
292.334016	0	s1	5	44.482453	149675
292.500016	0	s1	5	44.648453	149760
292.500016	0	s1	5	44.648453	149760
292.664016	0	s1	5	44.812453	149844
292.664016	0	s1	5	44.812453	149844
292.832016	0	s1	5	44.980453	149930
292.832016	0	s1	5	44.980453	149930
293.000016	0	s1	5	45.148453	150016
293.000016	0	s1	5	45.148453	150016
293.171916	0	s1	5	45.320353	150104
293.171916	0	s1	5	45.320353	150104
293.332016	0	s1	5	45.480453	150186
293.332016	0	s1	5	45.480453	150186
293.500016	0	s1	5	45.648453	150272
293.500016	0	s1	5	45.648453	150272
293.664016	0	s1	5	45.812453	150356
293.664016	0	s1	5	45.812453	150356
293.832016	0	s1	5	45.980453	150442
293.832016	0	s1	5	45.980453	150442
293.998016	0	s1	5	46.146453	150527
293.998016	0	s1	5	46.146453	150527
294.164016	0	s1	5	46.312453	150612
294.164016	0	s1	5	46.312453	150612
294.332016	0	s1	5	46.480453	150698
294.332016	0	s1	5	46.480453	150698
294.498016	0	s1	5	46.646453	150783
294.498016	0	s1	5	46.646453	150783
294.664016	0	s1	5	46.812453	150868
294.664016	0	s1	5	46.812453	150868
294.832016	0	s1	5	46.980453	150954
294.832016	0	s1	5	46.980453	150954
294.998016	0	s1	5	47.146453	151039
294.998016	0	s1	5	47.146453	151039
295.164016	0	s1	5	47.312453	151124
295.164016	0	s1	5	47.312453	151124
295.332016	0	s1	5	47.480453	151210
295.332016	0	s1	5	47.480453	151210
295.498016	0	s1	5	47.646453	151295
295.498016	0	s1	5	47.646453	151295
295.664016	0	s1	5	47.812453	151380
295.664016	0	s1	5	47.812453	151380
295.832016	0	s1	5	47.980453	151466
295.832016	0	s1	5	47.980453	151466
295.998016	0	s1	5	48.146453	151551
295.998016	0	s1	5	48.146453	151551
296.164016	0	s1	5	48.312453	151636
296.164016	0	s1	5	48.312453	151636
296.330116	0	s1	5	48.478553	151721
296.330116	0	s1	5	48.478553	151721
296.498016	0	s1	5	48.646453	151807
296.498016	0	s1	5	48.646453	151807
296.664016	0	s1	5	48.812453	151892
296.664016	0	s1	5	48.812453	151892
296.830116	0	s1	5	48.978553	151977
296.830116	0	s1	5	48.978553	151977
296.998016	0	s1	5	49.146453	152063
296.998016	0	s1	5	49.146453	152063
297.164016	0	s1	5	49.312453	152148
297.164016	0	s1	5	49.312453	152148
297.330116	0	s1	5	49.478553	152233
297.330116	0	s1	5	49.478553	152233
297.498016	0	s1	5	49.646453	152319
297.498016	0	s1	5	49.646453	152319
297.664016	0	s1	5	49.812453	152404
297.664016	0	s1	5	49.812453	152404
297.830116	0	s1	5	49.978553	152489
297.830116	0	s1	5	49.978553	152489
297.996116	0	s1	5	50.144553	152574
297.996116	0	s1	5	50.144553	152574
298.164016	0	s1	5	50.312453	152660
298.164016	0	s1	5	50.312453	152660
298.330116	0	s1	5	50.478553	152745
298.330116	0	s1	5	50.478553	152745
298.496116	0	s1	5	50.644553	152830
298.496116	0	s1	5	50.644553	152830
298.664016	0	s1	5	50.812453	152916
298.664016	0	s1	5	50.812453	152916
298.830116	0	s1	5	50.978553	153001
298.830116	0	s1	5	50.978553	153001
298.996116	0	s1	5	51.144553	153086
298.996116	0	s1	5	51.144553	153086
299.164016	0	s1	5	51.312453	153172
299.164016	0	s1	5	51.312453	153172
299.330116	0	s1	5	51.478553	153257
299.330116	0	s1	5	51.478553	153257
299.496116	0	s1	5	51.644553	153342
299.496116	0	s1	5	51.644553	153342
299.662116	0	s1	5	51.810553	153427
299.662116	0	s1	5	51.810553	153427
299.830116	0	s1	5	51.978553	153513
299.830116	0	s1	5	51.978553	153513
299.996116	0	s1	5	52.144553	153598
299.996116	0	s1	5	52.144553	153598
300.162116	0	s1	5	52.310553	153683
300.162116	0	s1	5	52.310553	153683
300.330116	0	s1	5	52.478553	153769
300.330116	0	s1	5	52.478553	153769
300.496116	0	s1	5	52.644553	153854
300.496116	0	s1	5	52.644553	153854
300.662116	0	s1	5	52.810553	153939
300.662116	0	s1	5	52.810553	153939
300.828116	0	s1	5	52.976553	154024
300.828116	0	s1	5	52.976553	154024
300.996116	0	s1	5	53.144553	154110
300.996116	0	s1	5	53.144553	154110
301.162116	0	s1	5	53.310553	154195
301.162116	0	s1	5	53.310553	154195
301.328116	0	s1	5	53.476553	154280
301.328116	0	s1	5	53.476553	154280
301.496116	0	s1	5	53.644553	154366
301.496116	0	s1	5	53.644553	154366
301.662116	0	s1	5	53.810553	154451
301.662116	0	s1	5	53.810553	154451
301.828116	0	s1	5	53.976553	154536
301.828116	0	s1	5	53.976553	154536
301.996116	0	s1	5	54.144553	154622
301.996116	0	s1	5	54.144553	154622
302.162116	0	s1	5	54.310553	154707
302.162116	0	s1	5	54.310553	154707
302.328116	0	s1	5	54.476553	154792
302.328116	0	s1	5	54.476553	154792
302.494116	0	s1	5	54.642553	154877
302.494116	0	s1	5	54.642553	154877
302.662116	0	s1	5	54.810553	154963
302.662116	0	s1	5	54.810553	154963
302.828116	0	s1	5	54.976553	155048
302.828116	0	s1	5	54.976553	155048
302.994116	0	s1	5	55.142553	155133
302.994116	0	s1	5	55.142553	155133
303.162116	0	s1	5	55.310553	155219
303.162116	0	s1	5	55.310553	155219
303.328116	0	s1	5	55.476553	155304
303.328116	0	s1	5	55.476553	155304
303.494116	0	s1	5	55.642553	155389
303.494116	0	s1	5	55.642553	155389
303.660116	0	s1	5	55.808553	155474
303.660116	0	s1	5	55.808553	155474
303.828116	0	s1	5	55.976553	155560
303.828116	0	s1	5	55.976553	155560
303.994116	0	s1	5	56.142553	155645
303.994116	0	s1	5	56.142553	155645
304.160116	0	s1	5	56.308553	155730
304.160116	0	s1	5	56.308553	155730
304.328116	0	s1	5	56.476553	155816
304.328116	0	s1	5	56.476553	155816
304.494116	0	s1	5	56.642553	155901
304.494116	0	s1	5	56.642553	155901
304.660116	0	s1	5	56.808553	155986
304.660116	0	s1	5	56.808553	155986
304.828116	0	s1	5	56.976553	156072
304.828116	0	s1	5	56.976553	156072
304.994116	0	s1	5	57.142553	156157
304.994116	0	s1	5	57.142553	156157
305.160116	0	s1	5	57.308553	156242
305.160116	0	s1	5	57.308553	156242
305.326216	0	s1	5	57.474653	156327
305.326216	0	s1	5	57.474653	156327
305.494116	0	s1	5	57.642553	156413
305.494116	0	s1	5	57.642553	156413
305.660116	0	s1	5	57.808553	156498
305.660116	0	s1	5	57.808553	156498
305.826216	0	s1	5	57.974653	156583
305.826216	0	s1	5	57.974653	156583
305.994116	0	s1	5	58.142553	156669
305.994116	0	s1	5	58.142553	156669
306.160116	0	s1	5	58.308553	156754
306.160116	0	s1	5	58.308553	156754
306.326216	0	s1	5	58.474653	156839
306.326216	0	s1	5	58.474653	156839
306.494116	0	s1	5	58.642553	156925
306.494116	0	s1	5	58.642553	156925
306.660116	0	s1	5	58.808553	157010
306.660116	0	s1	5	58.808553	157010
306.826216	0	s1	5	58.974653	157095
306.826216	0	s1	5	58.974653	157095
306.992216	0	s1	5	59.140653	157180
306.992216	0	s1	5	59.140653	157180
307.160116	0	s1	5	59.308553	157266
307.160116	0	s1	5	59.308553	157266
307.326216	0	s1	5	59.474653	157351
307.326216	0	s1	5	59.474653	157351
307.492216	0	s1	5	59.640653	157436
307.492216	0	s1	5	59.640653	157436
307.660116	0	s1	5	59.808553	157522
307.660116	0	s1	5	59.808553	157522
307.826216	0	s1	5	59.974653	157607
307.826216	0	s1	5	59.974653	157607
307.992216	0	s1	5	60.140653	157692
307.992216	0	s1	5	60.140653	157692
308.160116	0	s1	5	60.308553	157778
308.160116	0	s1	5	60.308553	157778
308.326216	0	s1	5	60.474653	157863
308.326216	0	s1	5	60.474653	157863
308.492216	0	s1	5	60.640653	157948
308.492216	0	s1	5	60.640653	157948
308.658216	0	s1	5	60.806653	158033
308.658216	0	s1	5	60.806653	158033
308.826216	0	s1	5	60.974653	158119
308.826216	0	s1	5	60.974653	158119
308.992216	0	s1	5	61.140653	158204
308.992216	0	s1	5	61.140653	158204
309.158216	0	s1	5	61.306653	158289
309.158216	0	s1	5	61.306653	158289
309.324216	0	s1	5	61.472653	158374
309.324216	0	s1	5	61.472653	158374
309.492216	0	s1	5	61.640653	158460
309.492216	0	s1	5	61.640653	158460
309.658216	0	s1	5	61.806653	158545
309.658216	0	s1	5	61.806653	158545
309.824216	0	s1	5	61.972653	158630
309.824216	0	s1	5	61.972653	158630
309.992216	0	s1	5	62.140653	158716
309.992216	0	s1	5	62.140653	158716
310.158216	0	s1	5	62.306653	158801
310.158216	0	s1	5	62.306653	158801
310.324216	0	s1	5	62.472653	158886
310.324216	0	s1	5	62.472653	158886
310.492216	0	s1	5	62.640653	158972
310.492216	0	s1	5	62.640653	158972
310.658216	0	s1	5	62.806653	159057
310.658216	0	s1	5	62.806653	159057
310.824216	0	s1	5	62.972653	159142
310.824216	0	s1	5	62.972653	159142
310.990216	0	s1	5	63.138653	159227
310.990216	0	s1	5	63.138653	159227
311.158216	0	s1	5	63.306653	159313
311.158216	0	s1	5	63.306653	159313
311.324216	0	s1	5	63.472653	159398
311.324216	0	s1	5	63.472653	159398
311.490216	0	s1	5	63.638653	159483
311.490216	0	s1	5	63.638653	159483
311.658216	0	s1	5	63.806653	159569
311.658216	0	s1	5	63.806653	159569
311.824216	0	s1	5	63.972653	159654
311.824216	0	s1	5	63.972653	159654
311.990216	0	s1	5	64.138653	159739
311.990216	0	s1	5	64.138653	159739
312.158216	0	s1	5	64.306653	159825
312.158216	0	s1	5	64.306653	159825
312.480506	0	s1	6	2.166053	159990
312.480506	0	s1	6	2.166053	159990
312.646506	0	s1	6	2.332053	160075
312.646506	0	s1	6	2.332053	160075
312.812506	0	s1	6	2.498053	160160
312.812506	0	s1	6	2.498053	160160
312.980506	0	s1	6	2.666053	160246
312.980506	0	s1	6	2.666053	160246
313.146506	0	s1	6	2.832053	160331
313.146506	0	s1	6	2.832053	160331
313.312506	0	s1	6	2.998053	160416
313.312506	0	s1	6	2.998053	160416
313.480506	0	s1	6	3.166053	160502
313.480506	0	s1	6	3.166053	160502
313.646506	0	s1	6	3.332053	160587
313.646506	0	s1	6	3.332053	160587
313.812506	0	s1	6	3.498053	160672
313.812506	0	s1	6	3.498053	160672
313.980506	0	s1	6	3.666053	160758
313.980506	0	s1	6	3.666053	160758
314.146506	0	s1	6	3.832053	160843
314.146506	0	s1	6	3.832053	160843
314.312506	0	s1	6	3.998053	160928
314.312506	0	s1	6	3.998053	160928
314.478506	0	s1	6	4.164053	161013
314.478506	0	s1	6	4.164053	161013
314.646506	0	s1	6	4.332053	161099
314.646506	0	s1	6	4.332053	161099
314.812506	0	s1	6	4.498053	161184
314.812506	0	s1	6	4.498053	161184
314.978506	0	s1	6	4.664053	161269
314.978506	0	s1	6	4.664053	161269
315.146506	0	s1	6	4.832053	161355
315.146506	0	s1	6	4.832053	161355
315.312506	0	s1	6	4.998053	161440
315.312506	0	s1	6	4.998053	161440
315.478506	0	s1	6	5.164053	161525
315.478506	0	s1	6	5.164053	161525
315.644506	0	s1	6	5.330053	161610
315.644506	0	s1	6	5.330053	161610
315.812506	0	s1	6	5.498053	161696
315.812506	0	s1	6	5.498053	161696
315.978506	0	s1	6	5.664053	161781
315.978506	0	s1	6	5.664053	161781
316.144506	0	s1	6	5.830053	161866
316.144506	0	s1	6	5.830053	161866
316.312506	0	s1	6	5.998053	161952
316.312506	0	s1	6	5.998053	161952
316.478506	0	s1	6	6.164053	162037
316.478506	0	s1	6	6.164053	162037
316.644506	0	s1	6	6.330053	162122
316.644506	0	s1	6	6.330053	162122
316.812506	0	s1	6	6.498053	162208
316.812506	0	s1	6	6.498053	162208
316.978506	0	s1	6	6.664053	162293
316.978506	0	s1	6	6.664053	162293
317.144506	0	s1	6	6.830053	162378
317.144506	0	s1	6	6.830053	162378
317.310506	0	s1	6	6.996053	162463
317.310506	0	s1	6	6.996053	162463
317.478506	0	s1	6	7.164053	162549
317.478506	0	s1	6	7.164053	162549
317.644506	0	s1	6	7.330053	162634
317.644506	0	s1	6	7.330053	162634
317.810506	0	s1	6	7.496053	162719
317.810506	0	s1	6	7.496053	162719
317.978506	0	s1	6	7.664053	162805
317.978506	0	s1	6	7.664053	162805
318.144506	0	s1	6	7.830053	162890
318.144506	0	s1	6	7.830053	162890
318.310506	0	s1	6	7.996053	162975
318.310506	0	s1	6	7.996053	162975
318.476606	0	s1	6	8.162153	163060
318.476606	0	s1	6	8.162153	163060
318.644506	0	s1	6	8.330053	163146
318.644506	0	s1	6	8.330053	163146
318.810506	0	s1	6	8.496053	163231
318.810506	0	s1	6	8.496053	163231
318.978506	0	s1	6	8.664053	163317
318.978506	0	s1	6	8.664053	163317
319.144506	0	s1	6	8.830053	163402
319.144506	0	s1	6	8.830053	163402
319.310506	0	s1	6	8.996053	163487
319.310506	0	s1	6	8.996053	163487
319.476606	0	s1	6	9.162153	163572
319.476606	0	s1	6	9.162153	163572
319.644506	0	s1	6	9.330053	163658
319.644506	0	s1	6	9.330053	163658
319.810506	0	s1	6	9.496053	163743
319.810506	0	s1	6	9.496053	163743
319.976606	0	s1	6	9.662153	163828
319.976606	0	s1	6	9.662153	163828
320.142606	0	s1	6	9.828153	163913
320.142606	0	s1	6	9.828153	163913
320.310506	0	s1	6	9.996053	163999
320.310506	0	s1	6	9.996053	163999
320.476606	0	s1	6	10.162153	164084
320.476606	0	s1	6	10.162153	164084
320.642606	0	s1	6	10.328153	164169
320.642606	0	s1	6	10.328153	164169
320.810506	0	s1	6	10.496053	164255
320.810506	0	s1	6	10.496053	164255
320.976606	0	s1	6	10.662153	164340
320.976606	0	s1	6	10.662153	164340
321.142606	0	s1	6	10.828153	164425
321.142606	0	s1	6	10.828153	164425
321.306606	0	s1	6	10.992153	164509
321.306606	0	s1	6	10.992153	164509
321.476606	0	s1	6	11.162153	164596
321.476606	0	s1	6	11.162153	164596
321.642606	0	s1	6	11.328153	164681
321.642606	0	s1	6	11.328153	164681
321.806606	0	s1	6	11.492153	164765
321.806606	0	s1	6	11.492153	164765
321.976606	0	s1	6	11.662153	164852
321.976606	0	s1	6	11.662153	164852
322.142606	0	s1	6	11.828153	164937
322.142606	0	s1	6	11.828153	164937
322.306606	0	s1	6	11.992153	165021
322.306606	0	s1	6	11.992153	165021
322.476606	0	s1	6	12.162153	165108
322.476606	0	s1	6	12.162153	165108
322.642606	0	s1	6	12.328153	165193
322.642606	0	s1	6	12.328153	165193
322.806606	0	s1	6	12.492153	165277
322.806606	0	s1	6	12.492153	165277
322.974606	0	s1	6	12.660153	165363
322.974606	0	s1	6	12.660153	165363
323.142606	0	s1	6	12.828153	165449
323.142606	0	s1	6	12.828153	165449
323.306606	0	s1	6	12.992153	165533
323.306606	0	s1	6	12.992153	165533
323.474606	0	s1	6	13.160153	165619
323.474606	0	s1	6	13.160153	165619
323.642606	0	s1	6	13.328153	165705
323.642606	0	s1	6	13.328153	165705
323.806606	0	s1	6	13.492153	165789
323.806606	0	s1	6	13.492153	165789
323.974606	0	s1	6	13.660153	165875
323.974606	0	s1	6	13.660153	165875
324.140606	0	s1	6	13.826153	165960
324.140606	0	s1	6	13.826153	165960
324.306606	0	s1	6	13.992153	166045
324.306606	0	s1	6	13.992153	166045
324.474606	0	s1	6	14.160153	166131
324.474606	0	s1	6	14.160153	166131
324.640606	0	s1	6	14.326153	166216
324.640606	0	s1	6	14.326153	166216
324.806606	0	s1	6	14.492153	166301
324.806606	0	s1	6	14.492153	166301
324.974606	0	s1	6	14.660153	166387
324.974606	0	s1	6	14.660153	166387
325.140606	0	s1	6	14.826153	166472
325.140606	0	s1	6	14.826153	166472
325.306606	0	s1	6	14.992153	166557
325.306606	0	s1	6	14.992153	166557
325.474606	0	s1	6	15.160153	166643
325.474606	0	s1	6	15.160153	166643
325.640606	0	s1	6	15.326153	166728
325.640606	0	s1	6	15.326153	166728
325.806606	0	s1	6	15.492153	166813
325.806606	0	s1	6	15.492153	166813
325.974606	0	s1	6	15.660153	166899
325.974606	0	s1	6	15.660153	166899
326.140606	0	s1	6	15.826153	166984
326.140606	0	s1	6	15.826153	166984
326.306606	0	s1	6	15.992153	167069
326.306606	0	s1	6	15.992153	167069
326.474606	0	s1	6	16.160153	167155
326.474606	0	s1	6	16.160153	167155
326.640606	0	s1	6	16.326153	167240
326.640606	0	s1	6	16.326153	167240
326.806606	0	s1	6	16.492153	167325
326.806606	0	s1	6	16.492153	167325
326.972706	0	s1	6	16.658253	167410
326.972706	0	s1	6	16.658253	167410
327.140606	0	s1	6	16.826153	167496
327.140606	0	s1	6	16.826153	167496
327.306606	0	s1	6	16.992153	167581
327.306606	0	s1	6	16.992153	167581
327.472706	0	s1	6	17.158253	167666
327.472706	0	s1	6	17.158253	167666
327.640606	0	s1	6	17.326153	167752
327.640606	0	s1	6	17.326153	167752
327.806606	0	s1	6	17.492153	167837
327.806606	0	s1	6	17.492153	167837
327.972706	0	s1	6	17.658253	167922
327.972706	0	s1	6	17.658253	167922
328.140606	0	s1	6	17.826153	168008
328.140606	0	s1	6	17.826153	168008
328.306606	0	s1	6	17.992153	168093
328.306606	0	s1	6	17.992153	168093
328.472706	0	s1	6	18.158253	168178
328.472706	0	s1	6	18.158253	168178
328.638706	0	s1	6	18.324253	168263
328.638706	0	s1	6	18.324253	168263
328.806606	0	s1	6	18.492153	168349
328.806606	0	s1	6	18.492153	168349
328.972706	0	s1	6	18.658253	168434
328.972706	0	s1	6	18.658253	168434
329.138706	0	s1	6	18.824253	168519
329.138706	0	s1	6	18.824253	168519
329.306606	0	s1	6	18.992153	168605
329.306606	0	s1	6	18.992153	168605
329.472706	0	s1	6	19.158253	168690
329.472706	0	s1	6	19.158253	168690
329.638706	0	s1	6	19.324253	168775
329.638706	0	s1	6	19.324253	168775
329.804706	0	s1	6	19.490253	168860
329.804706	0	s1	6	19.490253	168860
329.972706	0	s1	6	19.658253	168946
329.972706	0	s1	6	19.658253	168946
330.138706	0	s1	6	19.824253	169031
330.138706	0	s1	6	19.824253	169031
330.304706	0	s1	6	19.990253	169116
330.304706	0	s1	6	19.990253	169116
330.472706	0	s1	6	20.158253	169202
330.472706	0	s1	6	20.158253	169202
330.638706	0	s1	6	20.324253	169287
330.638706	0	s1	6	20.324253	169287
330.804706	0	s1	6	20.490253	169372
330.804706	0	s1	6	20.490253	169372
330.970706	0	s1	6	20.656253	169457
330.970706	0	s1	6	20.656253	169457
331.138706	0	s1	6	20.824253	169543
331.138706	0	s1	6	20.824253	169543
331.304706	0	s1	6	20.990253	169628
331.304706	0	s1	6	20.990253	169628
331.470706	0	s1	6	21.156253	169713
331.470706	0	s1	6	21.156253	169713
331.638706	0	s1	6	21.324253	169799
331.638706	0	s1	6	21.324253	169799
331.804706	0	s1	6	21.490253	169884
331.804706	0	s1	6	21.490253	169884
331.970706	0	s1	6	21.656253	169969
331.970706	0	s1	6	21.656253	169969
332.138706	0	s1	6	21.824253	170055
332.138706	0	s1	6	21.824253	170055
332.304706	0	s1	6	21.990253	170140
332.304706	0	s1	6	21.990253	170140
332.470706	0	s1	6	22.156253	170225
332.470706	0	s1	6	22.156253	170225
332.636706	0	s1	6	22.322253	170310
332.636706	0	s1	6	22.322253	170310
332.804706	0	s1	6	22.490253	170396
332.804706	0	s1	6	22.490253	170396
332.970706	0	s1	6	22.656253	170481
332.970706	0	s1	6	22.656253	170481
333.136706	0	s1	6	22.822253	170566
333.136706	0	s1	6	22.822253	170566
333.304706	0	s1	6	22.990253	170652
333.304706	0	s1	6	22.990253	170652
333.470706	0	s1	6	23.156253	170737
333.470706	0	s1	6	23.156253	170737
333.636706	0	s1	6	23.322253	170822
333.636706	0	s1	6	23.322253	170822
333.802706	0	s1	6	23.488253	170907
333.802706	0	s1	6	23.488253	170907
333.970706	0	s1	6	23.656253	170993
333.970706	0	s1	6	23.656253	170993
334.136706	0	s1	6	23.822253	171078
334.136706	0	s1	6	23.822253	171078
334.302706	0	s1	6	23.988253	171163
334.302706	0	s1	6	23.988253	171163
334.470706	0	s1	6	24.156253	171249
334.470706	0	s1	6	24.156253	171249
334.636706	0	s1	6	24.322253	171334
334.636706	0	s1	6	24.322253	171334
334.802706	0	s1	6	24.488253	171419
334.802706	0	s1	6	24.488253	171419
334.968706	0	s1	6	24.654253	171504
334.968706	0	s1	6	24.654253	171504
335.136706	0	s1	6	24.822253	171590
335.136706	0	s1	6	24.822253	171590
335.302706	0	s1	6	24.988253	171675
335.302706	0	s1	6	24.988253	171675
335.468706	0	s1	6	25.154253	171760
335.468706	0	s1	6	25.154253	171760
335.636706	0	s1	6	25.322253	171846
335.636706	0	s1	6	25.322253	171846
335.802706	0	s1	6	25.488253	171931
335.802706	0	s1	6	25.488253	171931
335.968706	0	s1	6	25.654253	172016
335.968706	0	s1	6	25.654253	172016
336.136706	0	s1	6	25.822253	172102
336.136706	0	s1	6	25.822253	172102
336.302706	0	s1	6	25.988253	172187
336.302706	0	s1	6	25.988253	172187
336.468706	0	s1	6	26.154253	172272
336.468706	0	s1	6	26.154253	172272
336.634806	0	s1	6	26.320353	172357
336.634806	0	s1	6	26.320353	172357
336.802706	0	s1	6	26.488253	172443
336.802706	0	s1	6	26.488253	172443
336.968706	0	s1	6	26.654253	172528
336.968706	0	s1	6	26.654253	172528
337.134806	0	s1	6	26.820353	172613
337.134806	0	s1	6	26.820353	172613
337.302706	0	s1	6	26.988253	172699
337.302706	0	s1	6	26.988253	172699
337.468706	0	s1	6	27.154253	172784
337.468706	0	s1	6	27.154253	172784
337.634806	0	s1	6	27.320353	172869
337.634806	0	s1	6	27.320353	172869
337.800806	0	s1	6	27.486353	172954
337.800806	0	s1	6	27.486353	172954
337.968706	0	s1	6	27.654253	173040
337.968706	0	s1	6	27.654253	173040
338.134806	0	s1	6	27.820353	173125
338.134806	0	s1	6	27.820353	173125
338.300806	0	s1	6	27.986353	173210
338.300806	0	s1	6	27.986353	173210
338.468706	0	s1	6	28.154253	173296
338.468706	0	s1	6	28.154253	173296
338.634806	0	s1	6	28.320353	173381
338.634806	0	s1	6	28.320353	173381
338.800806	0	s1	6	28.486353	173466
338.800806	0	s1	6	28.486353	173466
338.968706	0	s1	6	28.654253	173552
338.968706	0	s1	6	28.654253	173552
339.134806	0	s1	6	28.820353	173637
339.134806	0	s1	6	28.820353	173637
339.300806	0	s1	6	28.986353	173722
339.300806	0	s1	6	28.986353	173722
339.466806	0	s1	6	29.152353	173807
339.466806	0	s1	6	29.152353	173807
339.634806	0	s1	6	29.320353	173893
339.634806	0	s1	6	29.320353	173893
339.800806	0	s1	6	29.486353	173978
339.800806	0	s1	6	29.486353	173978
339.966806	0	s1	6	29.652353	174063
339.966806	0	s1	6	29.652353	174063
340.134806	0	s1	6	29.820353	174149
340.134806	0	s1	6	29.820353	174149
340.300806	0	s1	6	29.986353	174234
340.300806	0	s1	6	29.986353	174234
340.466806	0	s1	6	30.152353	174319
340.466806	0	s1	6	30.152353	174319
340.634806	0	s1	6	30.320353	174405
340.634806	0	s1	6	30.320353	174405
340.800806	0	s1	6	30.486353	174490
340.800806	0	s1	6	30.486353	174490
340.966806	0	s1	6	30.652353	174575
340.966806	0	s1	6	30.652353	174575
341.134806	0	s1	6	30.820353	174661
341.134806	0	s1	6	30.820353	174661
341.300806	0	s1	6	30.986353	174746
341.300806	0	s1	6	30.986353	174746
341.466806	0	s1	6	31.152353	174831
341.466806	0	s1	6	31.152353	174831
341.632806	0	s1	6	31.318353	174916
341.632806	0	s1	6	31.318353	174916
341.800806	0	s1	6	31.486353	175002
341.800806	0	s1	6	31.486353	175002
341.966806	0	s1	6	31.652353	175087
341.966806	0	s1	6	31.652353	175087
342.132806	0	s1	6	31.818353	175172
342.132806	0	s1	6	31.818353	175172
342.300806	0	s1	6	31.986353	175258
342.300806	0	s1	6	31.986353	175258
342.466806	0	s1	6	32.152353	175343
342.466806	0	s1	6	32.152353	175343
342.632806	0	s1	6	32.318353	175428
342.632806	0	s1	6	32.318353	175428
342.798806	0	s1	6	32.484353	175513
342.798806	0	s1	6	32.484353	175513
342.966806	0	s1	6	32.652353	175599
342.966806	0	s1	6	32.652353	175599
343.132806	0	s1	6	32.818353	175684
343.132806	0	s1	6	32.818353	175684
343.298806	0	s1	6	32.984353	175769
343.298806	0	s1	6	32.984353	175769
343.466806	0	s1	6	33.152353	175855
343.466806	0	s1	6	33.152353	175855
343.632806	0	s1	6	33.318353	175940
343.632806	0	s1	6	33.318353	175940
343.798806	0	s1	6	33.484353	176025
343.798806	0	s1	6	33.484353	176025
343.966806	0	s1	6	33.652353	176111
343.966806	0	s1	6	33.652353	176111
344.132806	0	s1	6	33.818353	176196
344.132806	0	s1	6	33.818353	176196
344.298806	0	s1	6	33.984353	176281
344.298806	0	s1	6	33.984353	176281
344.462906	0	s1	6	34.148453	176365
344.462906	0	s1	6	34.148453	176365
344.632806	0	s1	6	34.318353	176452
344.632806	0	s1	6	34.318353	176452
344.798806	0	s1	6	34.484353	176537
344.798806	0	s1	6	34.484353	176537
344.962906	0	s1	6	34.648453	176621
344.962906	0	s1	6	34.648453	176621
345.132806	0	s1	6	34.818353	176708
345.132806	0	s1	6	34.818353	176708
345.298806	0	s1	6	34.984353	176793
345.298806	0	s1	6	34.984353	176793
345.462906	0	s1	6	35.148453	176877
345.462906	0	s1	6	35.148453	176877
345.632806	0	s1	6	35.318353	176964
345.632806	0	s1	6	35.318353	176964
345.798806	0	s1	6	35.484353	177049
345.798806	0	s1	6	35.484353	177049
345.962906	0	s1	6	35.648453	177133
345.962906	0	s1	6	35.648453	177133
346.130906	0	s1	6	35.816453	177219
346.130906	0	s1	6	35.816453	177219
346.298806	0	s1	6	35.984353	177305
346.298806	0	s1	6	35.984353	177305
346.462906	0	s1	6	36.148453	177389
346.462906	0	s1	6	36.148453	177389
346.630906	0	s1	6	36.316453	177475
346.630906	0	s1	6	36.316453	177475
346.798806	0	s1	6	36.484353	177561
346.798806	0	s1	6	36.484353	177561
346.962906	0	s1	6	36.648453	177645
346.962906	0	s1	6	36.648453	177645
347.130906	0	s1	6	36.816453	177731
347.130906	0	s1	6	36.816453	177731
347.296906	0	s1	6	36.982453	177816
347.296906	0	s1	6	36.982453	177816
347.462906	0	s1	6	37.148453	177901
347.462906	0	s1	6	37.148453	177901
347.630906	0	s1	6	37.316453	177987
347.630906	0	s1	6	37.316453	177987
347.796906	0	s1	6	37.482453	178072
347.796906	0	s1	6	37.482453	178072
347.962906	0	s1	6	37.648453	178157
347.962906	0	s1	6	37.648453	178157
348.130906	0	s1	6	37.816453	178243
348.130906	0	s1	6	37.816453	178243
348.296906	0	s1	6	37.982453	178328
348.296906	0	s1	6	37.982453	178328
348.462906	0	s1	6	38.148453	178413
348.462906	0	s1	6	38.148453	178413
348.630906	0	s1	6	38.316453	178499
348.630906	0	s1	6	38.316453	178499
348.796906	0	s1	6	38.482453	178584
348.796906	0	s1	6	38.482453	178584
348.962906	0	s1	6	38.648453	178669
348.962906	0	s1	6	38.648453	178669
349.130906	0	s1	6	38.816453	178755
349.130906	0	s1	6	38.816453	178755
349.296906	0	s1	6	38.982453	178840
349.296906	0	s1	6	38.982453	178840
349.462906	0	s1	6	39.148453	178925
349.462906	0	s1	6	39.148453	178925
349.630906	0	s1	6	39.316453	179011
349.630906	0	s1	6	39.316453	179011
349.796906	0	s1	6	39.482453	179096
349.796906	0	s1	6	39.482453	179096
349.962906	0	s1	6	39.648453	179181
349.962906	0	s1	6	39.648453	179181
350.128906	0	s1	6	39.814453	179266
350.128906	0	s1	6	39.814453	179266
350.296906	0	s1	6	39.982453	179352
350.296906	0	s1	6	39.982453	179352
350.462906	0	s1	6	40.148453	179437
350.462906	0	s1	6	40.148453	179437
350.628906	0	s1	6	40.314453	179522
350.628906	0	s1	6	40.314453	179522
350.796906	0	s1	6	40.482453	179608
350.796906	0	s1	6	40.482453	179608
350.962906	0	s1	6	40.648453	179693
350.962906	0	s1	6	40.648453	179693
351.128906	0	s1	6	40.814453	179778
351.128906	0	s1	6	40.814453	179778
351.294906	0	s1	6	40.980453	179863
351.294906	0	s1	6	40.980453	179863
351.462906	0	s1	6	41.148453	179949
351.462906	0	s1	6	41.148453	179949
351.628906	0	s1	6	41.314453	180034
351.628906	0	s1	6	41.314453	180034
351.794906	0	s1	6	41.480453	180119
351.794906	0	s1	6	41.480453	180119
351.962906	0	s1	6	41.648453	180205
351.962906	0	s1	6	41.648453	180205
352.128906	0	s1	6	41.814453	180290
352.128906	0	s1	6	41.814453	180290
352.294906	0	s1	6	41.980453	180375
352.294906	0	s1	6	41.980453	180375
352.460906	0	s1	6	42.146453	180460
352.460906	0	s1	6	42.146453	180460
352.628906	0	s1	6	42.314453	180546
352.628906	0	s1	6	42.314453	180546
352.794906	0	s1	6	42.480453	180631
352.794906	0	s1	6	42.480453	180631
352.960906	0	s1	6	42.646453	180716
352.960906	0	s1	6	42.646453	180716
353.128906	0	s1	6	42.814453	180802
353.128906	0	s1	6	42.814453	180802
353.294906	0	s1	6	42.980453	180887
353.294906	0	s1	6	42.980453	180887
353.460906	0	s1	6	43.146453	180972
353.460906	0	s1	6	43.146453	180972
353.628906	0	s1	6	43.314453	181058
353.628906	0	s1	6	43.314453	181058
353.794906	0	s1	6	43.480453	181143
353.794906	0	s1	6	43.480453	181143
353.960906	0	s1	6	43.646453	181228
353.960906	0	s1	6	43.646453	181228
354.126906	0	s1	6	43.812453	181313
354.126906	0	s1	6	43.812453	181313
354.294906	0	s1	6	43.980453	181399
354.294906	0	s1	6	43.980453	181399
354.460906	0	s1	6	44.146453	181484
354.460906	0	s1	6	44.146453	181484
354.626906	0	s1	6	44.312453	181569
354.626906	0	s1	6	44.312453	181569
354.794906	0	s1	6	44.480453	181655
354.794906	0	s1	6	44.480453	181655
354.960906	0	s1	6	44.646453	181740
354.960906	0	s1	6	44.646453	181740
355.126906	0	s1	6	44.812453	181825
355.126906	0	s1	6	44.812453	181825
355.294906	0	s1	6	44.980453	181911
355.294906	0	s1	6	44.980453	181911
355.460906	0	s1	6	45.146453	181996
355.460906	0	s1	6	45.146453	181996
355.626906	0	s1	6	45.312453	182081
355.626906	0	s1	6	45.312453	182081
355.793006	0	s1	6	45.478553	182166
355.793006	0	s1	6	45.478553	182166
355.960906	0	s1	6	45.646453	182252
355.960906	0	s1	6	45.646453	182252
356.126906	0	s1	6	45.812453	182337
356.126906	0	s1	6	45.812453	182337
356.293006	0	s1	6	45.978553	182422
356.293006	0	s1	6	45.978553	182422
356.460906	0	s1	6	46.146453	182508
356.460906	0	s1	6	46.146453	182508
356.626906	0	s1	6	46.312453	182593
356.626906	0	s1	6	46.312453	182593
356.793006	0	s1	6	46.478553	182678
356.793006	0	s1	6	46.478553	182678
356.959006	0	s1	6	46.644553	182763
356.959006	0	s1	6	46.644553	182763
357.126906	0	s1	6	46.812453	182849
357.126906	0	s1	6	46.812453	182849
357.293006	0	s1	6	46.978553	182934
357.293006	0	s1	6	46.978553	182934
357.459006	0	s1	6	47.144553	183019
357.459006	0	s1	6	47.144553	183019
357.626906	0	s1	6	47.312453	183105
357.626906	0	s1	6	47.312453	183105
357.793006	0	s1	6	47.478553	183190
357.793006	0	s1	6	47.478553	183190
357.959006	0	s1	6	47.644553	183275
357.959006	0	s1	6	47.644553	183275
358.126906	0	s1	6	47.812453	183361
358.126906	0	s1	6	47.812453	183361
358.293006	0	s1	6	47.978553	183446
358.293006	0	s1	6	47.978553	183446
358.459006	0	s1	6	48.144553	183531
358.459006	0	s1	6	48.144553	183531
358.625006	0	s1	6	48.310553	183616
358.625006	0	s1	6	48.310553	183616
358.793006	0	s1	6	48.478553	183702
358.793006	0	s1	6	48.478553	183702
358.959006	0	s1	6	48.644553	183787
358.959006	0	s1	6	48.644553	183787
359.125006	0	s1	6	48.810553	183872
359.125006	0	s1	6	48.810553	183872
359.293006	0	s1	6	48.978553	183958
359.293006	0	s1	6	48.978553	183958
359.459006	0	s1	6	49.144553	184043
359.459006	0	s1	6	49.144553	184043
359.625006	0	s1	6	49.310553	184128
359.625006	0	s1	6	49.310553	184128
359.791006	0	s1	6	49.476553	184213
359.791006	0	s1	6	49.476553	184213
359.959006	0	s1	6	49.644553	184299
359.959006	0	s1	6	49.644553	184299
360.125006	0	s1	6	49.810553	184384
360.125006	0	s1	6	49.810553	184384
360.291006	0	s1	6	49.976553	184469
360.291006	0	s1	6	49.976553	184469
360.459006	0	s1	6	50.144553	184555
360.459006	0	s1	6	50.144553	184555
360.625006	0	s1	6	50.310553	184640
360.625006	0	s1	6	50.310553	184640
360.791006	0	s1	6	50.476553	184725
360.791006	0	s1	6	50.476553	184725
360.959006	0	s1	6	50.644553	184811
360.959006	0	s1	6	50.644553	184811
361.125006	0	s1	6	50.810553	184896
361.125006	0	s1	6	50.810553	184896
361.291006	0	s1	6	50.976553	184981
361.291006	0	s1	6	50.976553	184981
361.457006	0	s1	6	51.142553	185066
361.457006	0	s1	6	51.142553	185066
361.625006	0	s1	6	51.310553	185152
361.625006	0	s1	6	51.310553	185152
361.791006	0	s1	6	51.476553	185237
361.791006	0	s1	6	51.476553	185237
361.957006	0	s1	6	51.642553	185322
361.957006	0	s1	6	51.642553	185322
362.125006	0	s1	6	51.810553	185408
362.125006	0	s1	6	51.810553	185408
362.291006	0	s1	6	51.976553	185493
362.291006	0	s1	6	51.976553	185493
362.457006	0	s1	6	52.142553	185578
362.457006	0	s1	6	52.142553	185578
362.625006	0	s1	6	52.310553	185664
362.625006	0	s1	6	52.310553	185664
362.791006	0	s1	6	52.476553	185749
362.791006	0	s1	6	52.476553	185749
362.957006	0	s1	6	52.642553	185834
362.957006	0	s1	6	52.642553	185834
363.123006	0	s1	6	52.808553	185919
363.123006	0	s1	6	52.808553	185919
363.291006	0	s1	6	52.976553	186005
363.291006	0	s1	6	52.976553	186005
363.457006	0	s1	6	53.142553	186090
363.457006	0	s1	6	53.142553	186090
363.623006	0	s1	6	53.308553	186175
363.623006	0	s1	6	53.308553	186175
363.789106	0	s1	6	53.474653	186260
363.789106	0	s1	6	53.474653	186260
363.957006	0	s1	6	53.642553	186346
363.957006	0	s1	6	53.642553	186346
364.123006	0	s1	6	53.808553	186431
364.123006	0	s1	6	53.808553	186431
364.289106	0	s1	6	53.974653	186516
364.289106	0	s1	6	53.974653	186516
364.457006	0	s1	6	54.142553	186602
364.457006	0	s1	6	54.142553	186602
364.623006	0	s1	6	54.308553	186687
364.623006	0	s1	6	54.308553	186687
364.789106	0	s1	6	54.474653	186772
364.789106	0	s1	6	54.474653	186772
364.957006	0	s1	6	54.642553	186858
364.957006	0	s1	6	54.642553	186858
365.123006	0	s1	6	54.808553	186943
365.123006	0	s1	6	54.808553	186943
365.289106	0	s1	6	54.974653	187028
365.289106	0	s1	6	54.974653	187028
365.455106	0	s1	6	55.140653	187113
365.455106	0	s1	6	55.140653	187113
365.623006	0	s1	6	55.308553	187199
365.623006	0	s1	6	55.308553	187199
365.789106	0	s1	6	55.474653	187284
365.789106	0	s1	6	55.474653	187284
365.955106	0	s1	6	55.640653	187369
365.955106	0	s1	6	55.640653	187369
366.123006	0	s1	6	55.808553	187455
366.123006	0	s1	6	55.808553	187455
366.289106	0	s1	6	55.974653	187540
366.289106	0	s1	6	55.974653	187540
366.455106	0	s1	6	56.140653	187625
366.455106	0	s1	6	56.140653	187625
366.623006	0	s1	6	56.308553	187711
366.623006	0	s1	6	56.308553	187711
366.789106	0	s1	6	56.474653	187796
366.789106	0	s1	6	56.474653	187796
366.955106	0	s1	6	56.640653	187881
366.955106	0	s1	6	56.640653	187881
367.119106	0	s1	6	56.804653	187965
367.119106	0	s1	6	56.804653	187965
367.289106	0	s1	6	56.974653	188052
367.289106	0	s1	6	56.974653	188052
367.455106	0	s1	6	57.140653	188137
367.455106	0	s1	6	57.140653	188137
367.619106	0	s1	6	57.304653	188221
367.619106	0	s1	6	57.304653	188221
367.789106	0	s1	6	57.474653	188308
367.789106	0	s1	6	57.474653	188308
367.955106	0	s1	6	57.640653	188393
367.955106	0	s1	6	57.640653	188393
368.119106	0	s1	6	57.804653	188477
368.119106	0	s1	6	57.804653	188477
368.287106	0	s1	6	57.972653	188563
368.287106	0	s1	6	57.972653	188563
368.455106	0	s1	6	58.140653	188649
368.455106	0	s1	6	58.140653	188649
368.619106	0	s1	6	58.304653	188733
368.619106	0	s1	6	58.304653	188733
368.787106	0	s1	6	58.472653	188819
368.787106	0	s1	6	58.472653	188819
368.955106	0	s1	6	58.640653	188905
368.955106	0	s1	6	58.640653	188905
369.119106	0	s1	6	58.804653	188989
369.119106	0	s1	6	58.804653	188989
369.287106	0	s1	6	58.972653	189075
369.287106	0	s1	6	58.972653	189075
369.455106	0	s1	6	59.140653	189161
369.455106	0	s1	6	59.140653	189161
369.619106	0	s1	6	59.304653	189245
369.619106	0	s1	6	59.304653	189245
369.787106	0	s1	6	59.472653	189331
369.787106	0	s1	6	59.472653	189331
369.953106	0	s1	6	59.638653	189416
369.953106	0	s1	6	59.638653	189416
370.119106	0	s1	6	59.804653	189501
370.119106	0	s1	6	59.804653	189501
370.287106	0	s1	6	59.972653	189587
370.287106	0	s1	6	59.972653	189587
370.453106	0	s1	6	60.138653	189672
370.453106	0	s1	6	60.138653	189672
370.619106	0	s1	6	60.304653	189757
370.619106	0	s1	6	60.304653	189757
370.787106	0	s1	6	60.472653	189843
370.787106	0	s1	6	60.472653	189843
370.953106	0	s1	6	60.638653	189928
370.953106	0	s1	6	60.638653	189928
371.119106	0	s1	6	60.804653	190013
371.119106	0	s1	6	60.804653	190013
371.287106	0	s1	6	60.972653	190099
371.287106	0	s1	6	60.972653	190099
371.453106	0	s1	6	61.138653	190184
371.453106	0	s1	6	61.138653	190184
371.619106	0	s1	6	61.304653	190269
371.619106	0	s1	6	61.304653	190269
371.787106	0	s1	6	61.472653	190355
371.787106	0	s1	6	61.472653	190355
371.953106	0	s1	6	61.638653	190440
371.953106	0	s1	6	61.638653	190440
372.119106	0	s1	6	61.804653	190525
372.119106	0	s1	6	61.804653	190525
372.287106	0	s1	6	61.972653	190611
372.287106	0	s1	6	61.972653	190611
372.453106	0	s1	6	62.138653	190696
372.453106	0	s1	6	62.138653	190696
372.619106	0	s1	6	62.304653	190781
372.619106	0	s1	6	62.304653	190781
372.785206	0	s1	6	62.470753	190866
372.785206	0	s1	6	62.470753	190866
372.953106	0	s1	6	62.638653	190952
372.953106	0	s1	6	62.638653	190952
373.119106	0	s1	6	62.804653	191037
373.119106	0	s1	6	62.804653	191037
373.285206	0	s1	6	62.970753	191122
373.285206	0	s1	6	62.970753	191122
373.453106	0	s1	6	63.138653	191208
373.453106	0	s1	6	63.138653	191208
373.619106	0	s1	6	63.304653	191293
373.619106	0	s1	6	63.304653	191293
373.785206	0	s1	6	63.470753	191378
373.785206	0	s1	6	63.470753	191378
373.951206	0	s1	6	63.636753	191463
373.951206	0	s1	6	63.636753	191463
374.119106	0	s1	6	63.804653	191549
374.119106	0	s1	6	63.804653	191549
374.285206	0	s1	6	63.970753	191634
374.285206	0	s1	6	63.970753	191634
374.451206	0	s1	6	64.136753	191719
374.451206	0	s1	6	64.136753	191719
374.619106	0	s1	6	64.304653	191805
374.619106	0	s1	6	64.304653	191805
