onset	duration	trial_type	sequence	latency_in_sequence	sample
0.166053	0	s1	1	2.166053	85
0.166053	0	s1	1	2.166053	85
0.332053	0	s1	1	2.332053	170
0.332053	0	s1	1	2.332053	170
0.499953	0	s1	1	2.499953	256
0.499953	0	s1	1	2.499953	256
0.666053	0	s1	1	2.666053	341
0.666053	0	s1	1	2.666053	341
0.832053	0	s1	1	2.832053	426
0.832053	0	s1	1	2.832053	426
0.999953	0	s1	1	2.999953	512
0.999953	0	s1	1	2.999953	512
1.166053	0	s1	1	3.166053	597
1.166053	0	s1	1	3.166053	597
1.332053	0	s1	1	3.332053	682
1.332053	0	s1	1	3.332053	682
1.498053	0	s1	1	3.498053	767
1.498053	0	s1	1	3.498053	767
1.666053	0	s1	1	3.666053	853
1.666053	0	s1	1	3.666053	853
1.832053	0	s1	1	3.832053	938
1.832053	0	s1	1	3.832053	938
1.998053	0	s1	1	3.998053	1023
1.998053	0	s1	1	3.998053	1023
2.166053	0	s1	1	4.166053	1109
2.166053	0	s1	1	4.166053	1109
2.332053	0	s1	1	4.332053	1194
2.332053	0	s1	1	4.332053	1194
2.498053	0	s1	1	4.498053	1279
2.498053	0	s1	1	4.498053	1279
2.664053	0	s1	1	4.664053	1364
2.664053	0	s1	1	4.664053	1364
2.832053	0	s1	1	4.832053	1450
2.832053	0	s1	1	4.832053	1450
2.998053	0	s1	1	4.998053	1535
2.998053	0	s1	1	4.998053	1535
3.164053	0	s1	1	5.164053	1620
3.164053	0	s1	1	5.164053	1620
3.332053	0	s1	1	5.332053	1706
3.332053	0	s1	1	5.332053	1706
3.498053	0	s1	1	5.498053	1791
3.498053	0	s1	1	5.498053	1791
3.664053	0	s1	1	5.664053	1876
3.664053	0	s1	1	5.664053	1876
3.830053	0	s1	1	5.830053	1961
3.830053	0	s1	1	5.830053	1961
3.998053	0	s1	1	5.998053	2047
3.998053	0	s1	1	5.998053	2047
4.164053	0	s1	1	6.164053	2132
4.164053	0	s1	1	6.164053	2132
4.330053	0	s1	1	6.330053	2217
4.330053	0	s1	1	6.330053	2217
4.498053	0	s1	1	6.498053	2303
4.498053	0	s1	1	6.498053	2303
4.664053	0	s1	1	6.664053	2388
4.664053	0	s1	1	6.664053	2388
4.830053	0	s1	1	6.830053	2473
4.830053	0	s1	1	6.830053	2473
4.998053	0	s1	1	6.998053	2559
4.998053	0	s1	1	6.998053	2559
5.164053	0	s1	1	7.164053	2644
5.164053	0	s1	1	7.164053	2644
5.330053	0	s1	1	7.330053	2729
5.330053	0	s1	1	7.330053	2729
5.496053	0	s1	1	7.496053	2814
5.496053	0	s1	1	7.496053	2814
5.664053	0	s1	1	7.664053	2900
5.664053	0	s1	1	7.664053	2900
5.830053	0	s1	1	7.830053	2985
5.830053	0	s1	1	7.830053	2985
5.996053	0	s1	1	7.996053	3070
5.996053	0	s1	1	7.996053	3070
6.164053	0	s1	1	8.164053	3156
6.164053	0	s1	1	8.164053	3156
6.330053	0	s1	1	8.330053	3241
6.330053	0	s1	1	8.330053	3241
6.496053	0	s1	1	8.496053	3326
6.496053	0	s1	1	8.496053	3326
6.660153	0	s1	1	8.660153	3410
6.660153	0	s1	1	8.660153	3410
6.830053	0	s1	1	8.830053	3497
6.830053	0	s1	1	8.830053	3497
6.996053	0	s1	1	8.996053	3582
6.996053	0	s1	1	8.996053	3582
7.160153	0	s1	1	9.160153	3666
7.160153	0	s1	1	9.160153	3666
7.330053	0	s1	1	9.330053	3753
7.330053	0	s1	1	9.330053	3753
7.496053	0	s1	1	9.496053	3838
7.496053	0	s1	1	9.496053	3838
7.660153	0	s1	1	9.660153	3922
7.660153	0	s1	1	9.660153	3922
7.830053	0	s1	1	9.830053	4009
7.830053	0	s1	1	9.830053	4009
7.996053	0	s1	1	9.996053	4094
7.996053	0	s1	1	9.996053	4094
8.160153	0	s1	1	10.160153	4178
8.160153	0	s1	1	10.160153	4178
8.328153	0	s1	1	10.328153	4264
8.328153	0	s1	1	10.328153	4264
8.496053	0	s1	1	10.496053	4350
8.496053	0	s1	1	10.496053	4350
8.660153	0	s1	1	10.660153	4434
8.660153	0	s1	1	10.660153	4434
8.828153	0	s1	1	10.828153	4520
8.828153	0	s1	1	10.828153	4520
8.996053	0	s1	1	10.996053	4606
8.996053	0	s1	1	10.996053	4606
9.160153	0	s1	1	11.160153	4690
9.160153	0	s1	1	11.160153	4690
9.328153	0	s1	1	11.328153	4776
9.328153	0	s1	1	11.328153	4776
9.494153	0	s1	1	11.494153	4861
9.494153	0	s1	1	11.494153	4861
9.660153	0	s1	1	11.660153	4946
9.660153	0	s1	1	11.660153	4946
9.828153	0	s1	1	11.828153	5032
9.828153	0	s1	1	11.828153	5032
9.994153	0	s1	1	11.994153	5117
9.994153	0	s1	1	11.994153	5117
10.160153	0	s1	1	12.160153	5202
10.160153	0	s1	1	12.160153	5202
10.328153	0	s1	1	12.328153	5288
10.328153	0	s1	1	12.328153	5288
10.494153	0	s1	1	12.494153	5373
10.494153	0	s1	1	12.494153	5373
10.660153	0	s1	1	12.660153	5458
10.660153	0	s1	1	12.660153	5458
10.828153	0	s1	1	12.828153	5544
10.828153	0	s1	1	12.828153	5544
10.994153	0	s1	1	12.994153	5629
10.994153	0	s1	1	12.994153	5629
11.160153	0	s1	1	13.160153	5714
11.160153	0	s1	1	13.160153	5714
11.328153	0	s1	1	13.328153	5800
11.328153	0	s1	1	13.328153	5800
11.494153	0	s1	1	13.494153	5885
11.494153	0	s1	1	13.494153	5885
11.660153	0	s1	1	13.660153	5970
11.660153	0	s1	1	13.660153	5970
11.826153	0	s1	1	13.826153	6055
11.826153	0	s1	1	13.826153	6055
11.994153	0	s1	1	13.994153	6141
11.994153	0	s1	1	13.994153	6141
12.160153	0	s1	1	14.160153	6226
12.160153	0	s1	1	14.160153	6226
12.326153	0	s1	1	14.326153	6311
12.326153	0	s1	1	14.326153	6311
12.494153	0	s1	1	14.494153	6397
12.494153	0	s1	1	14.494153	6397
12.660153	0	s1	1	14.660153	6482
12.660153	0	s1	1	14.660153	6482
12.826153	0	s1	1	14.826153	6567
12.826153	0	s1	1	14.826153	6567
12.994153	0	s1	1	14.994153	6653
12.994153	0	s1	1	14.994153	6653
13.160153	0	s1	1	15.160153	6738
13.160153	0	s1	1	15.160153	6738
13.326153	0	s1	1	15.326153	6823
13.326153	0	s1	1	15.326153	6823
13.494153	0	s1	1	15.494153	6909
13.494153	0	s1	1	15.494153	6909
13.660153	0	s1	1	15.660153	6994
13.660153	0	s1	1	15.660153	6994
13.826153	0	s1	1	15.826153	7079
13.826153	0	s1	1	15.826153	7079
13.992153	0	s1	1	15.992153	7164
13.992153	0	s1	1	15.992153	7164
14.160153	0	s1	1	16.160153	7250
14.160153	0	s1	1	16.160153	7250
14.326153	0	s1	1	16.326153	7335
14.326153	0	s1	1	16.326153	7335
14.492153	0	s1	1	16.492153	7420
14.492153	0	s1	1	16.492153	7420
14.660153	0	s1	1	16.660153	7506
14.660153	0	s1	1	16.660153	7506
14.826153	0	s1	1	16.826153	7591
14.826153	0	s1	1	16.826153	7591
14.992153	0	s1	1	16.992153	7676
14.992153	0	s1	1	16.992153	7676
15.158253	0	s1	1	17.158253	7761
15.158253	0	s1	1	17.158253	7761
15.326153	0	s1	1	17.326153	7847
15.326153	0	s1	1	17.326153	7847
15.492153	0	s1	1	17.492153	7932
15.492153	0	s1	1	17.492153	7932
15.658253	0	s1	1	17.658253	8017
15.658253	0	s1	1	17.658253	8017
15.826153	0	s1	1	17.826153	8103
15.826153	0	s1	1	17.826153	8103
15.992153	0	s1	1	17.992153	8188
15.992153	0	s1	1	17.992153	8188
16.158253	0	s1	1	18.158253	8273
16.158253	0	s1	1	18.158253	8273
16.324253	0	s1	1	18.324253	8358
16.324253	0	s1	1	18.324253	8358
16.492153	0	s1	1	18.492153	8444
16.492153	0	s1	1	18.492153	8444
16.658253	0	s1	1	18.658253	8529
16.658253	0	s1	1	18.658253	8529
16.824253	0	s1	1	18.824253	8614
16.824253	0	s1	1	18.824253	8614
16.992153	0	s1	1	18.992153	8700
16.992153	0	s1	1	18.992153	8700
17.158253	0	s1	1	19.158253	8785
17.158253	0	s1	1	19.158253	8785
17.324253	0	s1	1	19.324253	8870
17.324253	0	s1	1	19.324253	8870
17.492153	0	s1	1	19.492153	8956
17.492153	0	s1	1	19.492153	8956
17.658253	0	s1	1	19.658253	9041
17.658253	0	s1	1	19.658253	9041
17.824253	0	s1	1	19.824253	9126
17.824253	0	s1	1	19.824253	9126
17.990253	0	s1	1	19.990253	9211
17.990253	0	s1	1	19.990253	9211
18.158253	0	s1	1	20.158253	9297
18.158253	0	s1	1	20.158253	9297
18.324253	0	s1	1	20.324253	9382
18.324253	0	s1	1	20.324253	9382
18.490253	0	s1	1	20.490253	9467
18.490253	0	s1	1	20.490253	9467
18.658253	0	s1	1	20.658253	9553
18.658253	0	s1	1	20.658253	9553
18.824253	0	s1	1	20.824253	9638
18.824253	0	s1	1	20.824253	9638
18.990253	0	s1	1	20.990253	9723
18.990253	0	s1	1	20.990253	9723
19.158253	0	s1	1	21.158253	9809
19.158253	0	s1	1	21.158253	9809
19.324253	0	s1	1	21.324253	9894
19.324253	0	s1	1	21.324253	9894
19.490253	0	s1	1	21.490253	9979
19.490253	0	s1	1	21.490253	9979
19.656253	0	s1	1	21.656253	10064
19.656253	0	s1	1	21.656253	10064
19.824253	0	s1	1	21.824253	10150
19.824253	0	s1	1	21.824253	10150
19.990253	0	s1	1	21.990253	10235
19.990253	0	s1	1	21.990253	10235
20.156253	0	s1	1	22.156253	10320
20.156253	0	s1	1	22.156253	10320
20.324253	0	s1	1	22.324253	10406
20.324253	0	s1	1	22.324253	10406
20.490253	0	s1	1	22.490253	10491
20.490253	0	s1	1	22.490253	10491
20.656253	0	s1	1	22.656253	10576
20.656253	0	s1	1	22.656253	10576
20.824253	0	s1	1	22.824253	10662
20.824253	0	s1	1	22.824253	10662
20.990253	0	s1	1	22.990253	10747
20.990253	0	s1	1	22.990253	10747
21.156253	0	s1	1	23.156253	10832
21.156253	0	s1	1	23.156253	10832
21.322253	0	s1	1	23.322253	10917
21.322253	0	s1	1	23.322253	10917
21.490253	0	s1	1	23.490253	11003
21.490253	0	s1	1	23.490253	11003
21.656253	0	s1	1	23.656253	11088
21.656253	0	s1	1	23.656253	11088
21.822253	0	s1	1	23.822253	11173
21.822253	0	s1	1	23.822253	11173
21.990253	0	s1	1	23.990253	11259
21.990253	0	s1	1	23.990253	11259
22.156253	0	s1	1	24.156253	11344
22.156253	0	s1	1	24.156253	11344
22.322253	0	s1	1	24.322253	11429
22.322253	0	s1	1	24.322253	11429
22.488253	0	s1	1	24.488253	11514
22.488253	0	s1	1	24.488253	11514
22.656253	0	s1	1	24.656253	11600
22.656253	0	s1	1	24.656253	11600
22.822253	0	s1	1	24.822253	11685
22.822253	0	s1	1	24.822253	11685
22.988253	0	s1	1	24.988253	11770
22.988253	0	s1	1	24.988253	11770
23.156253	0	s1	1	25.156253	11856
23.156253	0	s1	1	25.156253	11856
23.322253	0	s1	1	25.322253	11941
23.322253	0	s1	1	25.322253	11941
23.488253	0	s1	1	25.488253	12026
23.488253	0	s1	1	25.488253	12026
23.654253	0	s1	1	25.654253	12111
23.654253	0	s1	1	25.654253	12111
23.822253	0	s1	1	25.822253	12197
23.822253	0	s1	1	25.822253	12197
23.988253	0	s1	1	25.988253	12282
23.988253	0	s1	1	25.988253	12282
24.154253	0	s1	1	26.154253	12367
24.154253	0	s1	1	26.154253	12367
24.322253	0	s1	1	26.322253	12453
24.322253	0	s1	1	26.322253	12453
24.488253	0	s1	1	26.488253	12538
24.488253	0	s1	1	26.488253	12538
24.654253	0	s1	1	26.654253	12623
24.654253	0	s1	1	26.654253	12623
24.816453	0	s1	1	26.816453	12706
24.816453	0	s1	1	26.816453	12706
25.074253	0	s1	1	27.074253	12838
25.074253	0	s1	1	27.074253	12838
25.583953	0	s1	1	27.583953	13099
25.583953	0	s1	1	27.583953	13099
26.095753	0	s1	1	28.095753	13361
26.095753	0	s1	1	28.095753	13361
26.166053	0	s1	1	28.166053	13397
26.166053	0	s1	1	28.166053	13397
26.677753	0	s1	1	28.677753	13659
26.677753	0	s1	1	28.677753	13659
27.187453	0	s1	1	29.187453	13920
27.187453	0	s1	1	29.187453	13920
27.699253	0	s1	1	29.699253	14182
27.699253	0	s1	1	29.699253	14182
28.208953	0	s1	1	30.208953	14443
28.208953	0	s1	1	30.208953	14443
28.722653	0	s1	1	30.722653	14706
28.722653	0	s1	1	30.722653	14706
29.234353	0	s1	1	31.234353	14968
29.234353	0	s1	1	31.234353	14968
29.748053	0	s1	1	31.748053	15231
29.748053	0	s1	1	31.748053	15231
30.257853	0	s1	1	32.257853	15492
30.257853	0	s1	1	32.257853	15492
30.769553	0	s1	1	32.769553	15754
30.769553	0	s1	1	32.769553	15754
30.986353	0	s1	1	32.986353	15865
30.986353	0	s1	1	32.986353	15865
31.152353	0	s1	1	33.152353	15950
31.152353	0	s1	1	33.152353	15950
31.316453	0	s1	1	33.316453	16034
31.316453	0	s1	1	33.316453	16034
31.484353	0	s1	1	33.484353	16120
31.484353	0	s1	1	33.484353	16120
31.652353	0	s1	1	33.652353	16206
31.652353	0	s1	1	33.652353	16206
31.816453	0	s1	1	33.816453	16290
31.816453	0	s1	1	33.816453	16290
31.984353	0	s1	1	33.984353	16376
31.984353	0	s1	1	33.984353	16376
32.152353	0	s1	1	34.152353	16462
32.152353	0	s1	1	34.152353	16462
32.316453	0	s1	1	34.316453	16546
32.316453	0	s1	1	34.316453	16546
32.484353	0	s1	1	34.484353	16632
32.484353	0	s1	1	34.484353	16632
32.650353	0	s1	1	34.650353	16717
32.650353	0	s1	1	34.650353	16717
32.816453	0	s1	1	34.816453	16802
32.816453	0	s1	1	34.816453	16802
32.984353	0	s1	1	34.984353	16888
32.984353	0	s1	1	34.984353	16888
33.150353	0	s1	1	35.150353	16973
33.150353	0	s1	1	35.150353	16973
33.316453	0	s1	1	35.316453	17058
33.316453	0	s1	1	35.316453	17058
33.484353	0	s1	1	35.484353	17144
33.484353	0	s1	1	35.484353	17144
33.650353	0	s1	1	35.650353	17229
33.650353	0	s1	1	35.650353	17229
33.816453	0	s1	1	35.816453	17314
33.816453	0	s1	1	35.816453	17314
33.984353	0	s1	1	35.984353	17400
33.984353	0	s1	1	35.984353	17400
34.150353	0	s1	1	36.150353	17485
34.150353	0	s1	1	36.150353	17485
34.316453	0	s1	1	36.316453	17570
34.316453	0	s1	1	36.316453	17570
34.46875	0	F_GREY_NP	1	36.46875	17648
34.484353	0	s1	1	36.484353	17656
34.484353	0	s1	1	36.484353	17656
34.650353	0	s1	1	36.650353	17741
34.650353	0	s1	1	36.650353	17741
34.816453	0	s1	1	36.816453	17826
34.816453	0	s1	1	36.816453	17826
34.984353	0	s1	1	36.984353	17912
34.984353	0	s1	1	36.984353	17912
35.150353	0	s1	1	37.150353	17997
35.150353	0	s1	1	37.150353	17997
35.316453	0	s1	1	37.316453	18082
35.316453	0	s1	1	37.316453	18082
35.482453	0	s1	1	37.482453	18167
35.482453	0	s1	1	37.482453	18167
35.650353	0	s1	1	37.650353	18253
35.650353	0	s1	1	37.650353	18253
35.816453	0	s1	1	37.816453	18338
35.816453	0	s1	1	37.816453	18338
35.982453	0	s1	1	37.982453	18423
35.982453	0	s1	1	37.982453	18423
36.150353	0	s1	1	38.150353	18509
36.150353	0	s1	1	38.150353	18509
36.316453	0	s1	1	38.316453	18594
36.316453	0	s1	1	38.316453	18594
36.482453	0	s1	1	38.482453	18679
36.482453	0	s1	1	38.482453	18679
36.648453	0	s1	1	38.648453	18764
36.648453	0	s1	1	38.648453	18764
36.816453	0	s1	1	38.816453	18850
36.816453	0	s1	1	38.816453	18850
36.982453	0	s1	1	38.982453	18935
36.982453	0	s1	1	38.982453	18935
37.148453	0	s1	1	39.148453	19020
37.148453	0	s1	1	39.148453	19020
37.316453	0	s1	1	39.316453	19106
37.316453	0	s1	1	39.316453	19106
37.482453	0	s1	1	39.482453	19191
37.482453	0	s1	1	39.482453	19191
37.648453	0	s1	1	39.648453	19276
37.648453	0	s1	1	39.648453	19276
37.816453	0	s1	1	39.816453	19362
37.816453	0	s1	1	39.816453	19362
37.982453	0	s1	1	39.982453	19447
37.982453	0	s1	1	39.982453	19447
38.148453	0	s1	1	40.148453	19532
38.148453	0	s1	1	40.148453	19532
38.314453	0	s1	1	40.314453	19617
38.314453	0	s1	1	40.314453	19617
38.482453	0	s1	1	40.482453	19703
38.482453	0	s1	1	40.482453	19703
38.648453	0	s1	1	40.648453	19788
38.648453	0	s1	1	40.648453	19788
38.814453	0	s1	1	40.814453	19873
38.814453	0	s1	1	40.814453	19873
38.982453	0	s1	1	40.982453	19959
38.982453	0	s1	1	40.982453	19959
39.148453	0	s1	1	41.148453	20044
39.148453	0	s1	1	41.148453	20044
39.314453	0	s1	1	41.314453	20129
39.314453	0	s1	1	41.314453	20129
39.480453	0	s1	1	41.480453	20214
39.480453	0	s1	1	41.480453	20214
39.648453	0	s1	1	41.648453	20300
39.648453	0	s1	1	41.648453	20300
39.814453	0	s1	1	41.814453	20385
39.814453	0	s1	1	41.814453	20385
39.980453	0	s1	1	41.980453	20470
39.980453	0	s1	1	41.980453	20470
40.148453	0	s1	1	42.148453	20556
40.148453	0	s1	1	42.148453	20556
40.314453	0	s1	1	42.314453	20641
40.314453	0	s1	1	42.314453	20641
40.480453	0	s1	1	42.480453	20726
40.480453	0	s1	1	42.480453	20726
40.646453	0	s1	1	42.646453	20811
40.646453	0	s1	1	42.646453	20811
40.814453	0	s1	1	42.814453	20897
40.814453	0	s1	1	42.814453	20897
40.980453	0	s1	1	42.980453	20982
40.980453	0	s1	1	42.980453	20982
41.146453	0	s1	1	43.146453	21067
41.146453	0	s1	1	43.146453	21067
41.314453	0	s1	1	43.314453	21153
41.314453	0	s1	1	43.314453	21153
41.480453	0	s1	1	43.480453	21238
41.480453	0	s1	1	43.480453	21238
41.646453	0	s1	1	43.646453	21323
41.646453	0	s1	1	43.646453	21323
41.814453	0	s1	1	43.814453	21409
41.814453	0	s1	1	43.814453	21409
41.980453	0	s1	1	43.980453	21494
41.980453	0	s1	1	43.980453	21494
42.146453	0	s1	1	44.146453	21579
42.146453	0	s1	1	44.146453	21579
42.312453	0	s1	1	44.312453	21664
42.312453	0	s1	1	44.312453	21664
42.480453	0	s1	1	44.480453	21750
42.480453	0	s1	1	44.480453	21750
42.646453	0	s1	1	44.646453	21835
42.646453	0	s1	1	44.646453	21835
42.812453	0	s1	1	44.812453	21920
42.812453	0	s1	1	44.812453	21920
42.980453	0	s1	1	44.980453	22006
42.980453	0	s1	1	44.980453	22006
43.146453	0	s1	1	45.146453	22091
43.146453	0	s1	1	45.146453	22091
43.312453	0	s1	1	45.312453	22176
43.312453	0	s1	1	45.312453	22176
43.478553	0	s1	1	45.478553	22261
43.478553	0	s1	1	45.478553	22261
43.646453	0	s1	1	45.646453	22347
43.646453	0	s1	1	45.646453	22347
43.812453	0	s1	1	45.812453	22432
43.812453	0	s1	1	45.812453	22432
43.978553	0	s1	1	45.978553	22517
43.978553	0	s1	1	45.978553	22517
44.146453	0	s1	1	46.146453	22603
44.146453	0	s1	1	46.146453	22603
44.312453	0	s1	1	46.312453	22688
44.312453	0	s1	1	46.312453	22688
44.478553	0	s1	1	46.478553	22773
44.478553	0	s1	1	46.478553	22773
44.646453	0	s1	1	46.646453	22859
44.646453	0	s1	1	46.646453	22859
44.812453	0	s1	1	46.812453	22944
44.812453	0	s1	1	46.812453	22944
44.978553	0	s1	1	46.978553	23029
44.978553	0	s1	1	46.978553	23029
45.144553	0	s1	1	47.144553	23114
45.144553	0	s1	1	47.144553	23114
45.310553	0	s1	1	47.310553	23199
45.310553	0	s1	1	47.310553	23199
45.478553	0	s1	1	47.478553	23285
45.478553	0	s1	1	47.478553	23285
45.644553	0	s1	1	47.644553	23370
45.644553	0	s1	1	47.644553	23370
45.812453	0	s1	1	47.812453	23456
45.812453	0	s1	1	47.812453	23456
45.978553	0	s1	1	47.978553	23541
45.978553	0	s1	1	47.978553	23541
46.144553	0	s1	1	48.144553	23626
46.144553	0	s1	1	48.144553	23626
46.310553	0	s1	1	48.310553	23711
46.310553	0	s1	1	48.310553	23711
46.478553	0	s1	1	48.478553	23797
46.478553	0	s1	1	48.478553	23797
46.644553	0	s1	1	48.644553	23882
46.644553	0	s1	1	48.644553	23882
46.810553	0	s1	1	48.810553	23967
46.810553	0	s1	1	48.810553	23967
46.978553	0	s1	1	48.978553	24053
46.978553	0	s1	1	48.978553	24053
47.144553	0	s1	1	49.144553	24138
47.144553	0	s1	1	49.144553	24138
47.310553	0	s1	1	49.310553	24223
47.310553	0	s1	1	49.310553	24223
47.478553	0	s1	1	49.478553	24309
47.478553	0	s1	1	49.478553	24309
47.644553	0	s1	1	49.644553	24394
47.644553	0	s1	1	49.644553	24394
47.810553	0	s1	1	49.810553	24479
47.810553	0	s1	1	49.810553	24479
47.976553	0	s1	1	49.976553	24564
47.976553	0	s1	1	49.976553	24564
48.144553	0	s1	1	50.144553	24650
48.144553	0	s1	1	50.144553	24650
48.310553	0	s1	1	50.310553	24735
48.310553	0	s1	1	50.310553	24735
48.476553	0	s1	1	50.476553	24820
48.476553	0	s1	1	50.476553	24820
48.644553	0	s1	1	50.644553	24906
48.644553	0	s1	1	50.644553	24906
48.810553	0	s1	1	50.810553	24991
48.810553	0	s1	1	50.810553	24991
48.976553	0	s1	1	50.976553	25076
48.976553	0	s1	1	50.976553	25076
49.144553	0	s1	1	51.144553	25162
49.144553	0	s1	1	51.144553	25162
49.310553	0	s1	1	51.310553	25247
49.310553	0	s1	1	51.310553	25247
49.476553	0	s1	1	51.476553	25332
49.476553	0	s1	1	51.476553	25332
49.642553	0	s1	1	51.642553	25417
49.642553	0	s1	1	51.642553	25417
49.810553	0	s1	1	51.810553	25503
49.810553	0	s1	1	51.810553	25503
49.976553	0	s1	1	51.976553	25588
49.976553	0	s1	1	51.976553	25588
50.142553	0	s1	1	52.142553	25673
50.142553	0	s1	1	52.142553	25673
50.310553	0	s1	1	52.310553	25759
50.310553	0	s1	1	52.310553	25759
50.476553	0	s1	1	52.476553	25844
50.476553	0	s1	1	52.476553	25844
50.642553	0	s1	1	52.642553	25929
50.642553	0	s1	1	52.642553	25929
50.808553	0	s1	1	52.808553	26014
50.808553	0	s1	1	52.808553	26014
50.976553	0	s1	1	52.976553	26100
50.976553	0	s1	1	52.976553	26100
51.142553	0	s1	1	53.142553	26185
51.142553	0	s1	1	53.142553	26185
51.308553	0	s1	1	53.308553	26270
51.308553	0	s1	1	53.308553	26270
51.476553	0	s1	1	53.476553	26356
51.476553	0	s1	1	53.476553	26356
51.642553	0	s1	1	53.642553	26441
51.642553	0	s1	1	53.642553	26441
51.808553	0	s1	1	53.808553	26526
51.808553	0	s1	1	53.808553	26526
51.976553	0	s1	1	53.976553	26612
51.976553	0	s1	1	53.976553	26612
52.142553	0	s1	1	54.142553	26697
52.142553	0	s1	1	54.142553	26697
52.308553	0	s1	1	54.308553	26782
52.308553	0	s1	1	54.308553	26782
52.472653	0	s1	1	54.472653	26866
52.472653	0	s1	1	54.472653	26866
52.642553	0	s1	1	54.642553	26953
52.642553	0	s1	1	54.642553	26953
52.808553	0	s1	1	54.808553	27038
52.808553	0	s1	1	54.808553	27038
52.972653	0	s1	1	54.972653	27122
52.972653	0	s1	1	54.972653	27122
53.142553	0	s1	1	55.142553	27209
53.142553	0	s1	1	55.142553	27209
53.308553	0	s1	1	55.308553	27294
53.308553	0	s1	1	55.308553	27294
53.472653	0	s1	1	55.472653	27378
53.472653	0	s1	1	55.472653	27378
53.640653	0	s1	1	55.640653	27464
53.640653	0	s1	1	55.640653	27464
53.808553	0	s1	1	55.808553	27550
53.808553	0	s1	1	55.808553	27550
53.972653	0	s1	1	55.972653	27634
53.972653	0	s1	1	55.972653	27634
54.140653	0	s1	1	56.140653	27720
54.140653	0	s1	1	56.140653	27720
54.306653	0	s1	1	56.306653	27805
54.306653	0	s1	1	56.306653	27805
54.472653	0	s1	1	56.472653	27890
54.472653	0	s1	1	56.472653	27890
54.640653	0	s1	1	56.640653	27976
54.640653	0	s1	1	56.640653	27976
54.806653	0	s1	1	56.806653	28061
54.806653	0	s1	1	56.806653	28061
54.972653	0	s1	1	56.972653	28146
54.972653	0	s1	1	56.972653	28146
55.140653	0	s1	1	57.140653	28232
55.140653	0	s1	1	57.140653	28232
55.306653	0	s1	1	57.306653	28317
55.306653	0	s1	1	57.306653	28317
55.472653	0	s1	1	57.472653	28402
55.472653	0	s1	1	57.472653	28402
55.640653	0	s1	1	57.640653	28488
55.640653	0	s1	1	57.640653	28488
55.806653	0	s1	1	57.806653	28573
55.806653	0	s1	1	57.806653	28573
55.972653	0	s1	1	57.972653	28658
55.972653	0	s1	1	57.972653	28658
56.140653	0	s1	1	58.140653	28744
56.140653	0	s1	1	58.140653	28744
56.306653	0	s1	1	58.306653	28829
56.306653	0	s1	1	58.306653	28829
56.472653	0	s1	1	58.472653	28914
56.472653	0	s1	1	58.472653	28914
56.640653	0	s1	1	58.640653	29000
56.640653	0	s1	1	58.640653	29000
56.806653	0	s1	1	58.806653	29085
56.806653	0	s1	1	58.806653	29085
56.972653	0	s1	1	58.972653	29170
56.972653	0	s1	1	58.972653	29170
57.138653	0	s1	1	59.138653	29255
57.138653	0	s1	1	59.138653	29255
57.306653	0	s1	1	59.306653	29341
57.306653	0	s1	1	59.306653	29341
57.472653	0	s1	1	59.472653	29426
57.472653	0	s1	1	59.472653	29426
57.638653	0	s1	1	59.638653	29511
57.638653	0	s1	1	59.638653	29511
57.806653	0	s1	1	59.806653	29597
57.806653	0	s1	1	59.806653	29597
57.972653	0	s1	1	59.972653	29682
57.972653	0	s1	1	59.972653	29682
58.138653	0	s1	1	60.138653	29767
58.138653	0	s1	1	60.138653	29767
58.306653	0	s1	1	60.306653	29853
58.306653	0	s1	1	60.306653	29853
58.472653	0	s1	1	60.472653	29938
58.472653	0	s1	1	60.472653	29938
58.638653	0	s1	1	60.638653	30023
58.638653	0	s1	1	60.638653	30023
58.804653	0	s1	1	60.804653	30108
58.804653	0	s1	1	60.804653	30108
58.972653	0	s1	1	60.972653	30194
58.972653	0	s1	1	60.972653	30194
59.138653	0	s1	1	61.138653	30279
59.138653	0	s1	1	61.138653	30279
59.304653	0	s1	1	61.304653	30364
59.304653	0	s1	1	61.304653	30364
59.472653	0	s1	1	61.472653	30450
59.472653	0	s1	1	61.472653	30450
59.638653	0	s1	1	61.638653	30535
59.638653	0	s1	1	61.638653	30535
59.804653	0	s1	1	61.804653	30620
59.804653	0	s1	1	61.804653	30620
59.972653	0	s1	1	61.972653	30706
59.972653	0	s1	1	61.972653	30706
60.138653	0	s1	1	62.138653	30791
60.138653	0	s1	1	62.138653	30791
60.304653	0	s1	1	62.304653	30876
60.304653	0	s1	1	62.304653	30876
60.470753	0	s1	1	62.470753	30961
60.470753	0	s1	1	62.470753	30961
60.638653	0	s1	1	62.638653	31047
60.638653	0	s1	1	62.638653	31047
60.804653	0	s1	1	62.804653	31132
60.804653	0	s1	1	62.804653	31132
60.970753	0	s1	1	62.970753	31217
60.970753	0	s1	1	62.970753	31217
61.138653	0	s1	1	63.138653	31303
61.138653	0	s1	1	63.138653	31303
61.304653	0	s1	1	63.304653	31388
61.304653	0	s1	1	63.304653	31388
61.470753	0	s1	1	63.470753	31473
61.470753	0	s1	1	63.470753	31473
61.636753	0	s1	1	63.636753	31558
61.636753	0	s1	1	63.636753	31558
61.804653	0	s1	1	63.804653	31644
61.804653	0	s1	1	63.804653	31644
61.970753	0	s1	1	63.970753	31729
61.970753	0	s1	1	63.970753	31729
62.136753	0	s1	1	64.136753	31814
62.136753	0	s1	1	64.136753	31814
62.304653	0	s1	1	64.304653	31900
62.304653	0	s1	1	64.304653	31900
62.628944	0	s1	2	2.166053	32066
62.628944	0	s1	2	2.166053	32066
62.794944	0	s1	2	2.332053	32151
62.794944	0	s1	2	2.332053	32151
62.960944	0	s1	2	2.498053	32236
62.960944	0	s1	2	2.498053	32236
63.128944	0	s1	2	2.666053	32322
63.128944	0	s1	2	2.666053	32322
63.294944	0	s1	2	2.832053	32407
63.294944	0	s1	2	2.832053	32407
63.460944	0	s1	2	2.998053	32492
63.460944	0	s1	2	2.998053	32492
63.628944	0	s1	2	3.166053	32578
63.628944	0	s1	2	3.166053	32578
63.794944	0	s1	2	3.332053	32663
63.794944	0	s1	2	3.332053	32663
63.960944	0	s1	2	3.498053	32748
63.960944	0	s1	2	3.498053	32748
64.126944	0	s1	2	3.664053	32833
64.126944	0	s1	2	3.664053	32833
64.294944	0	s1	2	3.832053	32919
64.294944	0	s1	2	3.832053	32919
64.460944	0	s1	2	3.998053	33004
64.460944	0	s1	2	3.998053	33004
64.626944	0	s1	2	4.164053	33089
64.626944	0	s1	2	4.164053	33089
64.794944	0	s1	2	4.332053	33175
64.794944	0	s1	2	4.332053	33175
64.960944	0	s1	2	4.498053	33260
64.960944	0	s1	2	4.498053	33260
65.126944	0	s1	2	4.664053	33345
65.126944	0	s1	2	4.664053	33345
65.292944	0	s1	2	4.830053	33430
65.292944	0	s1	2	4.830053	33430
65.460944	0	s1	2	4.998053	33516
65.460944	0	s1	2	4.998053	33516
65.626944	0	s1	2	5.164053	33601
65.626944	0	s1	2	5.164053	33601
65.792944	0	s1	2	5.330053	33686
65.792944	0	s1	2	5.330053	33686
65.960944	0	s1	2	5.498053	33772
65.960944	0	s1	2	5.498053	33772
66.126944	0	s1	2	5.664053	33857
66.126944	0	s1	2	5.664053	33857
66.292944	0	s1	2	5.830053	33942
66.292944	0	s1	2	5.830053	33942
66.460944	0	s1	2	5.998053	34028
66.460944	0	s1	2	5.998053	34028
66.626944	0	s1	2	6.164053	34113
66.626944	0	s1	2	6.164053	34113
66.792944	0	s1	2	6.330053	34198
66.792944	0	s1	2	6.330053	34198
66.958944	0	s1	2	6.496053	34283
66.958944	0	s1	2	6.496053	34283
67.126944	0	s1	2	6.664053	34369
67.126944	0	s1	2	6.664053	34369
67.292944	0	s1	2	6.830053	34454
67.292944	0	s1	2	6.830053	34454
67.458944	0	s1	2	6.996053	34539
67.458944	0	s1	2	6.996053	34539
67.626944	0	s1	2	7.164053	34625
67.626944	0	s1	2	7.164053	34625
67.792944	0	s1	2	7.330053	34710
67.792944	0	s1	2	7.330053	34710
67.958944	0	s1	2	7.496053	34795
67.958944	0	s1	2	7.496053	34795
68.125044	0	s1	2	7.662153	34880
68.125044	0	s1	2	7.662153	34880
68.292944	0	s1	2	7.830053	34966
68.292944	0	s1	2	7.830053	34966
68.458944	0	s1	2	7.996053	35051
68.458944	0	s1	2	7.996053	35051
68.625044	0	s1	2	8.162153	35136
68.625044	0	s1	2	8.162153	35136
68.792944	0	s1	2	8.330053	35222
68.792944	0	s1	2	8.330053	35222
68.958944	0	s1	2	8.496053	35307
68.958944	0	s1	2	8.496053	35307
69.125044	0	s1	2	8.662153	35392
69.125044	0	s1	2	8.662153	35392
69.292944	0	s1	2	8.830053	35478
69.292944	0	s1	2	8.830053	35478
69.458944	0	s1	2	8.996053	35563
69.458944	0	s1	2	8.996053	35563
69.625044	0	s1	2	9.162153	35648
69.625044	0	s1	2	9.162153	35648
69.789044	0	s1	2	9.326153	35732
69.789044	0	s1	2	9.326153	35732
69.958944	0	s1	2	9.496053	35819
69.958944	0	s1	2	9.496053	35819
70.125044	0	s1	2	9.662153	35904
70.125044	0	s1	2	9.662153	35904
70.289044	0	s1	2	9.826153	35988
70.289044	0	s1	2	9.826153	35988
70.458944	0	s1	2	9.996053	36075
70.458944	0	s1	2	9.996053	36075
70.625044	0	s1	2	10.162153	36160
70.625044	0	s1	2	10.162153	36160
70.789044	0	s1	2	10.326153	36244
70.789044	0	s1	2	10.326153	36244
70.958944	0	s1	2	10.496053	36331
70.958944	0	s1	2	10.496053	36331
71.125044	0	s1	2	10.662153	36416
71.125044	0	s1	2	10.662153	36416
71.289044	0	s1	2	10.826153	36500
71.289044	0	s1	2	10.826153	36500
71.457044	0	s1	2	10.994153	36586
71.457044	0	s1	2	10.994153	36586
71.625044	0	s1	2	11.162153	36672
71.625044	0	s1	2	11.162153	36672
71.789044	0	s1	2	11.326153	36756
71.789044	0	s1	2	11.326153	36756
71.957044	0	s1	2	11.494153	36842
71.957044	0	s1	2	11.494153	36842
72.125044	0	s1	2	11.662153	36928
72.125044	0	s1	2	11.662153	36928
72.289044	0	s1	2	11.826153	37012
72.289044	0	s1	2	11.826153	37012
72.457044	0	s1	2	11.994153	37098
72.457044	0	s1	2	11.994153	37098
72.623044	0	s1	2	12.160153	37183
72.623044	0	s1	2	12.160153	37183
72.789044	0	s1	2	12.326153	37268
72.789044	0	s1	2	12.326153	37268
72.957044	0	s1	2	12.494153	37354
72.957044	0	s1	2	12.494153	37354
73.123044	0	s1	2	12.660153	37439
73.123044	0	s1	2	12.660153	37439
73.289044	0	s1	2	12.826153	37524
73.289044	0	s1	2	12.826153	37524
73.457044	0	s1	2	12.994153	37610
73.457044	0	s1	2	12.994153	37610
73.623044	0	s1	2	13.160153	37695
73.623044	0	s1	2	13.160153	37695
73.789044	0	s1	2	13.326153	37780
73.789044	0	s1	2	13.326153	37780
73.957044	0	s1	2	13.494153	37866
73.957044	0	s1	2	13.494153	37866
74.123044	0	s1	2	13.660153	37951
74.123044	0	s1	2	13.660153	37951
74.289044	0	s1	2	13.826153	38036
74.289044	0	s1	2	13.826153	38036
74.457044	0	s1	2	13.994153	38122
74.457044	0	s1	2	13.994153	38122
74.623044	0	s1	2	14.160153	38207
74.623044	0	s1	2	14.160153	38207
74.789044	0	s1	2	14.326153	38292
74.789044	0	s1	2	14.326153	38292
74.957044	0	s1	2	14.494153	38378
74.957044	0	s1	2	14.494153	38378
75.123044	0	s1	2	14.660153	38463
75.123044	0	s1	2	14.660153	38463
75.289044	0	s1	2	14.826153	38548
75.289044	0	s1	2	14.826153	38548
75.455044	0	s1	2	14.992153	38633
75.455044	0	s1	2	14.992153	38633
75.623044	0	s1	2	15.160153	38719
75.623044	0	s1	2	15.160153	38719
75.789044	0	s1	2	15.326153	38804
75.789044	0	s1	2	15.326153	38804
75.955044	0	s1	2	15.492153	38889
75.955044	0	s1	2	15.492153	38889
76.123044	0	s1	2	15.660153	38975
76.123044	0	s1	2	15.660153	38975
76.289044	0	s1	2	15.826153	39060
76.289044	0	s1	2	15.826153	39060
76.455044	0	s1	2	15.992153	39145
76.455044	0	s1	2	15.992153	39145
76.623044	0	s1	2	16.160153	39231
76.623044	0	s1	2	16.160153	39231
76.789044	0	s1	2	16.326153	39316
76.789044	0	s1	2	16.326153	39316
76.955044	0	s1	2	16.492153	39401
76.955044	0	s1	2	16.492153	39401
77.121144	0	s1	2	16.658253	39486
77.121144	0	s1	2	16.658253	39486
77.289044	0	s1	2	16.826153	39572
77.289044	0	s1	2	16.826153	39572
77.455044	0	s1	2	16.992153	39657
77.455044	0	s1	2	16.992153	39657
77.621144	0	s1	2	17.158253	39742
77.621144	0	s1	2	17.158253	39742
77.789044	0	s1	2	17.326153	39828
77.789044	0	s1	2	17.326153	39828
77.955044	0	s1	2	17.492153	39913
77.955044	0	s1	2	17.492153	39913
78.121144	0	s1	2	17.658253	39998
78.121144	0	s1	2	17.658253	39998
78.287144	0	s1	2	17.824253	40083
78.287144	0	s1	2	17.824253	40083
78.455044	0	s1	2	17.992153	40169
78.455044	0	s1	2	17.992153	40169
78.621144	0	s1	2	18.158253	40254
78.621144	0	s1	2	18.158253	40254
78.787144	0	s1	2	18.324253	40339
78.787144	0	s1	2	18.324253	40339
78.955044	0	s1	2	18.492153	40425
78.955044	0	s1	2	18.492153	40425
79.121144	0	s1	2	18.658253	40510
79.121144	0	s1	2	18.658253	40510
79.287144	0	s1	2	18.824253	40595
79.287144	0	s1	2	18.824253	40595
79.455044	0	s1	2	18.992153	40681
79.455044	0	s1	2	18.992153	40681
79.621144	0	s1	2	19.158253	40766
79.621144	0	s1	2	19.158253	40766
79.787144	0	s1	2	19.324253	40851
79.787144	0	s1	2	19.324253	40851
79.953144	0	s1	2	19.490253	40936
79.953144	0	s1	2	19.490253	40936
80.121144	0	s1	2	19.658253	41022
80.121144	0	s1	2	19.658253	41022
80.287144	0	s1	2	19.824253	41107
80.287144	0	s1	2	19.824253	41107
80.453144	0	s1	2	19.990253	41192
80.453144	0	s1	2	19.990253	41192
80.621144	0	s1	2	20.158253	41278
80.621144	0	s1	2	20.158253	41278
80.787144	0	s1	2	20.324253	41363
80.787144	0	s1	2	20.324253	41363
80.953144	0	s1	2	20.490253	41448
80.953144	0	s1	2	20.490253	41448
81.119144	0	s1	2	20.656253	41533
81.119144	0	s1	2	20.656253	41533
81.287144	0	s1	2	20.824253	41619
81.287144	0	s1	2	20.824253	41619
81.453144	0	s1	2	20.990253	41704
81.453144	0	s1	2	20.990253	41704
81.619144	0	s1	2	21.156253	41789
81.619144	0	s1	2	21.156253	41789
81.787144	0	s1	2	21.324253	41875
81.787144	0	s1	2	21.324253	41875
81.953144	0	s1	2	21.490253	41960
81.953144	0	s1	2	21.490253	41960
82.119144	0	s1	2	21.656253	42045
82.119144	0	s1	2	21.656253	42045
82.287144	0	s1	2	21.824253	42131
82.287144	0	s1	2	21.824253	42131
82.453144	0	s1	2	21.990253	42216
82.453144	0	s1	2	21.990253	42216
82.619144	0	s1	2	22.156253	42301
82.619144	0	s1	2	22.156253	42301
82.785144	0	s1	2	22.322253	42386
82.785144	0	s1	2	22.322253	42386
82.953144	0	s1	2	22.490253	42472
82.953144	0	s1	2	22.490253	42472
83.119144	0	s1	2	22.656253	42557
83.119144	0	s1	2	22.656253	42557
83.285144	0	s1	2	22.822253	42642
83.285144	0	s1	2	22.822253	42642
83.453144	0	s1	2	22.990253	42728
83.453144	0	s1	2	22.990253	42728
83.619144	0	s1	2	23.156253	42813
83.619144	0	s1	2	23.156253	42813
83.785144	0	s1	2	23.322253	42898
83.785144	0	s1	2	23.322253	42898
83.953144	0	s1	2	23.490253	42984
83.953144	0	s1	2	23.490253	42984
84.119144	0	s1	2	23.656253	43069
84.119144	0	s1	2	23.656253	43069
84.285144	0	s1	2	23.822253	43154
84.285144	0	s1	2	23.822253	43154
84.451144	0	s1	2	23.988253	43239
84.451144	0	s1	2	23.988253	43239
84.619144	0	s1	2	24.156253	43325
84.619144	0	s1	2	24.156253	43325
84.785144	0	s1	2	24.322253	43410
84.785144	0	s1	2	24.322253	43410
84.951144	0	s1	2	24.488253	43495
84.951144	0	s1	2	24.488253	43495
85.117144	0	s1	2	24.654253	43580
85.117144	0	s1	2	24.654253	43580
85.285144	0	s1	2	24.822253	43666
85.285144	0	s1	2	24.822253	43666
85.451144	0	s1	2	24.988253	43751
85.451144	0	s1	2	24.988253	43751
85.617144	0	s1	2	25.154253	43836
85.617144	0	s1	2	25.154253	43836
85.785144	0	s1	2	25.322253	43922
85.785144	0	s1	2	25.322253	43922
85.951144	0	s1	2	25.488253	44007
85.951144	0	s1	2	25.488253	44007
86.117144	0	s1	2	25.654253	44092
86.117144	0	s1	2	25.654253	44092
86.285144	0	s1	2	25.822253	44178
86.285144	0	s1	2	25.822253	44178
86.451144	0	s1	2	25.988253	44263
86.451144	0	s1	2	25.988253	44263
86.617144	0	s1	2	26.154253	44348
86.617144	0	s1	2	26.154253	44348
86.783244	0	s1	2	26.320353	44433
86.783244	0	s1	2	26.320353	44433
86.951144	0	s1	2	26.488253	44519
86.951144	0	s1	2	26.488253	44519
87.117144	0	s1	2	26.654253	44604
87.117144	0	s1	2	26.654253	44604
87.283244	0	s1	2	26.820353	44689
87.283244	0	s1	2	26.820353	44689
87.451144	0	s1	2	26.988253	44775
87.451144	0	s1	2	26.988253	44775
87.617144	0	s1	2	27.154253	44860
87.617144	0	s1	2	27.154253	44860
87.783244	0	s1	2	27.320353	44945
87.783244	0	s1	2	27.320353	44945
87.951144	0	s1	2	27.488253	45031
87.951144	0	s1	2	27.488253	45031
88.117144	0	s1	2	27.654253	45116
88.117144	0	s1	2	27.654253	45116
88.283244	0	s1	2	27.820353	45201
88.283244	0	s1	2	27.820353	45201
88.449244	0	s1	2	27.986353	45286
88.449244	0	s1	2	27.986353	45286
88.617144	0	s1	2	28.154253	45372
88.617144	0	s1	2	28.154253	45372
88.783244	0	s1	2	28.320353	45457
88.783244	0	s1	2	28.320353	45457
88.949244	0	s1	2	28.486353	45542
88.949244	0	s1	2	28.486353	45542
89.117144	0	s1	2	28.654253	45628
89.117144	0	s1	2	28.654253	45628
89.283244	0	s1	2	28.820353	45713
89.283244	0	s1	2	28.820353	45713
89.449244	0	s1	2	28.986353	45798
89.449244	0	s1	2	28.986353	45798
89.615244	0	s1	2	29.152353	45883
89.615244	0	s1	2	29.152353	45883
89.783244	0	s1	2	29.320353	45969
89.783244	0	s1	2	29.320353	45969
89.949244	0	s1	2	29.486353	46054
89.949244	0	s1	2	29.486353	46054
90.115244	0	s1	2	29.652353	46139
90.115244	0	s1	2	29.652353	46139
90.283244	0	s1	2	29.820353	46225
90.283244	0	s1	2	29.820353	46225
90.449244	0	s1	2	29.986353	46310
90.449244	0	s1	2	29.986353	46310
90.615244	0	s1	2	30.152353	46395
90.615244	0	s1	2	30.152353	46395
90.783244	0	s1	2	30.320353	46481
90.783244	0	s1	2	30.320353	46481
90.949244	0	s1	2	30.486353	46566
90.949244	0	s1	2	30.486353	46566
91.115244	0	s1	2	30.652353	46651
91.115244	0	s1	2	30.652353	46651
91.281244	0	s1	2	30.818353	46736
91.281244	0	s1	2	30.818353	46736
91.449244	0	s1	2	30.986353	46822
91.449244	0	s1	2	30.986353	46822
91.615244	0	s1	2	31.152353	46907
91.615244	0	s1	2	31.152353	46907
91.781244	0	s1	2	31.318353	46992
91.781244	0	s1	2	31.318353	46992
91.949244	0	s1	2	31.486353	47078
91.949244	0	s1	2	31.486353	47078
92.115244	0	s1	2	31.652353	47163
92.115244	0	s1	2	31.652353	47163
92.281244	0	s1	2	31.818353	47248
92.281244	0	s1	2	31.818353	47248
92.445344	0	s1	2	31.982453	47332
92.445344	0	s1	2	31.982453	47332
92.615244	0	s1	2	32.152353	47419
92.615244	0	s1	2	32.152353	47419
92.781244	0	s1	2	32.318353	47504
92.781244	0	s1	2	32.318353	47504
92.945344	0	s1	2	32.482453	47588
92.945344	0	s1	2	32.482453	47588
93.113244	0	s1	2	32.650353	47674
93.113244	0	s1	2	32.650353	47674
93.281244	0	s1	2	32.818353	47760
93.281244	0	s1	2	32.818353	47760
93.445344	0	s1	2	32.982453	47844
93.445344	0	s1	2	32.982453	47844
93.613244	0	s1	2	33.150353	47930
93.613244	0	s1	2	33.150353	47930
93.781244	0	s1	2	33.318353	48016
93.781244	0	s1	2	33.318353	48016
93.945344	0	s1	2	33.482453	48100
93.945344	0	s1	2	33.482453	48100
94.113244	0	s1	2	33.650353	48186
94.113244	0	s1	2	33.650353	48186
94.281244	0	s1	2	33.818353	48272
94.281244	0	s1	2	33.818353	48272
94.445344	0	s1	2	33.982453	48356
94.445344	0	s1	2	33.982453	48356
94.613244	0	s1	2	34.150353	48442
94.613244	0	s1	2	34.150353	48442
94.781244	0	s1	2	34.318353	48528
94.781244	0	s1	2	34.318353	48528
94.945344	0	s1	2	34.482453	48612
94.945344	0	s1	2	34.482453	48612
95.113244	0	s1	2	34.650353	48698
95.113244	0	s1	2	34.650353	48698
95.281244	0	s1	2	34.818353	48784
95.281244	0	s1	2	34.818353	48784
95.445344	0	s1	2	34.982453	48868
95.445344	0	s1	2	34.982453	48868
95.613244	0	s1	2	35.150353	48954
95.613244	0	s1	2	35.150353	48954
95.779344	0	s1	2	35.316453	49039
95.779344	0	s1	2	35.316453	49039
95.945344	0	s1	2	35.482453	49124
95.945344	0	s1	2	35.482453	49124
96.113244	0	s1	2	35.650353	49210
96.113244	0	s1	2	35.650353	49210
96.279344	0	s1	2	35.816453	49295
96.279344	0	s1	2	35.816453	49295
96.445344	0	s1	2	35.982453	49380
96.445344	0	s1	2	35.982453	49380
96.613244	0	s1	2	36.150353	49466
96.613244	0	s1	2	36.150353	49466
96.779344	0	s1	2	36.316453	49551
96.779344	0	s1	2	36.316453	49551
96.945344	0	s1	2	36.482453	49636
96.945344	0	s1	2	36.482453	49636
97.113244	0	s1	2	36.650353	49722
97.113244	0	s1	2	36.650353	49722
97.279344	0	s1	2	36.816453	49807
97.279344	0	s1	2	36.816453	49807
97.445344	0	s1	2	36.982453	49892
97.445344	0	s1	2	36.982453	49892
97.613244	0	s1	2	37.150353	49978
97.613244	0	s1	2	37.150353	49978
97.779344	0	s1	2	37.316453	50063
97.779344	0	s1	2	37.316453	50063
97.945344	0	s1	2	37.482453	50148
97.945344	0	s1	2	37.482453	50148
98.111344	0	s1	2	37.648453	50233
98.111344	0	s1	2	37.648453	50233
98.279344	0	s1	2	37.816453	50319
98.279344	0	s1	2	37.816453	50319
98.445344	0	s1	2	37.982453	50404
98.445344	0	s1	2	37.982453	50404
98.611344	0	s1	2	38.148453	50489
98.611344	0	s1	2	38.148453	50489
98.779344	0	s1	2	38.316453	50575
98.779344	0	s1	2	38.316453	50575
98.945344	0	s1	2	38.482453	50660
98.945344	0	s1	2	38.482453	50660
99.111344	0	s1	2	38.648453	50745
99.111344	0	s1	2	38.648453	50745
99.279344	0	s1	2	38.816453	50831
99.279344	0	s1	2	38.816453	50831
99.445344	0	s1	2	38.982453	50916
99.445344	0	s1	2	38.982453	50916
99.611344	0	s1	2	39.148453	51001
99.611344	0	s1	2	39.148453	51001
99.777344	0	s1	2	39.314453	51086
99.777344	0	s1	2	39.314453	51086
99.945344	0	s1	2	39.482453	51172
99.945344	0	s1	2	39.482453	51172
100.111344	0	s1	2	39.648453	51257
100.111344	0	s1	2	39.648453	51257
100.277344	0	s1	2	39.814453	51342
100.277344	0	s1	2	39.814453	51342
100.445344	0	s1	2	39.982453	51428
100.445344	0	s1	2	39.982453	51428
100.611344	0	s1	2	40.148453	51513
100.611344	0	s1	2	40.148453	51513
100.777344	0	s1	2	40.314453	51598
100.777344	0	s1	2	40.314453	51598
100.943344	0	s1	2	40.480453	51683
100.943344	0	s1	2	40.480453	51683
101.111344	0	s1	2	40.648453	51769
101.111344	0	s1	2	40.648453	51769
101.277344	0	s1	2	40.814453	51854
101.277344	0	s1	2	40.814453	51854
101.443344	0	s1	2	40.980453	51939
101.443344	0	s1	2	40.980453	51939
101.611344	0	s1	2	41.148453	52025
101.611344	0	s1	2	41.148453	52025
101.777344	0	s1	2	41.314453	52110
101.777344	0	s1	2	41.314453	52110
101.943344	0	s1	2	41.480453	52195
101.943344	0	s1	2	41.480453	52195
102.109344	0	s1	2	41.646453	52280
102.109344	0	s1	2	41.646453	52280
102.277344	0	s1	2	41.814453	52366
102.277344	0	s1	2	41.814453	52366
102.443344	0	s1	2	41.980453	52451
102.443344	0	s1	2	41.980453	52451
102.609344	0	s1	2	42.146453	52536
102.609344	0	s1	2	42.146453	52536
102.777344	0	s1	2	42.314453	52622
102.777344	0	s1	2	42.314453	52622
102.943344	0	s1	2	42.480453	52707
102.943344	0	s1	2	42.480453	52707
103.109344	0	s1	2	42.646453	52792
103.109344	0	s1	2	42.646453	52792
103.277344	0	s1	2	42.814453	52878
103.277344	0	s1	2	42.814453	52878
103.443344	0	s1	2	42.980453	52963
103.443344	0	s1	2	42.980453	52963
103.609344	0	s1	2	43.146453	53048
103.609344	0	s1	2	43.146453	53048
103.775344	0	s1	2	43.312453	53133
103.775344	0	s1	2	43.312453	53133
103.941444	0	s1	2	43.478553	53218
103.941444	0	s1	2	43.478553	53218
104.109344	0	s1	2	43.646453	53304
104.109344	0	s1	2	43.646453	53304
104.275344	0	s1	2	43.812453	53389
104.275344	0	s1	2	43.812453	53389
104.443344	0	s1	2	43.980453	53475
104.443344	0	s1	2	43.980453	53475
104.609344	0	s1	2	44.146453	53560
104.609344	0	s1	2	44.146453	53560
104.775344	0	s1	2	44.312453	53645
104.775344	0	s1	2	44.312453	53645
104.941444	0	s1	2	44.478553	53730
104.941444	0	s1	2	44.478553	53730
105.109344	0	s1	2	44.646453	53816
105.109344	0	s1	2	44.646453	53816
105.275344	0	s1	2	44.812453	53901
105.275344	0	s1	2	44.812453	53901
105.441444	0	s1	2	44.978553	53986
105.441444	0	s1	2	44.978553	53986
105.609344	0	s1	2	45.146453	54072
105.609344	0	s1	2	45.146453	54072
105.775344	0	s1	2	45.312453	54157
105.775344	0	s1	2	45.312453	54157
105.941444	0	s1	2	45.478553	54242
105.941444	0	s1	2	45.478553	54242
106.109344	0	s1	2	45.646453	54328
106.109344	0	s1	2	45.646453	54328
106.275344	0	s1	2	45.812453	54413
106.275344	0	s1	2	45.812453	54413
106.441444	0	s1	2	45.978553	54498
106.441444	0	s1	2	45.978553	54498
106.607444	0	s1	2	46.144553	54583
106.607444	0	s1	2	46.144553	54583
106.775344	0	s1	2	46.312453	54669
106.775344	0	s1	2	46.312453	54669
106.941444	0	s1	2	46.478553	54754
106.941444	0	s1	2	46.478553	54754
107.107444	0	s1	2	46.644553	54839
107.107444	0	s1	2	46.644553	54839
107.275344	0	s1	2	46.812453	54925
107.275344	0	s1	2	46.812453	54925
107.441444	0	s1	2	46.978553	55010
107.441444	0	s1	2	46.978553	55010
107.607444	0	s1	2	47.144553	55095
107.607444	0	s1	2	47.144553	55095
107.775344	0	s1	2	47.312453	55181
107.775344	0	s1	2	47.312453	55181
107.941444	0	s1	2	47.478553	55266
107.941444	0	s1	2	47.478553	55266
108.107444	0	s1	2	47.644553	55351
108.107444	0	s1	2	47.644553	55351
108.273444	0	s1	2	47.810553	55436
108.273444	0	s1	2	47.810553	55436
108.441444	0	s1	2	47.978553	55522
108.441444	0	s1	2	47.978553	55522
108.607444	0	s1	2	48.144553	55607
108.607444	0	s1	2	48.144553	55607
108.773444	0	s1	2	48.310553	55692
108.773444	0	s1	2	48.310553	55692
108.941444	0	s1	2	48.478553	55778
108.941444	0	s1	2	48.478553	55778
109.107444	0	s1	2	48.644553	55863
109.107444	0	s1	2	48.644553	55863
109.273444	0	s1	2	48.810553	55948
109.273444	0	s1	2	48.810553	55948
109.439444	0	s1	2	48.976553	56033
109.439444	0	s1	2	48.976553	56033
109.601544	0	s1	2	49.138653	56116
109.601544	0	s1	2	49.138653	56116
109.871144	0	s1	2	49.408253	56254
109.871144	0	s1	2	49.408253	56254
110.380844	0	s1	2	49.917953	56515
110.380844	0	s1	2	49.917953	56515
110.892544	0	s1	2	50.429653	56777
110.892544	0	s1	2	50.429653	56777
111.404344	0	s1	2	50.941453	57039
111.404344	0	s1	2	50.941453	57039
111.914044	0	s1	2	51.451153	57300
111.914044	0	s1	2	51.451153	57300
112.427744	0	s1	2	51.964853	57563
112.427744	0	s1	2	51.964853	57563
112.939444	0	s1	2	52.476553	57825
112.939444	0	s1	2	52.476553	57825
113.451144	0	s1	2	52.988253	58087
113.451144	0	s1	2	52.988253	58087
113.962844	0	s1	2	53.499953	58349
113.962844	0	s1	2	53.499953	58349
114.476544	0	s1	2	54.013653	58612
114.476544	0	s1	2	54.013653	58612
114.988244	0	s1	2	54.525353	58874
114.988244	0	s1	2	54.525353	58874
115.437544	0	s1	2	54.974653	59104
115.437544	0	s1	2	54.974653	59104
115.601544	0	s1	2	55.138653	59188
115.601544	0	s1	2	55.138653	59188
115.771444	0	s1	2	55.308553	59275
115.771444	0	s1	2	55.308553	59275
115.937544	0	s1	2	55.474653	59360
115.937544	0	s1	2	55.474653	59360
116.101544	0	s1	2	55.638653	59444
116.101544	0	s1	2	55.638653	59444
116.271444	0	s1	2	55.808553	59531
116.271444	0	s1	2	55.808553	59531
116.437544	0	s1	2	55.974653	59616
116.437544	0	s1	2	55.974653	59616
116.601544	0	s1	2	56.138653	59700
116.601544	0	s1	2	56.138653	59700
116.769544	0	s1	2	56.306653	59786
116.769544	0	s1	2	56.306653	59786
116.937544	0	s1	2	56.474653	59872
116.937544	0	s1	2	56.474653	59872
117.101544	0	s1	2	56.638653	59956
117.101544	0	s1	2	56.638653	59956
117.269544	0	s1	2	56.806653	60042
117.269544	0	s1	2	56.806653	60042
117.437544	0	s1	2	56.974653	60128
117.437544	0	s1	2	56.974653	60128
117.601544	0	s1	2	57.138653	60212
117.601544	0	s1	2	57.138653	60212
117.769544	0	s1	2	57.306653	60298
117.769544	0	s1	2	57.306653	60298
117.935544	0	s1	2	57.472653	60383
117.935544	0	s1	2	57.472653	60383
118.101544	0	s1	2	57.638653	60468
118.101544	0	s1	2	57.638653	60468
118.269544	0	s1	2	57.806653	60554
118.269544	0	s1	2	57.806653	60554
118.435544	0	s1	2	57.972653	60639
118.435544	0	s1	2	57.972653	60639
118.601544	0	s1	2	58.138653	60724
118.601544	0	s1	2	58.138653	60724
118.769544	0	s1	2	58.306653	60810
118.769544	0	s1	2	58.306653	60810
118.935544	0	s1	2	58.472653	60895
118.935544	0	s1	2	58.472653	60895
119.101544	0	s1	2	58.638653	60980
119.101544	0	s1	2	58.638653	60980
119.269544	0	s1	2	58.806653	61066
119.269544	0	s1	2	58.806653	61066
119.435544	0	s1	2	58.972653	61151
119.435544	0	s1	2	58.972653	61151
119.601544	0	s1	2	59.138653	61236
119.601544	0	s1	2	59.138653	61236
119.769544	0	s1	2	59.306653	61322
119.769544	0	s1	2	59.306653	61322
119.935544	0	s1	2	59.472653	61407
119.935544	0	s1	2	59.472653	61407
120.101544	0	s1	2	59.638653	61492
120.101544	0	s1	2	59.638653	61492
120.269544	0	s1	2	59.806653	61578
120.269544	0	s1	2	59.806653	61578
120.435544	0	s1	2	59.972653	61663
120.435544	0	s1	2	59.972653	61663
120.601544	0	s1	2	60.138653	61748
120.601544	0	s1	2	60.138653	61748
120.767544	0	s1	2	60.304653	61833
120.767544	0	s1	2	60.304653	61833
120.935544	0	s1	2	60.472653	61919
120.935544	0	s1	2	60.472653	61919
121.101544	0	s1	2	60.638653	62004
121.101544	0	s1	2	60.638653	62004
121.267544	0	s1	2	60.804653	62089
121.267544	0	s1	2	60.804653	62089
121.435544	0	s1	2	60.972653	62175
121.435544	0	s1	2	60.972653	62175
121.601544	0	s1	2	61.138653	62260
121.601544	0	s1	2	61.138653	62260
121.767544	0	s1	2	61.304653	62345
121.767544	0	s1	2	61.304653	62345
121.935544	0	s1	2	61.472653	62431
121.935544	0	s1	2	61.472653	62431
122.101544	0	s1	2	61.638653	62516
122.101544	0	s1	2	61.638653	62516
122.267544	0	s1	2	61.804653	62601
122.267544	0	s1	2	61.804653	62601
122.433644	0	s1	2	61.970753	62686
122.433644	0	s1	2	61.970753	62686
122.601544	0	s1	2	62.138653	62772
122.601544	0	s1	2	62.138653	62772
122.767544	0	s1	2	62.304653	62857
122.767544	0	s1	2	62.304653	62857
122.933644	0	s1	2	62.470753	62942
122.933644	0	s1	2	62.470753	62942
123.101544	0	s1	2	62.638653	63028
123.101544	0	s1	2	62.638653	63028
123.267544	0	s1	2	62.804653	63113
123.267544	0	s1	2	62.804653	63113
123.433644	0	s1	2	62.970753	63198
123.433644	0	s1	2	62.970753	63198
123.599644	0	s1	2	63.136753	63283
123.599644	0	s1	2	63.136753	63283
123.767544	0	s1	2	63.304653	63369
123.767544	0	s1	2	63.304653	63369
123.933644	0	s1	2	63.470753	63454
123.933644	0	s1	2	63.470753	63454
124.099644	0	s1	2	63.636753	63539
124.099644	0	s1	2	63.636753	63539
124.267544	0	s1	2	63.804653	63625
124.267544	0	s1	2	63.804653	63625
124.433644	0	s1	2	63.970753	63710
124.433644	0	s1	2	63.970753	63710
124.599644	0	s1	2	64.136753	63795
124.599644	0	s1	2	64.136753	63795
124.767544	0	s1	2	64.304653	63881
124.767544	0	s1	2	64.304653	63881
125.091834	0	s1	3	2.166053	64047
125.091834	0	s1	3	2.166053	64047
125.257834	0	s1	3	2.332053	64132
125.257834	0	s1	3	2.332053	64132
125.425734	0	s1	3	2.499953	64218
125.425734	0	s1	3	2.499953	64218
125.591834	0	s1	3	2.666053	64303
125.591834	0	s1	3	2.666053	64303
125.757834	0	s1	3	2.832053	64388
125.757834	0	s1	3	2.832053	64388
125.923834	0	s1	3	2.998053	64473
125.923834	0	s1	3	2.998053	64473
126.091834	0	s1	3	3.166053	64559
126.091834	0	s1	3	3.166053	64559
126.257834	0	s1	3	3.332053	64644
126.257834	0	s1	3	3.332053	64644
126.423834	0	s1	3	3.498053	64729
126.423834	0	s1	3	3.498053	64729
126.591834	0	s1	3	3.666053	64815
126.591834	0	s1	3	3.666053	64815
126.757834	0	s1	3	3.832053	64900
126.757834	0	s1	3	3.832053	64900
126.923834	0	s1	3	3.998053	64985
126.923834	0	s1	3	3.998053	64985
127.091834	0	s1	3	4.166053	65071
127.091834	0	s1	3	4.166053	65071
127.257834	0	s1	3	4.332053	65156
127.257834	0	s1	3	4.332053	65156
127.423834	0	s1	3	4.498053	65241
127.423834	0	s1	3	4.498053	65241
127.591834	0	s1	3	4.666053	65327
127.591834	0	s1	3	4.666053	65327
127.757834	0	s1	3	4.832053	65412
127.757834	0	s1	3	4.832053	65412
127.923834	0	s1	3	4.998053	65497
127.923834	0	s1	3	4.998053	65497
128.089834	0	s1	3	5.164053	65582
128.089834	0	s1	3	5.164053	65582
128.257834	0	s1	3	5.332053	65668
128.257834	0	s1	3	5.332053	65668
128.423834	0	s1	3	5.498053	65753
128.423834	0	s1	3	5.498053	65753
128.589834	0	s1	3	5.664053	65838
128.589834	0	s1	3	5.664053	65838
128.755834	0	s1	3	5.830053	65923
128.755834	0	s1	3	5.830053	65923
128.923834	0	s1	3	5.998053	66009
128.923834	0	s1	3	5.998053	66009
129.089834	0	s1	3	6.164053	66094
129.089834	0	s1	3	6.164053	66094
129.255834	0	s1	3	6.330053	66179
129.255834	0	s1	3	6.330053	66179
129.423834	0	s1	3	6.498053	66265
129.423834	0	s1	3	6.498053	66265
129.589834	0	s1	3	6.664053	66350
129.589834	0	s1	3	6.664053	66350
129.755834	0	s1	3	6.830053	66435
129.755834	0	s1	3	6.830053	66435
129.923834	0	s1	3	6.998053	66521
129.923834	0	s1	3	6.998053	66521
130.089834	0	s1	3	7.164053	66606
130.089834	0	s1	3	7.164053	66606
130.255834	0	s1	3	7.330053	66691
130.255834	0	s1	3	7.330053	66691
130.419934	0	s1	3	7.494153	66775
130.419934	0	s1	3	7.494153	66775
130.589834	0	s1	3	7.664053	66862
130.589834	0	s1	3	7.664053	66862
130.755834	0	s1	3	7.830053	66947
130.755834	0	s1	3	7.830053	66947
130.923834	0	s1	3	7.998053	67033
130.923834	0	s1	3	7.998053	67033
131.089834	0	s1	3	8.164053	67118
131.089834	0	s1	3	8.164053	67118
131.255834	0	s1	3	8.330053	67203
131.255834	0	s1	3	8.330053	67203
131.419934	0	s1	3	8.494153	67287
131.419934	0	s1	3	8.494153	67287
131.589834	0	s1	3	8.664053	67374
131.589834	0	s1	3	8.664053	67374
131.755834	0	s1	3	8.830053	67459
131.755834	0	s1	3	8.830053	67459
131.919934	0	s1	3	8.994153	67543
131.919934	0	s1	3	8.994153	67543
132.087934	0	s1	3	9.162153	67629
132.087934	0	s1	3	9.162153	67629
132.255834	0	s1	3	9.330053	67715
132.255834	0	s1	3	9.330053	67715
132.419934	0	s1	3	9.494153	67799
132.419934	0	s1	3	9.494153	67799
132.589834	0	s1	3	9.664053	67886
132.589834	0	s1	3	9.664053	67886
132.755834	0	s1	3	9.830053	67971
132.755834	0	s1	3	9.830053	67971
132.919934	0	s1	3	9.994153	68055
132.919934	0	s1	3	9.994153	68055
133.087934	0	s1	3	10.162153	68141
133.087934	0	s1	3	10.162153	68141
133.255834	0	s1	3	10.330053	68227
133.255834	0	s1	3	10.330053	68227
133.419934	0	s1	3	10.494153	68311
133.419934	0	s1	3	10.494153	68311
133.587934	0	s1	3	10.662153	68397
133.587934	0	s1	3	10.662153	68397
133.753934	0	s1	3	10.828153	68482
133.753934	0	s1	3	10.828153	68482
133.919934	0	s1	3	10.994153	68567
133.919934	0	s1	3	10.994153	68567
134.087934	0	s1	3	11.162153	68653
134.087934	0	s1	3	11.162153	68653
134.253934	0	s1	3	11.328153	68738
134.253934	0	s1	3	11.328153	68738
134.419934	0	s1	3	11.494153	68823
134.419934	0	s1	3	11.494153	68823
134.587934	0	s1	3	11.662153	68909
134.587934	0	s1	3	11.662153	68909
134.753934	0	s1	3	11.828153	68994
134.753934	0	s1	3	11.828153	68994
134.919934	0	s1	3	11.994153	69079
134.919934	0	s1	3	11.994153	69079
135.087934	0	s1	3	12.162153	69165
135.087934	0	s1	3	12.162153	69165
135.253934	0	s1	3	12.328153	69250
135.253934	0	s1	3	12.328153	69250
135.419934	0	s1	3	12.494153	69335
135.419934	0	s1	3	12.494153	69335
135.587934	0	s1	3	12.662153	69421
135.587934	0	s1	3	12.662153	69421
135.753934	0	s1	3	12.828153	69506
135.753934	0	s1	3	12.828153	69506
135.919934	0	s1	3	12.994153	69591
135.919934	0	s1	3	12.994153	69591
136.087934	0	s1	3	13.162153	69677
136.087934	0	s1	3	13.162153	69677
136.253934	0	s1	3	13.328153	69762
136.253934	0	s1	3	13.328153	69762
136.419934	0	s1	3	13.494153	69847
136.419934	0	s1	3	13.494153	69847
136.587934	0	s1	3	13.662153	69933
136.587934	0	s1	3	13.662153	69933
136.753934	0	s1	3	13.828153	70018
136.753934	0	s1	3	13.828153	70018
136.919934	0	s1	3	13.994153	70103
136.919934	0	s1	3	13.994153	70103
137.085934	0	s1	3	14.160153	70188
137.085934	0	s1	3	14.160153	70188
137.253934	0	s1	3	14.328153	70274
137.253934	0	s1	3	14.328153	70274
137.419934	0	s1	3	14.494153	70359
137.419934	0	s1	3	14.494153	70359
137.587934	0	s1	3	14.662153	70445
137.587934	0	s1	3	14.662153	70445
137.753934	0	s1	3	14.828153	70530
137.753934	0	s1	3	14.828153	70530
137.919934	0	s1	3	14.994153	70615
137.919934	0	s1	3	14.994153	70615
138.085934	0	s1	3	15.160153	70700
138.085934	0	s1	3	15.160153	70700
138.253934	0	s1	3	15.328153	70786
138.253934	0	s1	3	15.328153	70786
138.419934	0	s1	3	15.494153	70871
138.419934	0	s1	3	15.494153	70871
138.585934	0	s1	3	15.660153	70956
138.585934	0	s1	3	15.660153	70956
138.751934	0	s1	3	15.826153	71041
138.751934	0	s1	3	15.826153	71041
138.919934	0	s1	3	15.994153	71127
138.919934	0	s1	3	15.994153	71127
139.085934	0	s1	3	16.160153	71212
139.085934	0	s1	3	16.160153	71212
139.253934	0	s1	3	16.328153	71298
139.253934	0	s1	3	16.328153	71298
139.419934	0	s1	3	16.494153	71383
139.419934	0	s1	3	16.494153	71383
139.585934	0	s1	3	16.660153	71468
139.585934	0	s1	3	16.660153	71468
139.751934	0	s1	3	16.826153	71553
139.751934	0	s1	3	16.826153	71553
139.919934	0	s1	3	16.994153	71639
139.919934	0	s1	3	16.994153	71639
140.085934	0	s1	3	17.160153	71724
140.085934	0	s1	3	17.160153	71724
140.251934	0	s1	3	17.326153	71809
140.251934	0	s1	3	17.326153	71809
140.417934	0	s1	3	17.492153	71894
140.417934	0	s1	3	17.492153	71894
140.585934	0	s1	3	17.660153	71980
140.585934	0	s1	3	17.660153	71980
140.751934	0	s1	3	17.826153	72065
140.751934	0	s1	3	17.826153	72065
140.919934	0	s1	3	17.994153	72151
140.919934	0	s1	3	17.994153	72151
141.084034	0	s1	3	18.158253	72235
141.084034	0	s1	3	18.158253	72235
141.251934	0	s1	3	18.326153	72321
141.251934	0	s1	3	18.326153	72321
141.417934	0	s1	3	18.492153	72406
141.417934	0	s1	3	18.492153	72406
141.584034	0	s1	3	18.658253	72491
141.584034	0	s1	3	18.658253	72491
141.751934	0	s1	3	18.826153	72577
141.751934	0	s1	3	18.826153	72577
141.917934	0	s1	3	18.992153	72662
141.917934	0	s1	3	18.992153	72662
142.084034	0	s1	3	19.158253	72747
142.084034	0	s1	3	19.158253	72747
142.250034	0	s1	3	19.324253	72832
142.250034	0	s1	3	19.324253	72832
142.417934	0	s1	3	19.492153	72918
142.417934	0	s1	3	19.492153	72918
142.584034	0	s1	3	19.658253	73003
142.584034	0	s1	3	19.658253	73003
142.750034	0	s1	3	19.824253	73088
142.750034	0	s1	3	19.824253	73088
142.917934	0	s1	3	19.992153	73174
142.917934	0	s1	3	19.992153	73174
143.084034	0	s1	3	20.158253	73259
143.084034	0	s1	3	20.158253	73259
143.250034	0	s1	3	20.324253	73344
143.250034	0	s1	3	20.324253	73344
143.416034	0	s1	3	20.490253	73429
143.416034	0	s1	3	20.490253	73429
143.584034	0	s1	3	20.658253	73515
143.584034	0	s1	3	20.658253	73515
143.750034	0	s1	3	20.824253	73600
143.750034	0	s1	3	20.824253	73600
143.916034	0	s1	3	20.990253	73685
143.916034	0	s1	3	20.990253	73685
144.084034	0	s1	3	21.158253	73771
144.084034	0	s1	3	21.158253	73771
144.250034	0	s1	3	21.324253	73856
144.250034	0	s1	3	21.324253	73856
144.416034	0	s1	3	21.490253	73941
144.416034	0	s1	3	21.490253	73941
144.584034	0	s1	3	21.658253	74027
144.584034	0	s1	3	21.658253	74027
144.750034	0	s1	3	21.824253	74112
144.750034	0	s1	3	21.824253	74112
144.916034	0	s1	3	21.990253	74197
144.916034	0	s1	3	21.990253	74197
145.082034	0	s1	3	22.156253	74282
145.082034	0	s1	3	22.156253	74282
145.250034	0	s1	3	22.324253	74368
145.250034	0	s1	3	22.324253	74368
145.416034	0	s1	3	22.490253	74453
145.416034	0	s1	3	22.490253	74453
145.582034	0	s1	3	22.656253	74538
145.582034	0	s1	3	22.656253	74538
145.750034	0	s1	3	22.824253	74624
145.750034	0	s1	3	22.824253	74624
145.916034	0	s1	3	22.990253	74709
145.916034	0	s1	3	22.990253	74709
146.082034	0	s1	3	23.156253	74794
146.082034	0	s1	3	23.156253	74794
146.248034	0	s1	3	23.322253	74879
146.248034	0	s1	3	23.322253	74879
146.416034	0	s1	3	23.490253	74965
146.416034	0	s1	3	23.490253	74965
146.582034	0	s1	3	23.656253	75050
146.582034	0	s1	3	23.656253	75050
146.750034	0	s1	3	23.824253	75136
146.750034	0	s1	3	23.824253	75136
146.916034	0	s1	3	23.990253	75221
146.916034	0	s1	3	23.990253	75221
147.082034	0	s1	3	24.156253	75306
147.082034	0	s1	3	24.156253	75306
147.248034	0	s1	3	24.322253	75391
147.248034	0	s1	3	24.322253	75391
147.416034	0	s1	3	24.490253	75477
147.416034	0	s1	3	24.490253	75477
147.582034	0	s1	3	24.656253	75562
147.582034	0	s1	3	24.656253	75562
147.748034	0	s1	3	24.822253	75647
147.748034	0	s1	3	24.822253	75647
147.914034	0	s1	3	24.988253	75732
147.914034	0	s1	3	24.988253	75732
148.082034	0	s1	3	25.156253	75818
148.082034	0	s1	3	25.156253	75818
148.248034	0	s1	3	25.322253	75903
148.248034	0	s1	3	25.322253	75903
148.414034	0	s1	3	25.488253	75988
148.414034	0	s1	3	25.488253	75988
148.582034	0	s1	3	25.656253	76074
148.582034	0	s1	3	25.656253	76074
148.748034	0	s1	3	25.822253	76159
148.748034	0	s1	3	25.822253	76159
148.914034	0	s1	3	25.988253	76244
148.914034	0	s1	3	25.988253	76244
149.082034	0	s1	3	26.156253	76330
149.082034	0	s1	3	26.156253	76330
149.248034	0	s1	3	26.322253	76415
149.248034	0	s1	3	26.322253	76415
149.414034	0	s1	3	26.488253	76500
149.414034	0	s1	3	26.488253	76500
149.580034	0	s1	3	26.654253	76585
149.580034	0	s1	3	26.654253	76585
149.748034	0	s1	3	26.822253	76671
149.748034	0	s1	3	26.822253	76671
149.914034	0	s1	3	26.988253	76756
149.914034	0	s1	3	26.988253	76756
150.080034	0	s1	3	27.154253	76841
150.080034	0	s1	3	27.154253	76841
150.248034	0	s1	3	27.322253	76927
150.248034	0	s1	3	27.322253	76927
150.414034	0	s1	3	27.488253	77012
150.414034	0	s1	3	27.488253	77012
150.580034	0	s1	3	27.654253	77097
150.580034	0	s1	3	27.654253	77097
150.748034	0	s1	3	27.822253	77183
150.748034	0	s1	3	27.822253	77183
150.914034	0	s1	3	27.988253	77268
150.914034	0	s1	3	27.988253	77268
151.080034	0	s1	3	28.154253	77353
151.080034	0	s1	3	28.154253	77353
151.246134	0	s1	3	28.320353	77438
151.246134	0	s1	3	28.320353	77438
151.414034	0	s1	3	28.488253	77524
151.414034	0	s1	3	28.488253	77524
151.580034	0	s1	3	28.654253	77609
151.580034	0	s1	3	28.654253	77609
151.748034	0	s1	3	28.822253	77695
151.748034	0	s1	3	28.822253	77695
151.914034	0	s1	3	28.988253	77780
151.914034	0	s1	3	28.988253	77780
152.080034	0	s1	3	29.154253	77865
152.080034	0	s1	3	29.154253	77865
152.246134	0	s1	3	29.320353	77950
152.246134	0	s1	3	29.320353	77950
152.414034	0	s1	3	29.488253	78036
152.414034	0	s1	3	29.488253	78036
152.580034	0	s1	3	29.654253	78121
152.580034	0	s1	3	29.654253	78121
152.746134	0	s1	3	29.820353	78206
152.746134	0	s1	3	29.820353	78206
152.912134	0	s1	3	29.986353	78291
152.912134	0	s1	3	29.986353	78291
153.080034	0	s1	3	30.154253	78377
153.080034	0	s1	3	30.154253	78377
153.246134	0	s1	3	30.320353	78462
153.246134	0	s1	3	30.320353	78462
153.414034	0	s1	3	30.488253	78548
153.414034	0	s1	3	30.488253	78548
153.576134	0	s1	3	30.650353	78631
153.576134	0	s1	3	30.650353	78631
153.746134	0	s1	3	30.820353	78718
153.746134	0	s1	3	30.820353	78718
153.912134	0	s1	3	30.986353	78803
153.912134	0	s1	3	30.986353	78803
154.080034	0	s1	3	31.154253	78889
154.080034	0	s1	3	31.154253	78889
154.246134	0	s1	3	31.320353	78974
154.246134	0	s1	3	31.320353	78974
154.412134	0	s1	3	31.486353	79059
154.412134	0	s1	3	31.486353	79059
154.576134	0	s1	3	31.650353	79143
154.576134	0	s1	3	31.650353	79143
154.746134	0	s1	3	31.820353	79230
154.746134	0	s1	3	31.820353	79230
154.912134	0	s1	3	31.986353	79315
154.912134	0	s1	3	31.986353	79315
155.080034	0	s1	3	32.154253	79401
155.080034	0	s1	3	32.154253	79401
155.244134	0	s1	3	32.318353	79485
155.244134	0	s1	3	32.318353	79485
155.412134	0	s1	3	32.486353	79571
155.412134	0	s1	3	32.486353	79571
155.576134	0	s1	3	32.650353	79655
155.576134	0	s1	3	32.650353	79655
155.744134	0	s1	3	32.818353	79741
155.744134	0	s1	3	32.818353	79741
155.910134	0	s1	3	32.984353	79826
155.910134	0	s1	3	32.984353	79826
156.076134	0	s1	3	33.150353	79911
156.076134	0	s1	3	33.150353	79911
156.244134	0	s1	3	33.318353	79997
156.244134	0	s1	3	33.318353	79997
156.410134	0	s1	3	33.484353	80082
156.410134	0	s1	3	33.484353	80082
156.576134	0	s1	3	33.650353	80167
156.576134	0	s1	3	33.650353	80167
156.744134	0	s1	3	33.818353	80253
156.744134	0	s1	3	33.818353	80253
156.910134	0	s1	3	33.984353	80338
156.910134	0	s1	3	33.984353	80338
157.076134	0	s1	3	34.150353	80423
157.076134	0	s1	3	34.150353	80423
157.244134	0	s1	3	34.318353	80509
157.244134	0	s1	3	34.318353	80509
157.410134	0	s1	3	34.484353	80594
157.410134	0	s1	3	34.484353	80594
157.576134	0	s1	3	34.650353	80679
157.576134	0	s1	3	34.650353	80679
157.744134	0	s1	3	34.818353	80765
157.744134	0	s1	3	34.818353	80765
157.910134	0	s1	3	34.984353	80850
157.910134	0	s1	3	34.984353	80850
158.076134	0	s1	3	35.150353	80935
158.076134	0	s1	3	35.150353	80935
158.244134	0	s1	3	35.318353	81021
158.244134	0	s1	3	35.318353	81021
158.410134	0	s1	3	35.484353	81106
158.410134	0	s1	3	35.484353	81106
158.576134	0	s1	3	35.650353	81191
158.576134	0	s1	3	35.650353	81191
158.742234	0	s1	3	35.816453	81276
158.742234	0	s1	3	35.816453	81276
158.910134	0	s1	3	35.984353	81362
158.910134	0	s1	3	35.984353	81362
159.076134	0	s1	3	36.150353	81447
159.076134	0	s1	3	36.150353	81447
159.244134	0	s1	3	36.318353	81533
159.244134	0	s1	3	36.318353	81533
159.410134	0	s1	3	36.484353	81618
159.410134	0	s1	3	36.484353	81618
159.576134	0	s1	3	36.650353	81703
159.576134	0	s1	3	36.650353	81703
159.742234	0	s1	3	36.816453	81788
159.742234	0	s1	3	36.816453	81788
159.910134	0	s1	3	36.984353	81874
159.910134	0	s1	3	36.984353	81874
160.076134	0	s1	3	37.150353	81959
160.076134	0	s1	3	37.150353	81959
160.242234	0	s1	3	37.316453	82044
160.242234	0	s1	3	37.316453	82044
160.410134	0	s1	3	37.484353	82130
160.410134	0	s1	3	37.484353	82130
160.576134	0	s1	3	37.650353	82215
160.576134	0	s1	3	37.650353	82215
160.742234	0	s1	3	37.816453	82300
160.742234	0	s1	3	37.816453	82300
160.910134	0	s1	3	37.984353	82386
160.910134	0	s1	3	37.984353	82386
161.076134	0	s1	3	38.150353	82471
161.076134	0	s1	3	38.150353	82471
161.242234	0	s1	3	38.316453	82556
161.242234	0	s1	3	38.316453	82556
161.408234	0	s1	3	38.482453	82641
161.408234	0	s1	3	38.482453	82641
161.576134	0	s1	3	38.650353	82727
161.576134	0	s1	3	38.650353	82727
161.742234	0	s1	3	38.816453	82812
161.742234	0	s1	3	38.816453	82812
161.908234	0	s1	3	38.982453	82897
161.908234	0	s1	3	38.982453	82897
162.074234	0	s1	3	39.148453	82982
162.074234	0	s1	3	39.148453	82982
162.242234	0	s1	3	39.316453	83068
162.242234	0	s1	3	39.316453	83068
162.408234	0	s1	3	39.482453	83153
162.408234	0	s1	3	39.482453	83153
162.574234	0	s1	3	39.648453	83238
162.574234	0	s1	3	39.648453	83238
162.742234	0	s1	3	39.816453	83324
162.742234	0	s1	3	39.816453	83324
162.908234	0	s1	3	39.982453	83409
162.908234	0	s1	3	39.982453	83409
163.074234	0	s1	3	40.148453	83494
163.074234	0	s1	3	40.148453	83494
163.242234	0	s1	3	40.316453	83580
163.242234	0	s1	3	40.316453	83580
163.408234	0	s1	3	40.482453	83665
163.408234	0	s1	3	40.482453	83665
163.574234	0	s1	3	40.648453	83750
163.574234	0	s1	3	40.648453	83750
163.740234	0	s1	3	40.814453	83835
163.740234	0	s1	3	40.814453	83835
163.908234	0	s1	3	40.982453	83921
163.908234	0	s1	3	40.982453	83921
164.074234	0	s1	3	41.148453	84006
164.074234	0	s1	3	41.148453	84006
164.240234	0	s1	3	41.314453	84091
164.240234	0	s1	3	41.314453	84091
164.408234	0	s1	3	41.482453	84177
164.408234	0	s1	3	41.482453	84177
164.574234	0	s1	3	41.648453	84262
164.574234	0	s1	3	41.648453	84262
164.740234	0	s1	3	41.814453	84347
164.740234	0	s1	3	41.814453	84347
164.908234	0	s1	3	41.982453	84433
164.908234	0	s1	3	41.982453	84433
165.074234	0	s1	3	42.148453	84518
165.074234	0	s1	3	42.148453	84518
165.240234	0	s1	3	42.314453	84603
165.240234	0	s1	3	42.314453	84603
165.406234	0	s1	3	42.480453	84688
165.406234	0	s1	3	42.480453	84688
165.574234	0	s1	3	42.648453	84774
165.574234	0	s1	3	42.648453	84774
165.740234	0	s1	3	42.814453	84859
165.740234	0	s1	3	42.814453	84859
165.906234	0	s1	3	42.980453	84944
165.906234	0	s1	3	42.980453	84944
166.074234	0	s1	3	43.148453	85030
166.074234	0	s1	3	43.148453	85030
166.240234	0	s1	3	43.314453	85115
166.240234	0	s1	3	43.314453	85115
166.406234	0	s1	3	43.480453	85200
166.406234	0	s1	3	43.480453	85200
166.574234	0	s1	3	43.648453	85286
166.574234	0	s1	3	43.648453	85286
166.740234	0	s1	3	43.814453	85371
166.740234	0	s1	3	43.814453	85371
166.906234	0	s1	3	43.980453	85456
166.906234	0	s1	3	43.980453	85456
167.072234	0	s1	3	44.146453	85541
167.072234	0	s1	3	44.146453	85541
167.240234	0	s1	3	44.314453	85627
167.240234	0	s1	3	44.314453	85627
167.406234	0	s1	3	44.480453	85712
167.406234	0	s1	3	44.480453	85712
167.572234	0	s1	3	44.646453	85797
167.572234	0	s1	3	44.646453	85797
167.738234	0	s1	3	44.812453	85882
167.738234	0	s1	3	44.812453	85882
167.906234	0	s1	3	44.980453	85968
167.906234	0	s1	3	44.980453	85968
168.072234	0	s1	3	45.146453	86053
168.072234	0	s1	3	45.146453	86053
168.240234	0	s1	3	45.314453	86139
168.240234	0	s1	3	45.314453	86139
168.406234	0	s1	3	45.480453	86224
168.406234	0	s1	3	45.480453	86224
168.572234	0	s1	3	45.646453	86309
168.572234	0	s1	3	45.646453	86309
168.738234	0	s1	3	45.812453	86394
168.738234	0	s1	3	45.812453	86394
168.906234	0	s1	3	45.980453	86480
168.906234	0	s1	3	45.980453	86480
169.072234	0	s1	3	46.146453	86565
169.072234	0	s1	3	46.146453	86565
169.238234	0	s1	3	46.312453	86650
169.238234	0	s1	3	46.312453	86650
169.404334	0	s1	3	46.478553	86735
169.404334	0	s1	3	46.478553	86735
169.572234	0	s1	3	46.646453	86821
169.572234	0	s1	3	46.646453	86821
169.738234	0	s1	3	46.812453	86906
169.738234	0	s1	3	46.812453	86906
169.906234	0	s1	3	46.980453	86992
169.906234	0	s1	3	46.980453	86992
170.072234	0	s1	3	47.146453	87077
170.072234	0	s1	3	47.146453	87077
170.238234	0	s1	3	47.312453	87162
170.238234	0	s1	3	47.312453	87162
170.404334	0	s1	3	47.478553	87247
170.404334	0	s1	3	47.478553	87247
170.570334	0	s1	3	47.644553	87332
170.570334	0	s1	3	47.644553	87332
170.738234	0	s1	3	47.812453	87418
170.738234	0	s1	3	47.812453	87418
170.904334	0	s1	3	47.978553	87503
170.904334	0	s1	3	47.978553	87503
171.070334	0	s1	3	48.144553	87588
171.070334	0	s1	3	48.144553	87588
171.238234	0	s1	3	48.312453	87674
171.238234	0	s1	3	48.312453	87674
171.404334	0	s1	3	48.478553	87759
171.404334	0	s1	3	48.478553	87759
171.572234	0	s1	3	48.646453	87845
171.572234	0	s1	3	48.646453	87845
171.736334	0	s1	3	48.810553	87929
171.736334	0	s1	3	48.810553	87929
171.904334	0	s1	3	48.978553	88015
171.904334	0	s1	3	48.978553	88015
172.070334	0	s1	3	49.144553	88100
172.070334	0	s1	3	49.144553	88100
172.238234	0	s1	3	49.312453	88186
172.238234	0	s1	3	49.312453	88186
172.404334	0	s1	3	49.478553	88271
172.404334	0	s1	3	49.478553	88271
172.570334	0	s1	3	49.644553	88356
172.570334	0	s1	3	49.644553	88356
172.736334	0	s1	3	49.810553	88441
172.736334	0	s1	3	49.810553	88441
172.904334	0	s1	3	49.978553	88527
172.904334	0	s1	3	49.978553	88527
173.070334	0	s1	3	50.144553	88612
173.070334	0	s1	3	50.144553	88612
173.238234	0	s1	3	50.312453	88698
173.238234	0	s1	3	50.312453	88698
173.402334	0	s1	3	50.476553	88782
173.402334	0	s1	3	50.476553	88782
173.570334	0	s1	3	50.644553	88868
173.570334	0	s1	3	50.644553	88868
173.736334	0	s1	3	50.810553	88953
173.736334	0	s1	3	50.810553	88953
173.902334	0	s1	3	50.976553	89038
173.902334	0	s1	3	50.976553	89038
174.070334	0	s1	3	51.144553	89124
174.070334	0	s1	3	51.144553	89124
174.236334	0	s1	3	51.310553	89209
174.236334	0	s1	3	51.310553	89209
174.402334	0	s1	3	51.476553	89294
174.402334	0	s1	3	51.476553	89294
174.570334	0	s1	3	51.644553	89380
174.570334	0	s1	3	51.644553	89380
174.736334	0	s1	3	51.810553	89465
174.736334	0	s1	3	51.810553	89465
174.902334	0	s1	3	51.976553	89550
174.902334	0	s1	3	51.976553	89550
175.068334	0	s1	3	52.142553	89635
175.068334	0	s1	3	52.142553	89635
175.236334	0	s1	3	52.310553	89721
175.236334	0	s1	3	52.310553	89721
175.402334	0	s1	3	52.476553	89806
175.402334	0	s1	3	52.476553	89806
175.568334	0	s1	3	52.642553	89891
175.568334	0	s1	3	52.642553	89891
175.736334	0	s1	3	52.810553	89977
175.736334	0	s1	3	52.810553	89977
175.902334	0	s1	3	52.976553	90062
175.902334	0	s1	3	52.976553	90062
176.068334	0	s1	3	53.142553	90147
176.068334	0	s1	3	53.142553	90147
176.232434	0	s1	3	53.306653	90231
176.232434	0	s1	3	53.306653	90231
176.402334	0	s1	3	53.476553	90318
176.402334	0	s1	3	53.476553	90318
176.568334	0	s1	3	53.642553	90403
176.568334	0	s1	3	53.642553	90403
176.732434	0	s1	3	53.806653	90487
176.732434	0	s1	3	53.806653	90487
176.902334	0	s1	3	53.976553	90574
176.902334	0	s1	3	53.976553	90574
177.068334	0	s1	3	54.142553	90659
177.068334	0	s1	3	54.142553	90659
177.232434	0	s1	3	54.306653	90743
177.232434	0	s1	3	54.306653	90743
177.402334	0	s1	3	54.476553	90830
177.402334	0	s1	3	54.476553	90830
177.568334	0	s1	3	54.642553	90915
177.568334	0	s1	3	54.642553	90915
177.732434	0	s1	3	54.806653	90999
177.732434	0	s1	3	54.806653	90999
177.900434	0	s1	3	54.974653	91085
177.900434	0	s1	3	54.974653	91085
178.068334	0	s1	3	55.142553	91171
178.068334	0	s1	3	55.142553	91171
178.232434	0	s1	3	55.306653	91255
178.232434	0	s1	3	55.306653	91255
178.400434	0	s1	3	55.474653	91341
178.400434	0	s1	3	55.474653	91341
178.568334	0	s1	3	55.642553	91427
178.568334	0	s1	3	55.642553	91427
178.732434	0	s1	3	55.806653	91511
178.732434	0	s1	3	55.806653	91511
178.900434	0	s1	3	55.974653	91597
178.900434	0	s1	3	55.974653	91597
179.068334	0	s1	3	56.142553	91683
179.068334	0	s1	3	56.142553	91683
179.232434	0	s1	3	56.306653	91767
179.232434	0	s1	3	56.306653	91767
179.400434	0	s1	3	56.474653	91853
179.400434	0	s1	3	56.474653	91853
179.566434	0	s1	3	56.640653	91938
179.566434	0	s1	3	56.640653	91938
179.732434	0	s1	3	56.806653	92023
179.732434	0	s1	3	56.806653	92023
179.900434	0	s1	3	56.974653	92109
179.900434	0	s1	3	56.974653	92109
180.066434	0	s1	3	57.140653	92194
180.066434	0	s1	3	57.140653	92194
180.232434	0	s1	3	57.306653	92279
180.232434	0	s1	3	57.306653	92279
180.400434	0	s1	3	57.474653	92365
180.400434	0	s1	3	57.474653	92365
180.566434	0	s1	3	57.640653	92450
180.566434	0	s1	3	57.640653	92450
180.732434	0	s1	3	57.806653	92535
180.732434	0	s1	3	57.806653	92535
180.900434	0	s1	3	57.974653	92621
180.900434	0	s1	3	57.974653	92621
181.066434	0	s1	3	58.140653	92706
181.066434	0	s1	3	58.140653	92706
181.232434	0	s1	3	58.306653	92791
181.232434	0	s1	3	58.306653	92791
181.400434	0	s1	3	58.474653	92877
181.400434	0	s1	3	58.474653	92877
181.566434	0	s1	3	58.640653	92962
181.566434	0	s1	3	58.640653	92962
181.732434	0	s1	3	58.806653	93047
181.732434	0	s1	3	58.806653	93047
181.898434	0	s1	3	58.972653	93132
181.898434	0	s1	3	58.972653	93132
182.066434	0	s1	3	59.140653	93218
182.066434	0	s1	3	59.140653	93218
182.232434	0	s1	3	59.306653	93303
182.232434	0	s1	3	59.306653	93303
182.400434	0	s1	3	59.474653	93389
182.400434	0	s1	3	59.474653	93389
182.566434	0	s1	3	59.640653	93474
182.566434	0	s1	3	59.640653	93474
182.732434	0	s1	3	59.806653	93559
182.732434	0	s1	3	59.806653	93559
182.898434	0	s1	3	59.972653	93644
182.898434	0	s1	3	59.972653	93644
183.066434	0	s1	3	60.140653	93730
183.066434	0	s1	3	60.140653	93730
183.232434	0	s1	3	60.306653	93815
183.232434	0	s1	3	60.306653	93815
183.398434	0	s1	3	60.472653	93900
183.398434	0	s1	3	60.472653	93900
183.564434	0	s1	3	60.638653	93985
183.564434	0	s1	3	60.638653	93985
183.732434	0	s1	3	60.806653	94071
183.732434	0	s1	3	60.806653	94071
183.898434	0	s1	3	60.972653	94156
183.898434	0	s1	3	60.972653	94156
184.064434	0	s1	3	61.138653	94241
184.064434	0	s1	3	61.138653	94241
184.230434	0	s1	3	61.304653	94326
184.230434	0	s1	3	61.304653	94326
184.398434	0	s1	3	61.472653	94412
184.398434	0	s1	3	61.472653	94412
184.564434	0	s1	3	61.638653	94497
184.564434	0	s1	3	61.638653	94497
184.732434	0	s1	3	61.806653	94583
184.732434	0	s1	3	61.806653	94583
184.898434	0	s1	3	61.972653	94668
184.898434	0	s1	3	61.972653	94668
185.064434	0	s1	3	62.138653	94753
185.064434	0	s1	3	62.138653	94753
185.230434	0	s1	3	62.304653	94838
185.230434	0	s1	3	62.304653	94838
185.398434	0	s1	3	62.472653	94924
185.398434	0	s1	3	62.472653	94924
185.564434	0	s1	3	62.638653	95009
185.564434	0	s1	3	62.638653	95009
185.730434	0	s1	3	62.804653	95094
185.730434	0	s1	3	62.804653	95094
185.896534	0	s1	3	62.970753	95179
185.896534	0	s1	3	62.970753	95179
186.064434	0	s1	3	63.138653	95265
186.064434	0	s1	3	63.138653	95265
186.230434	0	s1	3	63.304653	95350
186.230434	0	s1	3	63.304653	95350
186.398434	0	s1	3	63.472653	95436
186.398434	0	s1	3	63.472653	95436
186.564434	0	s1	3	63.638653	95521
186.564434	0	s1	3	63.638653	95521
186.730434	0	s1	3	63.804653	95606
186.730434	0	s1	3	63.804653	95606
186.896534	0	s1	3	63.970753	95691
186.896534	0	s1	3	63.970753	95691
187.062534	0	s1	3	64.136753	95776
187.062534	0	s1	3	64.136753	95776
187.230434	0	s1	3	64.304653	95862
187.230434	0	s1	3	64.304653	95862
187.554725	0	s1	4	2.166053	96028
187.554725	0	s1	4	2.166053	96028
187.720725	0	s1	4	2.332053	96113
187.720725	0	s1	4	2.332053	96113
187.886725	0	s1	4	2.498053	96198
187.886725	0	s1	4	2.498053	96198
188.054725	0	s1	4	2.666053	96284
188.054725	0	s1	4	2.666053	96284
188.220725	0	s1	4	2.832053	96369
188.220725	0	s1	4	2.832053	96369
188.386725	0	s1	4	2.998053	96454
188.386725	0	s1	4	2.998053	96454
188.552725	0	s1	4	3.164053	96539
188.552725	0	s1	4	3.164053	96539
188.720725	0	s1	4	3.332053	96625
188.720725	0	s1	4	3.332053	96625
188.886725	0	s1	4	3.498053	96710
188.886725	0	s1	4	3.498053	96710
189.052725	0	s1	4	3.664053	96795
189.052725	0	s1	4	3.664053	96795
189.220725	0	s1	4	3.832053	96881
189.220725	0	s1	4	3.832053	96881
189.386725	0	s1	4	3.998053	96966
189.386725	0	s1	4	3.998053	96966
189.552725	0	s1	4	4.164053	97051
189.552725	0	s1	4	4.164053	97051
189.720725	0	s1	4	4.332053	97137
189.720725	0	s1	4	4.332053	97137
189.886725	0	s1	4	4.498053	97222
189.886725	0	s1	4	4.498053	97222
190.052725	0	s1	4	4.664053	97307
190.052725	0	s1	4	4.664053	97307
190.218725	0	s1	4	4.830053	97392
190.218725	0	s1	4	4.830053	97392
190.386725	0	s1	4	4.998053	97478
190.386725	0	s1	4	4.998053	97478
190.552725	0	s1	4	5.164053	97563
190.552725	0	s1	4	5.164053	97563
190.718725	0	s1	4	5.330053	97648
190.718725	0	s1	4	5.330053	97648
190.886725	0	s1	4	5.498053	97734
190.886725	0	s1	4	5.498053	97734
191.052725	0	s1	4	5.664053	97819
191.052725	0	s1	4	5.664053	97819
191.218725	0	s1	4	5.830053	97904
191.218725	0	s1	4	5.830053	97904
191.386725	0	s1	4	5.998053	97990
191.386725	0	s1	4	5.998053	97990
191.552725	0	s1	4	6.164053	98075
191.552725	0	s1	4	6.164053	98075
191.718725	0	s1	4	6.330053	98160
191.718725	0	s1	4	6.330053	98160
191.884725	0	s1	4	6.496053	98245
191.884725	0	s1	4	6.496053	98245
192.052725	0	s1	4	6.664053	98331
192.052725	0	s1	4	6.664053	98331
192.218725	0	s1	4	6.830053	98416
192.218725	0	s1	4	6.830053	98416
192.384725	0	s1	4	6.996053	98501
192.384725	0	s1	4	6.996053	98501
192.552725	0	s1	4	7.164053	98587
192.552725	0	s1	4	7.164053	98587
192.718725	0	s1	4	7.330053	98672
192.718725	0	s1	4	7.330053	98672
192.884725	0	s1	4	7.496053	98757
192.884725	0	s1	4	7.496053	98757
193.052725	0	s1	4	7.664053	98843
193.052725	0	s1	4	7.664053	98843
193.218725	0	s1	4	7.830053	98928
193.218725	0	s1	4	7.830053	98928
193.384725	0	s1	4	7.996053	99013
193.384725	0	s1	4	7.996053	99013
193.550825	0	s1	4	8.162153	99098
193.550825	0	s1	4	8.162153	99098
193.718725	0	s1	4	8.330053	99184
193.718725	0	s1	4	8.330053	99184
193.884725	0	s1	4	8.496053	99269
193.884725	0	s1	4	8.496053	99269
194.050825	0	s1	4	8.662153	99354
194.050825	0	s1	4	8.662153	99354
194.216825	0	s1	4	8.828153	99439
194.216825	0	s1	4	8.828153	99439
194.384725	0	s1	4	8.996053	99525
194.384725	0	s1	4	8.996053	99525
194.550825	0	s1	4	9.162153	99610
194.550825	0	s1	4	9.162153	99610
194.718725	0	s1	4	9.330053	99696
194.718725	0	s1	4	9.330053	99696
194.884725	0	s1	4	9.496053	99781
194.884725	0	s1	4	9.496053	99781
195.050825	0	s1	4	9.662153	99866
195.050825	0	s1	4	9.662153	99866
195.216825	0	s1	4	9.828153	99951
195.216825	0	s1	4	9.828153	99951
195.384725	0	s1	4	9.996053	100037
195.384725	0	s1	4	9.996053	100037
195.550825	0	s1	4	10.162153	100122
195.550825	0	s1	4	10.162153	100122
195.716825	0	s1	4	10.328153	100207
195.716825	0	s1	4	10.328153	100207
195.882825	0	s1	4	10.494153	100292
195.882825	0	s1	4	10.494153	100292
196.050825	0	s1	4	10.662153	100378
196.050825	0	s1	4	10.662153	100378
196.216825	0	s1	4	10.828153	100463
196.216825	0	s1	4	10.828153	100463
196.384725	0	s1	4	10.996053	100549
196.384725	0	s1	4	10.996053	100549
196.548825	0	s1	4	11.160153	100633
196.548825	0	s1	4	11.160153	100633
196.716825	0	s1	4	11.328153	100719
196.716825	0	s1	4	11.328153	100719
196.882825	0	s1	4	11.494153	100804
196.882825	0	s1	4	11.494153	100804
197.048825	0	s1	4	11.660153	100889
197.048825	0	s1	4	11.660153	100889
197.216825	0	s1	4	11.828153	100975
197.216825	0	s1	4	11.828153	100975
197.382825	0	s1	4	11.994153	101060
197.382825	0	s1	4	11.994153	101060
197.548825	0	s1	4	12.160153	101145
197.548825	0	s1	4	12.160153	101145
197.716825	0	s1	4	12.328153	101231
197.716825	0	s1	4	12.328153	101231
197.882825	0	s1	4	12.494153	101316
197.882825	0	s1	4	12.494153	101316
198.050825	0	s1	4	12.662153	101402
198.050825	0	s1	4	12.662153	101402
198.212925	0	s1	4	12.824253	101485
198.212925	0	s1	4	12.824253	101485
198.382825	0	s1	4	12.994153	101572
198.382825	0	s1	4	12.994153	101572
198.548825	0	s1	4	13.160153	101657
198.548825	0	s1	4	13.160153	101657
198.712925	0	s1	4	13.324253	101741
198.712925	0	s1	4	13.324253	101741
198.882825	0	s1	4	13.494153	101828
198.882825	0	s1	4	13.494153	101828
199.048825	0	s1	4	13.660153	101913
199.048825	0	s1	4	13.660153	101913
199.212925	0	s1	4	13.824253	101997
199.212925	0	s1	4	13.824253	101997
199.380825	0	s1	4	13.992153	102083
199.380825	0	s1	4	13.992153	102083
199.548825	0	s1	4	14.160153	102169
199.548825	0	s1	4	14.160153	102169
199.712925	0	s1	4	14.324253	102253
199.712925	0	s1	4	14.324253	102253
199.880825	0	s1	4	14.492153	102339
199.880825	0	s1	4	14.492153	102339
200.048825	0	s1	4	14.660153	102425
200.048825	0	s1	4	14.660153	102425
200.212925	0	s1	4	14.824253	102509
200.212925	0	s1	4	14.824253	102509
200.380825	0	s1	4	14.992153	102595
200.380825	0	s1	4	14.992153	102595
200.548825	0	s1	4	15.160153	102681
200.548825	0	s1	4	15.160153	102681
200.712925	0	s1	4	15.324253	102765
200.712925	0	s1	4	15.324253	102765
200.880825	0	s1	4	15.492153	102851
200.880825	0	s1	4	15.492153	102851
201.048825	0	s1	4	15.660153	102937
201.048825	0	s1	4	15.660153	102937
201.212925	0	s1	4	15.824253	103021
201.212925	0	s1	4	15.824253	103021
201.380825	0	s1	4	15.992153	103107
201.380825	0	s1	4	15.992153	103107
201.546925	0	s1	4	16.158253	103192
201.546925	0	s1	4	16.158253	103192
201.712925	0	s1	4	16.324253	103277
201.712925	0	s1	4	16.324253	103277
201.880825	0	s1	4	16.492153	103363
201.880825	0	s1	4	16.492153	103363
202.046925	0	s1	4	16.658253	103448
202.046925	0	s1	4	16.658253	103448
202.212925	0	s1	4	16.824253	103533
202.212925	0	s1	4	16.824253	103533
202.380825	0	s1	4	16.992153	103619
202.380825	0	s1	4	16.992153	103619
202.546925	0	s1	4	17.158253	103704
202.546925	0	s1	4	17.158253	103704
202.712925	0	s1	4	17.324253	103789
202.712925	0	s1	4	17.324253	103789
202.880825	0	s1	4	17.492153	103875
202.880825	0	s1	4	17.492153	103875
203.046925	0	s1	4	17.658253	103960
203.046925	0	s1	4	17.658253	103960
203.212925	0	s1	4	17.824253	104045
203.212925	0	s1	4	17.824253	104045
203.380825	0	s1	4	17.992153	104131
203.380825	0	s1	4	17.992153	104131
203.546925	0	s1	4	18.158253	104216
203.546925	0	s1	4	18.158253	104216
203.712925	0	s1	4	18.324253	104301
203.712925	0	s1	4	18.324253	104301
203.880825	0	s1	4	18.492153	104387
203.880825	0	s1	4	18.492153	104387
204.046925	0	s1	4	18.658253	104472
204.046925	0	s1	4	18.658253	104472
204.212925	0	s1	4	18.824253	104557
204.212925	0	s1	4	18.824253	104557
204.378925	0	s1	4	18.990253	104642
204.378925	0	s1	4	18.990253	104642
204.546925	0	s1	4	19.158253	104728
204.546925	0	s1	4	19.158253	104728
204.712925	0	s1	4	19.324253	104813
204.712925	0	s1	4	19.324253	104813
204.878925	0	s1	4	19.490253	104898
204.878925	0	s1	4	19.490253	104898
205.046925	0	s1	4	19.658253	104984
205.046925	0	s1	4	19.658253	104984
205.212925	0	s1	4	19.824253	105069
205.212925	0	s1	4	19.824253	105069
205.378925	0	s1	4	19.990253	105154
205.378925	0	s1	4	19.990253	105154
205.544925	0	s1	4	20.156253	105239
205.544925	0	s1	4	20.156253	105239
205.712925	0	s1	4	20.324253	105325
205.712925	0	s1	4	20.324253	105325
205.878925	0	s1	4	20.490253	105410
205.878925	0	s1	4	20.490253	105410
206.044925	0	s1	4	20.656253	105495
206.044925	0	s1	4	20.656253	105495
206.212925	0	s1	4	20.824253	105581
206.212925	0	s1	4	20.824253	105581
206.378925	0	s1	4	20.990253	105666
206.378925	0	s1	4	20.990253	105666
206.544925	0	s1	4	21.156253	105751
206.544925	0	s1	4	21.156253	105751
206.712925	0	s1	4	21.324253	105837
206.712925	0	s1	4	21.324253	105837
206.878925	0	s1	4	21.490253	105922
206.878925	0	s1	4	21.490253	105922
207.044925	0	s1	4	21.656253	106007
207.044925	0	s1	4	21.656253	106007
207.212925	0	s1	4	21.824253	106093
207.212925	0	s1	4	21.824253	106093
207.378925	0	s1	4	21.990253	106178
207.378925	0	s1	4	21.990253	106178
207.544925	0	s1	4	22.156253	106263
207.544925	0	s1	4	22.156253	106263
207.710925	0	s1	4	22.322253	106348
207.710925	0	s1	4	22.322253	106348
207.878925	0	s1	4	22.490253	106434
207.878925	0	s1	4	22.490253	106434
208.044925	0	s1	4	22.656253	106519
208.044925	0	s1	4	22.656253	106519
208.210925	0	s1	4	22.822253	106604
208.210925	0	s1	4	22.822253	106604
208.376925	0	s1	4	22.988253	106689
208.376925	0	s1	4	22.988253	106689
208.544925	0	s1	4	23.156253	106775
208.544925	0	s1	4	23.156253	106775
208.710925	0	s1	4	23.322253	106860
208.710925	0	s1	4	23.322253	106860
208.878925	0	s1	4	23.490253	106946
208.878925	0	s1	4	23.490253	106946
209.044925	0	s1	4	23.656253	107031
209.044925	0	s1	4	23.656253	107031
209.210925	0	s1	4	23.822253	107116
209.210925	0	s1	4	23.822253	107116
209.376925	0	s1	4	23.988253	107201
209.376925	0	s1	4	23.988253	107201
209.544925	0	s1	4	24.156253	107287
209.544925	0	s1	4	24.156253	107287
209.710925	0	s1	4	24.322253	107372
209.710925	0	s1	4	24.322253	107372
209.876925	0	s1	4	24.488253	107457
209.876925	0	s1	4	24.488253	107457
210.042925	0	s1	4	24.654253	107542
210.042925	0	s1	4	24.654253	107542
210.210925	0	s1	4	24.822253	107628
210.210925	0	s1	4	24.822253	107628
210.376925	0	s1	4	24.988253	107713
210.376925	0	s1	4	24.988253	107713
210.544925	0	s1	4	25.156253	107799
210.544925	0	s1	4	25.156253	107799
210.710925	0	s1	4	25.322253	107884
210.710925	0	s1	4	25.322253	107884
210.876925	0	s1	4	25.488253	107969
210.876925	0	s1	4	25.488253	107969
211.042925	0	s1	4	25.654253	108054
211.042925	0	s1	4	25.654253	108054
211.210925	0	s1	4	25.822253	108140
211.210925	0	s1	4	25.822253	108140
211.376925	0	s1	4	25.988253	108225
211.376925	0	s1	4	25.988253	108225
211.542925	0	s1	4	26.154253	108310
211.542925	0	s1	4	26.154253	108310
211.709025	0	s1	4	26.320353	108395
211.709025	0	s1	4	26.320353	108395
211.875025	0	s1	4	26.486353	108480
211.875025	0	s1	4	26.486353	108480
212.042925	0	s1	4	26.654253	108566
212.042925	0	s1	4	26.654253	108566
212.210925	0	s1	4	26.822253	108652
212.210925	0	s1	4	26.822253	108652
212.375025	0	s1	4	26.986353	108736
212.375025	0	s1	4	26.986353	108736
212.542925	0	s1	4	27.154253	108822
212.542925	0	s1	4	27.154253	108822
212.709025	0	s1	4	27.320353	108907
212.709025	0	s1	4	27.320353	108907
212.876925	0	s1	4	27.488253	108993
212.876925	0	s1	4	27.488253	108993
213.042925	0	s1	4	27.654253	109078
213.042925	0	s1	4	27.654253	109078
213.209025	0	s1	4	27.820353	109163
213.209025	0	s1	4	27.820353	109163
213.375025	0	s1	4	27.986353	109248
213.375025	0	s1	4	27.986353	109248
213.542925	0	s1	4	28.154253	109334
213.542925	0	s1	4	28.154253	109334
213.709025	0	s1	4	28.320353	109419
213.709025	0	s1	4	28.320353	109419
213.876925	0	s1	4	28.488253	109505
213.876925	0	s1	4	28.488253	109505
214.041025	0	s1	4	28.652353	109589
214.041025	0	s1	4	28.652353	109589
214.209025	0	s1	4	28.820353	109675
214.209025	0	s1	4	28.820353	109675
214.375025	0	s1	4	28.986353	109760
214.375025	0	s1	4	28.986353	109760
214.541025	0	s1	4	29.152353	109845
214.541025	0	s1	4	29.152353	109845
214.709025	0	s1	4	29.320353	109931
214.709025	0	s1	4	29.320353	109931
214.875025	0	s1	4	29.486353	110016
214.875025	0	s1	4	29.486353	110016
215.041025	0	s1	4	29.652353	110101
215.041025	0	s1	4	29.652353	110101
215.207025	0	s1	4	29.818353	110186
215.207025	0	s1	4	29.818353	110186
215.375025	0	s1	4	29.986353	110272
215.375025	0	s1	4	29.986353	110272
215.541025	0	s1	4	30.152353	110357
215.541025	0	s1	4	30.152353	110357
215.707025	0	s1	4	30.318353	110442
215.707025	0	s1	4	30.318353	110442
215.875025	0	s1	4	30.486353	110528
215.875025	0	s1	4	30.486353	110528
216.041025	0	s1	4	30.652353	110613
216.041025	0	s1	4	30.652353	110613
216.207025	0	s1	4	30.818353	110698
216.207025	0	s1	4	30.818353	110698
216.375025	0	s1	4	30.986353	110784
216.375025	0	s1	4	30.986353	110784
216.541025	0	s1	4	31.152353	110869
216.541025	0	s1	4	31.152353	110869
216.707025	0	s1	4	31.318353	110954
216.707025	0	s1	4	31.318353	110954
216.873025	0	s1	4	31.484353	111039
216.873025	0	s1	4	31.484353	111039
217.041025	0	s1	4	31.652353	111125
217.041025	0	s1	4	31.652353	111125
217.207025	0	s1	4	31.818353	111210
217.207025	0	s1	4	31.818353	111210
217.373025	0	s1	4	31.984353	111295
217.373025	0	s1	4	31.984353	111295
217.541025	0	s1	4	32.152353	111381
217.541025	0	s1	4	32.152353	111381
217.707025	0	s1	4	32.318353	111466
217.707025	0	s1	4	32.318353	111466
217.873025	0	s1	4	32.484353	111551
217.873025	0	s1	4	32.484353	111551
218.041025	0	s1	4	32.652353	111637
218.041025	0	s1	4	32.652353	111637
218.207025	0	s1	4	32.818353	111722
218.207025	0	s1	4	32.818353	111722
218.373025	0	s1	4	32.984353	111807
218.373025	0	s1	4	32.984353	111807
218.539025	0	s1	4	33.150353	111892
218.539025	0	s1	4	33.150353	111892
218.707025	0	s1	4	33.318353	111978
218.707025	0	s1	4	33.318353	111978
218.873025	0	s1	4	33.484353	112063
218.873025	0	s1	4	33.484353	112063
219.039025	0	s1	4	33.650353	112148
219.039025	0	s1	4	33.650353	112148
219.207025	0	s1	4	33.818353	112234
219.207025	0	s1	4	33.818353	112234
219.373025	0	s1	4	33.984353	112319
219.373025	0	s1	4	33.984353	112319
219.539025	0	s1	4	34.150353	112404
219.539025	0	s1	4	34.150353	112404
219.707025	0	s1	4	34.318353	112490
219.707025	0	s1	4	34.318353	112490
219.873025	0	s1	4	34.484353	112575
219.873025	0	s1	4	34.484353	112575
220.039025	0	s1	4	34.650353	112660
220.039025	0	s1	4	34.650353	112660
220.205125	0	s1	4	34.816453	112745
220.205125	0	s1	4	34.816453	112745
220.373025	0	s1	4	34.984353	112831
220.373025	0	s1	4	34.984353	112831
220.539025	0	s1	4	35.150353	112916
220.539025	0	s1	4	35.150353	112916
220.705125	0	s1	4	35.316453	113001
220.705125	0	s1	4	35.316453	113001
220.869125	0	s1	4	35.480453	113085
220.869125	0	s1	4	35.480453	113085
221.039025	0	s1	4	35.650353	113172
221.039025	0	s1	4	35.650353	113172
221.205125	0	s1	4	35.816453	113257
221.205125	0	s1	4	35.816453	113257
221.373025	0	s1	4	35.984353	113343
221.373025	0	s1	4	35.984353	113343
221.539025	0	s1	4	36.150353	113428
221.539025	0	s1	4	36.150353	113428
221.705125	0	s1	4	36.316453	113513
221.705125	0	s1	4	36.316453	113513
221.869125	0	s1	4	36.480453	113597
221.869125	0	s1	4	36.480453	113597
222.039025	0	s1	4	36.650353	113684
222.039025	0	s1	4	36.650353	113684
222.205125	0	s1	4	36.816453	113769
222.205125	0	s1	4	36.816453	113769
222.369125	0	s1	4	36.980453	113853
222.369125	0	s1	4	36.980453	113853
222.537125	0	s1	4	37.148453	113939
222.537125	0	s1	4	37.148453	113939
222.705125	0	s1	4	37.316453	114025
222.705125	0	s1	4	37.316453	114025
222.869125	0	s1	4	37.480453	114109
222.869125	0	s1	4	37.480453	114109
223.039025	0	s1	4	37.650353	114196
223.039025	0	s1	4	37.650353	114196
223.205125	0	s1	4	37.816453	114281
223.205125	0	s1	4	37.816453	114281
223.369125	0	s1	4	37.980453	114365
223.369125	0	s1	4	37.980453	114365
223.537125	0	s1	4	38.148453	114451
223.537125	0	s1	4	38.148453	114451
223.705125	0	s1	4	38.316453	114537
223.705125	0	s1	4	38.316453	114537
223.869125	0	s1	4	38.480453	114621
223.869125	0	s1	4	38.480453	114621
224.037125	0	s1	4	38.648453	114707
224.037125	0	s1	4	38.648453	114707
224.203125	0	s1	4	38.814453	114792
224.203125	0	s1	4	38.814453	114792
224.369125	0	s1	4	38.980453	114877
224.369125	0	s1	4	38.980453	114877
224.537125	0	s1	4	39.148453	114963
224.537125	0	s1	4	39.148453	114963
224.703125	0	s1	4	39.314453	115048
224.703125	0	s1	4	39.314453	115048
224.869125	0	s1	4	39.480453	115133
224.869125	0	s1	4	39.480453	115133
225.037125	0	s1	4	39.648453	115219
225.037125	0	s1	4	39.648453	115219
225.203125	0	s1	4	39.814453	115304
225.203125	0	s1	4	39.814453	115304
225.369125	0	s1	4	39.980453	115389
225.369125	0	s1	4	39.980453	115389
225.537125	0	s1	4	40.148453	115475
225.537125	0	s1	4	40.148453	115475
225.703125	0	s1	4	40.314453	115560
225.703125	0	s1	4	40.314453	115560
225.869125	0	s1	4	40.480453	115645
225.869125	0	s1	4	40.480453	115645
226.037125	0	s1	4	40.648453	115731
226.037125	0	s1	4	40.648453	115731
226.203125	0	s1	4	40.814453	115816
226.203125	0	s1	4	40.814453	115816
226.369125	0	s1	4	40.980453	115901
226.369125	0	s1	4	40.980453	115901
226.537125	0	s1	4	41.148453	115987
226.537125	0	s1	4	41.148453	115987
226.703125	0	s1	4	41.314453	116072
226.703125	0	s1	4	41.314453	116072
226.869125	0	s1	4	41.480453	116157
226.869125	0	s1	4	41.480453	116157
227.037125	0	s1	4	41.648453	116243
227.037125	0	s1	4	41.648453	116243
227.203125	0	s1	4	41.814453	116328
227.203125	0	s1	4	41.814453	116328
227.369125	0	s1	4	41.980453	116413
227.369125	0	s1	4	41.980453	116413
227.535125	0	s1	4	42.146453	116498
227.535125	0	s1	4	42.146453	116498
227.703125	0	s1	4	42.314453	116584
227.703125	0	s1	4	42.314453	116584
227.869125	0	s1	4	42.480453	116669
227.869125	0	s1	4	42.480453	116669
228.035125	0	s1	4	42.646453	116754
228.035125	0	s1	4	42.646453	116754
228.201125	0	s1	4	42.812453	116839
228.201125	0	s1	4	42.812453	116839
228.369125	0	s1	4	42.980453	116925
228.369125	0	s1	4	42.980453	116925
228.535125	0	s1	4	43.146453	117010
228.535125	0	s1	4	43.146453	117010
228.701125	0	s1	4	43.312453	117095
228.701125	0	s1	4	43.312453	117095
228.869125	0	s1	4	43.480453	117181
228.869125	0	s1	4	43.480453	117181
229.035125	0	s1	4	43.646453	117266
229.035125	0	s1	4	43.646453	117266
229.201125	0	s1	4	43.812453	117351
229.201125	0	s1	4	43.812453	117351
229.367225	0	s1	4	43.978553	117436
229.367225	0	s1	4	43.978553	117436
229.535125	0	s1	4	44.146453	117522
229.535125	0	s1	4	44.146453	117522
229.703125	0	s1	4	44.314453	117608
229.703125	0	s1	4	44.314453	117608
229.867225	0	s1	4	44.478553	117692
229.867225	0	s1	4	44.478553	117692
230.035125	0	s1	4	44.646453	117778
230.035125	0	s1	4	44.646453	117778
230.201125	0	s1	4	44.812453	117863
230.201125	0	s1	4	44.812453	117863
230.367225	0	s1	4	44.978553	117948
230.367225	0	s1	4	44.978553	117948
230.535125	0	s1	4	45.146453	118034
230.535125	0	s1	4	45.146453	118034
230.701125	0	s1	4	45.312453	118119
230.701125	0	s1	4	45.312453	118119
230.867225	0	s1	4	45.478553	118204
230.867225	0	s1	4	45.478553	118204
231.035125	0	s1	4	45.646453	118290
231.035125	0	s1	4	45.646453	118290
231.201125	0	s1	4	45.812453	118375
231.201125	0	s1	4	45.812453	118375
231.369125	0	s1	4	45.980453	118461
231.369125	0	s1	4	45.980453	118461
231.533225	0	s1	4	46.144553	118545
231.533225	0	s1	4	46.144553	118545
231.701125	0	s1	4	46.312453	118631
231.701125	0	s1	4	46.312453	118631
231.867225	0	s1	4	46.478553	118716
231.867225	0	s1	4	46.478553	118716
232.033225	0	s1	4	46.644553	118801
232.033225	0	s1	4	46.644553	118801
232.199225	0	s1	4	46.810553	118886
232.199225	0	s1	4	46.810553	118886
232.367225	0	s1	4	46.978553	118972
232.367225	0	s1	4	46.978553	118972
232.533225	0	s1	4	47.144553	119057
232.533225	0	s1	4	47.144553	119057
232.699225	0	s1	4	47.310553	119142
232.699225	0	s1	4	47.310553	119142
232.867225	0	s1	4	47.478553	119228
232.867225	0	s1	4	47.478553	119228
233.033225	0	s1	4	47.644553	119313
233.033225	0	s1	4	47.644553	119313
233.199225	0	s1	4	47.810553	119398
233.199225	0	s1	4	47.810553	119398
233.367225	0	s1	4	47.978553	119484
233.367225	0	s1	4	47.978553	119484
233.533225	0	s1	4	48.144553	119569
233.533225	0	s1	4	48.144553	119569
233.699225	0	s1	4	48.310553	119654
233.699225	0	s1	4	48.310553	119654
233.865225	0	s1	4	48.476553	119739
233.865225	0	s1	4	48.476553	119739
234.033225	0	s1	4	48.644553	119825
234.033225	0	s1	4	48.644553	119825
234.199225	0	s1	4	48.810553	119910
234.199225	0	s1	4	48.810553	119910
234.365225	0	s1	4	48.976553	119995
234.365225	0	s1	4	48.976553	119995
234.533225	0	s1	4	49.144553	120081
234.533225	0	s1	4	49.144553	120081
234.699225	0	s1	4	49.310553	120166
234.699225	0	s1	4	49.310553	120166
234.865225	0	s1	4	49.476553	120251
234.865225	0	s1	4	49.476553	120251
235.033225	0	s1	4	49.644553	120337
235.033225	0	s1	4	49.644553	120337
235.199225	0	s1	4	49.810553	120422
235.199225	0	s1	4	49.810553	120422
235.365225	0	s1	4	49.976553	120507
235.365225	0	s1	4	49.976553	120507
235.533225	0	s1	4	50.144553	120593
235.533225	0	s1	4	50.144553	120593
235.699225	0	s1	4	50.310553	120678
235.699225	0	s1	4	50.310553	120678
235.865225	0	s1	4	50.476553	120763
235.865225	0	s1	4	50.476553	120763
236.031225	0	s1	4	50.642553	120848
236.031225	0	s1	4	50.642553	120848
236.199225	0	s1	4	50.810553	120934
236.199225	0	s1	4	50.810553	120934
236.365225	0	s1	4	50.976553	121019
236.365225	0	s1	4	50.976553	121019
236.531225	0	s1	4	51.142553	121104
236.531225	0	s1	4	51.142553	121104
236.697225	0	s1	4	51.308553	121189
236.697225	0	s1	4	51.308553	121189
236.865225	0	s1	4	51.476553	121275
236.865225	0	s1	4	51.476553	121275
237.031225	0	s1	4	51.642553	121360
237.031225	0	s1	4	51.642553	121360
237.199225	0	s1	4	51.810553	121446
237.199225	0	s1	4	51.810553	121446
237.365225	0	s1	4	51.976553	121531
237.365225	0	s1	4	51.976553	121531
237.531225	0	s1	4	52.142553	121616
237.531225	0	s1	4	52.142553	121616
237.697225	0	s1	4	52.308553	121701
237.697225	0	s1	4	52.308553	121701
237.865225	0	s1	4	52.476553	121787
237.865225	0	s1	4	52.476553	121787
238.031225	0	s1	4	52.642553	121872
238.031225	0	s1	4	52.642553	121872
238.197225	0	s1	4	52.808553	121957
238.197225	0	s1	4	52.808553	121957
238.363325	0	s1	4	52.974653	122042
238.363325	0	s1	4	52.974653	122042
238.531225	0	s1	4	53.142553	122128
238.531225	0	s1	4	53.142553	122128
238.697225	0	s1	4	53.308553	122213
238.697225	0	s1	4	53.308553	122213
238.863325	0	s1	4	53.474653	122298
238.863325	0	s1	4	53.474653	122298
239.031225	0	s1	4	53.642553	122384
239.031225	0	s1	4	53.642553	122384
239.197225	0	s1	4	53.808553	122469
239.197225	0	s1	4	53.808553	122469
239.363325	0	s1	4	53.974653	122554
239.363325	0	s1	4	53.974653	122554
239.531225	0	s1	4	54.142553	122640
239.531225	0	s1	4	54.142553	122640
239.697225	0	s1	4	54.308553	122725
239.697225	0	s1	4	54.308553	122725
239.863325	0	s1	4	54.474653	122810
239.863325	0	s1	4	54.474653	122810
240.029325	0	s1	4	54.640653	122895
240.029325	0	s1	4	54.640653	122895
240.197225	0	s1	4	54.808553	122981
240.197225	0	s1	4	54.808553	122981
240.363325	0	s1	4	54.974653	123066
240.363325	0	s1	4	54.974653	123066
240.529325	0	s1	4	55.140653	123151
240.529325	0	s1	4	55.140653	123151
240.697225	0	s1	4	55.308553	123237
240.697225	0	s1	4	55.308553	123237
240.863325	0	s1	4	55.474653	123322
240.863325	0	s1	4	55.474653	123322
241.029325	0	s1	4	55.640653	123407
241.029325	0	s1	4	55.640653	123407
241.197225	0	s1	4	55.808553	123493
241.197225	0	s1	4	55.808553	123493
241.363325	0	s1	4	55.974653	123578
241.363325	0	s1	4	55.974653	123578
241.529325	0	s1	4	56.140653	123663
241.529325	0	s1	4	56.140653	123663
241.695325	0	s1	4	56.306653	123748
241.695325	0	s1	4	56.306653	123748
241.863325	0	s1	4	56.474653	123834
241.863325	0	s1	4	56.474653	123834
242.029325	0	s1	4	56.640653	123919
242.029325	0	s1	4	56.640653	123919
242.195325	0	s1	4	56.806653	124004
242.195325	0	s1	4	56.806653	124004
242.361325	0	s1	4	56.972653	124089
242.361325	0	s1	4	56.972653	124089
242.529325	0	s1	4	57.140653	124175
242.529325	0	s1	4	57.140653	124175
242.695325	0	s1	4	57.306653	124260
242.695325	0	s1	4	57.306653	124260
242.863325	0	s1	4	57.474653	124346
242.863325	0	s1	4	57.474653	124346
243.029325	0	s1	4	57.640653	124431
243.029325	0	s1	4	57.640653	124431
243.195325	0	s1	4	57.806653	124516
243.195325	0	s1	4	57.806653	124516
243.361325	0	s1	4	57.972653	124601
243.361325	0	s1	4	57.972653	124601
243.525425	0	s1	4	58.136753	124685
243.525425	0	s1	4	58.136753	124685
243.695325	0	s1	4	58.306653	124772
243.695325	0	s1	4	58.306653	124772
243.861325	0	s1	4	58.472653	124857
243.861325	0	s1	4	58.472653	124857
244.025425	0	s1	4	58.636753	124941
244.025425	0	s1	4	58.636753	124941
244.195325	0	s1	4	58.806653	125028
244.195325	0	s1	4	58.806653	125028
244.361325	0	s1	4	58.972653	125113
244.361325	0	s1	4	58.972653	125113
244.529325	0	s1	4	59.140653	125199
244.529325	0	s1	4	59.140653	125199
244.695325	0	s1	4	59.306653	125284
244.695325	0	s1	4	59.306653	125284
244.861325	0	s1	4	59.472653	125369
244.861325	0	s1	4	59.472653	125369
245.025425	0	s1	4	59.636753	125453
245.025425	0	s1	4	59.636753	125453
245.195325	0	s1	4	59.806653	125540
245.195325	0	s1	4	59.806653	125540
245.361325	0	s1	4	59.972653	125625
245.361325	0	s1	4	59.972653	125625
245.525425	0	s1	4	60.136753	125709
245.525425	0	s1	4	60.136753	125709
245.693325	0	s1	4	60.304653	125795
245.693325	0	s1	4	60.304653	125795
245.861325	0	s1	4	60.472653	125881
245.861325	0	s1	4	60.472653	125881
246.025425	0	s1	4	60.636753	125965
246.025425	0	s1	4	60.636753	125965
246.195325	0	s1	4	60.806653	126052
246.195325	0	s1	4	60.806653	126052
246.361325	0	s1	4	60.972653	126137
246.361325	0	s1	4	60.972653	126137
246.525425	0	s1	4	61.136753	126221
246.525425	0	s1	4	61.136753	126221
246.693325	0	s1	4	61.304653	126307
246.693325	0	s1	4	61.304653	126307
246.859425	0	s1	4	61.470753	126392
246.859425	0	s1	4	61.470753	126392
247.025425	0	s1	4	61.636753	126477
247.025425	0	s1	4	61.636753	126477
247.193325	0	s1	4	61.804653	126563
247.193325	0	s1	4	61.804653	126563
247.359425	0	s1	4	61.970753	126648
247.359425	0	s1	4	61.970753	126648
247.525425	0	s1	4	62.136753	126733
247.525425	0	s1	4	62.136753	126733
247.693325	0	s1	4	62.304653	126819
247.693325	0	s1	4	62.304653	126819
247.861325	0	s1	4	62.472653	126905
247.861325	0	s1	4	62.472653	126905
248.025425	0	s1	4	62.636753	126989
248.025425	0	s1	4	62.636753	126989
248.193325	0	s1	4	62.804653	127075
248.193325	0	s1	4	62.804653	127075
248.359425	0	s1	4	62.970753	127160
248.359425	0	s1	4	62.970753	127160
248.525425	0	s1	4	63.136753	127245
248.525425	0	s1	4	63.136753	127245
248.693325	0	s1	4	63.304653	127331
248.693325	0	s1	4	63.304653	127331
248.859425	0	s1	4	63.470753	127416
248.859425	0	s1	4	63.470753	127416
249.025425	0	s1	4	63.636753	127501
249.025425	0	s1	4	63.636753	127501
249.193325	0	s1	4	63.804653	127587
249.193325	0	s1	4	63.804653	127587
249.359425	0	s1	4	63.970753	127672
249.359425	0	s1	4	63.970753	127672
249.525425	0	s1	4	64.136753	127757
249.525425	0	s1	4	64.136753	127757
249.691425	0	s1	4	64.302753	127842
249.691425	0	s1	4	64.302753	127842
250.015616	0	s1	5	2.164053	128008
250.015616	0	s1	5	2.164053	128008
250.183616	0	s1	5	2.332053	128094
250.183616	0	s1	5	2.332053	128094
250.349616	0	s1	5	2.498053	128179
250.349616	0	s1	5	2.498053	128179
250.515616	0	s1	5	2.664053	128264
250.515616	0	s1	5	2.664053	128264
250.683616	0	s1	5	2.832053	128350
250.683616	0	s1	5	2.832053	128350
250.849616	0	s1	5	2.998053	128435
250.849616	0	s1	5	2.998053	128435
251.015616	0	s1	5	3.164053	128520
251.015616	0	s1	5	3.164053	128520
251.181616	0	s1	5	3.330053	128605
251.181616	0	s1	5	3.330053	128605
251.349616	0	s1	5	3.498053	128691
251.349616	0	s1	5	3.498053	128691
251.515616	0	s1	5	3.664053	128776
251.515616	0	s1	5	3.664053	128776
251.681616	0	s1	5	3.830053	128861
251.681616	0	s1	5	3.830053	128861
251.849616	0	s1	5	3.998053	128947
251.849616	0	s1	5	3.998053	128947
252.015616	0	s1	5	4.164053	129032
252.015616	0	s1	5	4.164053	129032
252.181616	0	s1	5	4.330053	129117
252.181616	0	s1	5	4.330053	129117
252.349616	0	s1	5	4.498053	129203
252.349616	0	s1	5	4.498053	129203
252.515616	0	s1	5	4.664053	129288
252.515616	0	s1	5	4.664053	129288
252.681616	0	s1	5	4.830053	129373
252.681616	0	s1	5	4.830053	129373
252.847616	0	s1	5	4.996053	129458
252.847616	0	s1	5	4.996053	129458
253.015616	0	s1	5	5.164053	129544
253.015616	0	s1	5	5.164053	129544
253.181616	0	s1	5	5.330053	129629
253.181616	0	s1	5	5.330053	129629
253.347616	0	s1	5	5.496053	129714
253.347616	0	s1	5	5.496053	129714
253.515616	0	s1	5	5.664053	129800
253.515616	0	s1	5	5.664053	129800
253.681616	0	s1	5	5.830053	129885
253.681616	0	s1	5	5.830053	129885
253.847616	0	s1	5	5.996053	129970
253.847616	0	s1	5	5.996053	129970
254.013716	0	s1	5	6.162153	130055
254.013716	0	s1	5	6.162153	130055
254.181616	0	s1	5	6.330053	130141
254.181616	0	s1	5	6.330053	130141
254.347616	0	s1	5	6.496053	130226
254.347616	0	s1	5	6.496053	130226
254.513716	0	s1	5	6.662153	130311
254.513716	0	s1	5	6.662153	130311
254.681616	0	s1	5	6.830053	130397
254.681616	0	s1	5	6.830053	130397
254.847616	0	s1	5	6.996053	130482
254.847616	0	s1	5	6.996053	130482
255.013716	0	s1	5	7.162153	130567
255.013716	0	s1	5	7.162153	130567
255.181616	0	s1	5	7.330053	130653
255.181616	0	s1	5	7.330053	130653
255.347616	0	s1	5	7.496053	130738
255.347616	0	s1	5	7.496053	130738
255.513716	0	s1	5	7.662153	130823
255.513716	0	s1	5	7.662153	130823
255.679716	0	s1	5	7.828153	130908
255.679716	0	s1	5	7.828153	130908
255.847616	0	s1	5	7.996053	130994
255.847616	0	s1	5	7.996053	130994
256.013716	0	s1	5	8.162153	131079
256.013716	0	s1	5	8.162153	131079
256.179716	0	s1	5	8.328153	131164
256.179716	0	s1	5	8.328153	131164
256.347616	0	s1	5	8.496053	131250
256.347616	0	s1	5	8.496053	131250
256.513716	0	s1	5	8.662153	131335
256.513716	0	s1	5	8.662153	131335
256.679716	0	s1	5	8.828153	131420
256.679716	0	s1	5	8.828153	131420
256.847616	0	s1	5	8.996053	131506
256.847616	0	s1	5	8.996053	131506
257.013716	0	s1	5	9.162153	131591
257.013716	0	s1	5	9.162153	131591
257.179716	0	s1	5	9.328153	131676
257.179716	0	s1	5	9.328153	131676
257.345716	0	s1	5	9.494153	131761
257.345716	0	s1	5	9.494153	131761
257.513716	0	s1	5	9.662153	131847
257.513716	0	s1	5	9.662153	131847
257.679716	0	s1	5	9.828153	131932
257.679716	0	s1	5	9.828153	131932
257.845716	0	s1	5	9.994153	132017
257.845716	0	s1	5	9.994153	132017
258.011716	0	s1	5	10.160153	132102
258.011716	0	s1	5	10.160153	132102
258.179716	0	s1	5	10.328153	132188
258.179716	0	s1	5	10.328153	132188
258.345716	0	s1	5	10.494153	132273
258.345716	0	s1	5	10.494153	132273
258.513716	0	s1	5	10.662153	132359
258.513716	0	s1	5	10.662153	132359
258.679716	0	s1	5	10.828153	132444
258.679716	0	s1	5	10.828153	132444
258.845716	0	s1	5	10.994153	132529
258.845716	0	s1	5	10.994153	132529
259.011716	0	s1	5	11.160153	132614
259.011716	0	s1	5	11.160153	132614
259.179716	0	s1	5	11.328153	132700
259.179716	0	s1	5	11.328153	132700
259.345716	0	s1	5	11.494153	132785
259.345716	0	s1	5	11.494153	132785
259.511716	0	s1	5	11.660153	132870
259.511716	0	s1	5	11.660153	132870
259.679716	0	s1	5	11.828153	132956
259.679716	0	s1	5	11.828153	132956
259.845716	0	s1	5	11.994153	133041
259.845716	0	s1	5	11.994153	133041
260.011716	0	s1	5	12.160153	133126
260.011716	0	s1	5	12.160153	133126
260.177716	0	s1	5	12.326153	133211
260.177716	0	s1	5	12.326153	133211
260.345716	0	s1	5	12.494153	133297
260.345716	0	s1	5	12.494153	133297
260.511716	0	s1	5	12.660153	133382
260.511716	0	s1	5	12.660153	133382
260.677716	0	s1	5	12.826153	133467
260.677716	0	s1	5	12.826153	133467
260.845716	0	s1	5	12.994153	133553
260.845716	0	s1	5	12.994153	133553
261.011716	0	s1	5	13.160153	133638
261.011716	0	s1	5	13.160153	133638
261.177716	0	s1	5	13.326153	133723
261.177716	0	s1	5	13.326153	133723
261.341816	0	s1	5	13.490253	133807
261.341816	0	s1	5	13.490253	133807
261.511716	0	s1	5	13.660153	133894
261.511716	0	s1	5	13.660153	133894
261.677716	0	s1	5	13.826153	133979
261.677716	0	s1	5	13.826153	133979
261.841816	0	s1	5	13.990253	134063
261.841816	0	s1	5	13.990253	134063
262.011716	0	s1	5	14.160153	134150
262.011716	0	s1	5	14.160153	134150
262.177716	0	s1	5	14.326153	134235
262.177716	0	s1	5	14.326153	134235
262.341816	0	s1	5	14.490253	134319
262.341816	0	s1	5	14.490253	134319
262.511716	0	s1	5	14.660153	134406
262.511716	0	s1	5	14.660153	134406
262.677716	0	s1	5	14.826153	134491
262.677716	0	s1	5	14.826153	134491
262.841816	0	s1	5	14.990253	134575
262.841816	0	s1	5	14.990253	134575
263.009816	0	s1	5	15.158253	134661
263.009816	0	s1	5	15.158253	134661
263.177716	0	s1	5	15.326153	134747
263.177716	0	s1	5	15.326153	134747
263.341816	0	s1	5	15.490253	134831
263.341816	0	s1	5	15.490253	134831
263.509816	0	s1	5	15.658253	134917
263.509816	0	s1	5	15.658253	134917
263.677716	0	s1	5	15.826153	135003
263.677716	0	s1	5	15.826153	135003
263.841816	0	s1	5	15.990253	135087
263.841816	0	s1	5	15.990253	135087
264.009816	0	s1	5	16.158253	135173
264.009816	0	s1	5	16.158253	135173
264.175816	0	s1	5	16.324253	135258
264.175816	0	s1	5	16.324253	135258
264.341816	0	s1	5	16.490253	135343
264.341816	0	s1	5	16.490253	135343
264.509816	0	s1	5	16.658253	135429
264.509816	0	s1	5	16.658253	135429
264.675816	0	s1	5	16.824253	135514
264.675816	0	s1	5	16.824253	135514
264.841816	0	s1	5	16.990253	135599
264.841816	0	s1	5	16.990253	135599
265.009816	0	s1	5	17.158253	135685
265.009816	0	s1	5	17.158253	135685
265.175816	0	s1	5	17.324253	135770
265.175816	0	s1	5	17.324253	135770
265.341816	0	s1	5	17.490253	135855
265.341816	0	s1	5	17.490253	135855
265.509816	0	s1	5	17.658253	135941
265.509816	0	s1	5	17.658253	135941
265.675816	0	s1	5	17.824253	136026
265.675816	0	s1	5	17.824253	136026
265.841816	0	s1	5	17.990253	136111
265.841816	0	s1	5	17.990253	136111
266.009816	0	s1	5	18.158253	136197
266.009816	0	s1	5	18.158253	136197
266.175816	0	s1	5	18.324253	136282
266.175816	0	s1	5	18.324253	136282
266.341816	0	s1	5	18.490253	136367
266.341816	0	s1	5	18.490253	136367
266.509816	0	s1	5	18.658253	136453
266.509816	0	s1	5	18.658253	136453
266.675816	0	s1	5	18.824253	136538
266.675816	0	s1	5	18.824253	136538
266.841816	0	s1	5	18.990253	136623
266.841816	0	s1	5	18.990253	136623
267.007816	0	s1	5	19.156253	136708
267.007816	0	s1	5	19.156253	136708
267.175816	0	s1	5	19.324253	136794
267.175816	0	s1	5	19.324253	136794
267.341816	0	s1	5	19.490253	136879
267.341816	0	s1	5	19.490253	136879
267.507816	0	s1	5	19.656253	136964
267.507816	0	s1	5	19.656253	136964
267.675816	0	s1	5	19.824253	137050
267.675816	0	s1	5	19.824253	137050
267.841816	0	s1	5	19.990253	137135
267.841816	0	s1	5	19.990253	137135
268.007816	0	s1	5	20.156253	137220
268.007816	0	s1	5	20.156253	137220
268.175816	0	s1	5	20.324253	137306
268.175816	0	s1	5	20.324253	137306
268.341816	0	s1	5	20.490253	137391
268.341816	0	s1	5	20.490253	137391
268.507816	0	s1	5	20.656253	137476
268.507816	0	s1	5	20.656253	137476
268.673816	0	s1	5	20.822253	137561
268.673816	0	s1	5	20.822253	137561
268.841816	0	s1	5	20.990253	137647
268.841816	0	s1	5	20.990253	137647
269.007816	0	s1	5	21.156253	137732
269.007816	0	s1	5	21.156253	137732
269.173816	0	s1	5	21.322253	137817
269.173816	0	s1	5	21.322253	137817
269.341816	0	s1	5	21.490253	137903
269.341816	0	s1	5	21.490253	137903
269.507816	0	s1	5	21.656253	137988
269.507816	0	s1	5	21.656253	137988
269.673816	0	s1	5	21.822253	138073
269.673816	0	s1	5	21.822253	138073
269.839816	0	s1	5	21.988253	138158
269.839816	0	s1	5	21.988253	138158
270.007816	0	s1	5	22.156253	138244
270.007816	0	s1	5	22.156253	138244
270.173816	0	s1	5	22.322253	138329
270.173816	0	s1	5	22.322253	138329
270.339816	0	s1	5	22.488253	138414
270.339816	0	s1	5	22.488253	138414
270.507816	0	s1	5	22.656253	138500
270.507816	0	s1	5	22.656253	138500
270.673816	0	s1	5	22.822253	138585
270.673816	0	s1	5	22.822253	138585
270.839816	0	s1	5	22.988253	138670
270.839816	0	s1	5	22.988253	138670
271.005816	0	s1	5	23.154253	138755
271.005816	0	s1	5	23.154253	138755
271.173816	0	s1	5	23.322253	138841
271.173816	0	s1	5	23.322253	138841
271.339816	0	s1	5	23.488253	138926
271.339816	0	s1	5	23.488253	138926
271.505816	0	s1	5	23.654253	139011
271.505816	0	s1	5	23.654253	139011
271.673816	0	s1	5	23.822253	139097
271.673816	0	s1	5	23.822253	139097
271.839816	0	s1	5	23.988253	139182
271.839816	0	s1	5	23.988253	139182
272.005816	0	s1	5	24.154253	139267
272.005816	0	s1	5	24.154253	139267
272.173816	0	s1	5	24.322253	139353
272.173816	0	s1	5	24.322253	139353
272.339816	0	s1	5	24.488253	139438
272.339816	0	s1	5	24.488253	139438
272.505816	0	s1	5	24.654253	139523
272.505816	0	s1	5	24.654253	139523
272.671916	0	s1	5	24.820353	139608
272.671916	0	s1	5	24.820353	139608
272.839816	0	s1	5	24.988253	139694
272.839816	0	s1	5	24.988253	139694
273.005816	0	s1	5	25.154253	139779
273.005816	0	s1	5	25.154253	139779
273.171916	0	s1	5	25.320353	139864
273.171916	0	s1	5	25.320353	139864
273.339816	0	s1	5	25.488253	139950
273.339816	0	s1	5	25.488253	139950
273.505816	0	s1	5	25.654253	140035
273.505816	0	s1	5	25.654253	140035
273.671916	0	s1	5	25.820353	140120
273.671916	0	s1	5	25.820353	140120
273.839816	0	s1	5	25.988253	140206
273.839816	0	s1	5	25.988253	140206
274.005816	0	s1	5	26.154253	140291
274.005816	0	s1	5	26.154253	140291
274.171916	0	s1	5	26.320353	140376
274.171916	0	s1	5	26.320353	140376
274.337916	0	s1	5	26.486353	140461
274.337916	0	s1	5	26.486353	140461
274.505816	0	s1	5	26.654253	140547
274.505816	0	s1	5	26.654253	140547
274.671916	0	s1	5	26.820353	140632
274.671916	0	s1	5	26.820353	140632
274.837916	0	s1	5	26.986353	140717
274.837916	0	s1	5	26.986353	140717
275.005816	0	s1	5	27.154253	140803
275.005816	0	s1	5	27.154253	140803
275.171916	0	s1	5	27.320353	140888
275.171916	0	s1	5	27.320353	140888
275.337916	0	s1	5	27.486353	140973
275.337916	0	s1	5	27.486353	140973
275.503916	0	s1	5	27.652353	141058
275.503916	0	s1	5	27.652353	141058
275.671916	0	s1	5	27.820353	141144
275.671916	0	s1	5	27.820353	141144
275.837916	0	s1	5	27.986353	141229
275.837916	0	s1	5	27.986353	141229
276.003916	0	s1	5	28.152353	141314
276.003916	0	s1	5	28.152353	141314
276.171916	0	s1	5	28.320353	141400
276.171916	0	s1	5	28.320353	141400
276.337916	0	s1	5	28.486353	141485
276.337916	0	s1	5	28.486353	141485
276.503916	0	s1	5	28.652353	141570
276.503916	0	s1	5	28.652353	141570
276.671916	0	s1	5	28.820353	141656
276.671916	0	s1	5	28.820353	141656
276.837916	0	s1	5	28.986353	141741
276.837916	0	s1	5	28.986353	141741
277.003916	0	s1	5	29.152353	141826
277.003916	0	s1	5	29.152353	141826
277.169916	0	s1	5	29.318353	141911
277.169916	0	s1	5	29.318353	141911
277.337916	0	s1	5	29.486353	141997
277.337916	0	s1	5	29.486353	141997
277.503916	0	s1	5	29.652353	142082
277.503916	0	s1	5	29.652353	142082
277.669916	0	s1	5	29.818353	142167
277.669916	0	s1	5	29.818353	142167
277.837916	0	s1	5	29.986353	142253
277.837916	0	s1	5	29.986353	142253
278.003916	0	s1	5	30.152353	142338
278.003916	0	s1	5	30.152353	142338
278.169916	0	s1	5	30.318353	142423
278.169916	0	s1	5	30.318353	142423
278.335916	0	s1	5	30.484353	142508
278.335916	0	s1	5	30.484353	142508
278.503916	0	s1	5	30.652353	142594
278.503916	0	s1	5	30.652353	142594
278.669916	0	s1	5	30.818353	142679
278.669916	0	s1	5	30.818353	142679
278.835916	0	s1	5	30.984353	142764
278.835916	0	s1	5	30.984353	142764
279.003916	0	s1	5	31.152353	142850
279.003916	0	s1	5	31.152353	142850
279.169916	0	s1	5	31.318353	142935
279.169916	0	s1	5	31.318353	142935
279.335916	0	s1	5	31.484353	143020
279.335916	0	s1	5	31.484353	143020
279.503916	0	s1	5	31.652353	143106
279.503916	0	s1	5	31.652353	143106
279.669916	0	s1	5	31.818353	143191
279.669916	0	s1	5	31.818353	143191
279.835916	0	s1	5	31.984353	143276
279.835916	0	s1	5	31.984353	143276
280.001916	0	s1	5	32.150353	143361
280.001916	0	s1	5	32.150353	143361
280.169916	0	s1	5	32.318353	143447
280.169916	0	s1	5	32.318353	143447
280.335916	0	s1	5	32.484353	143532
280.335916	0	s1	5	32.484353	143532
280.501916	0	s1	5	32.650353	143617
280.501916	0	s1	5	32.650353	143617
280.669916	0	s1	5	32.818353	143703
280.669916	0	s1	5	32.818353	143703
280.835916	0	s1	5	32.984353	143788
280.835916	0	s1	5	32.984353	143788
281.001916	0	s1	5	33.150353	143873
281.001916	0	s1	5	33.150353	143873
281.168016	0	s1	5	33.316453	143958
281.168016	0	s1	5	33.316453	143958
281.335916	0	s1	5	33.484353	144044
281.335916	0	s1	5	33.484353	144044
281.501916	0	s1	5	33.650353	144129
281.501916	0	s1	5	33.650353	144129
281.668016	0	s1	5	33.816453	144214
281.668016	0	s1	5	33.816453	144214
281.835916	0	s1	5	33.984353	144300
281.835916	0	s1	5	33.984353	144300
282.001916	0	s1	5	34.150353	144385
282.001916	0	s1	5	34.150353	144385
282.168016	0	s1	5	34.316453	144470
282.168016	0	s1	5	34.316453	144470
282.335916	0	s1	5	34.484353	144556
282.335916	0	s1	5	34.484353	144556
282.501916	0	s1	5	34.650353	144641
282.501916	0	s1	5	34.650353	144641
282.668016	0	s1	5	34.816453	144726
282.668016	0	s1	5	34.816453	144726
282.834016	0	s1	5	34.982453	144811
282.834016	0	s1	5	34.982453	144811
283.001916	0	s1	5	35.150353	144897
283.001916	0	s1	5	35.150353	144897
283.168016	0	s1	5	35.316453	144982
283.168016	0	s1	5	35.316453	144982
283.334016	0	s1	5	35.482453	145067
283.334016	0	s1	5	35.482453	145067
283.501916	0	s1	5	35.650353	145153
283.501916	0	s1	5	35.650353	145153
283.668016	0	s1	5	35.816453	145238
283.668016	0	s1	5	35.816453	145238
283.834016	0	s1	5	35.982453	145323
283.834016	0	s1	5	35.982453	145323
283.998016	0	s1	5	36.146453	145407
283.998016	0	s1	5	36.146453	145407
284.168016	0	s1	5	36.316453	145494
284.168016	0	s1	5	36.316453	145494
284.334016	0	s1	5	36.482453	145579
284.334016	0	s1	5	36.482453	145579
284.498016	0	s1	5	36.646453	145663
284.498016	0	s1	5	36.646453	145663
284.668016	0	s1	5	36.816453	145750
284.668016	0	s1	5	36.816453	145750
284.834016	0	s1	5	36.982453	145835
284.834016	0	s1	5	36.982453	145835
284.998016	0	s1	5	37.146453	145919
284.998016	0	s1	5	37.146453	145919
285.168016	0	s1	5	37.316453	146006
285.168016	0	s1	5	37.316453	146006
285.334016	0	s1	5	37.482453	146091
285.334016	0	s1	5	37.482453	146091
285.498016	0	s1	5	37.646453	146175
285.498016	0	s1	5	37.646453	146175
285.666016	0	s1	5	37.814453	146261
285.666016	0	s1	5	37.814453	146261
285.834016	0	s1	5	37.982453	146347
285.834016	0	s1	5	37.982453	146347
285.998016	0	s1	5	38.146453	146431
285.998016	0	s1	5	38.146453	146431
286.166016	0	s1	5	38.314453	146517
286.166016	0	s1	5	38.314453	146517
286.334016	0	s1	5	38.482453	146603
286.334016	0	s1	5	38.482453	146603
286.498016	0	s1	5	38.646453	146687
286.498016	0	s1	5	38.646453	146687
286.666016	0	s1	5	38.814453	146773
286.666016	0	s1	5	38.814453	146773
286.832016	0	s1	5	38.980453	146858
286.832016	0	s1	5	38.980453	146858
286.998016	0	s1	5	39.146453	146943
286.998016	0	s1	5	39.146453	146943
287.166016	0	s1	5	39.314453	147029
287.166016	0	s1	5	39.314453	147029
287.332016	0	s1	5	39.480453	147114
287.332016	0	s1	5	39.480453	147114
287.498016	0	s1	5	39.646453	147199
287.498016	0	s1	5	39.646453	147199
287.666016	0	s1	5	39.814453	147285
287.666016	0	s1	5	39.814453	147285
287.832016	0	s1	5	39.980453	147370
287.832016	0	s1	5	39.980453	147370
287.998016	0	s1	5	40.146453	147455
287.998016	0	s1	5	40.146453	147455
288.166016	0	s1	5	40.314453	147541
288.166016	0	s1	5	40.314453	147541
288.332016	0	s1	5	40.480453	147626
288.332016	0	s1	5	40.480453	147626
288.498016	0	s1	5	40.646453	147711
288.498016	0	s1	5	40.646453	147711
288.666016	0	s1	5	40.814453	147797
288.666016	0	s1	5	40.814453	147797
288.832016	0	s1	5	40.980453	147882
288.832016	0	s1	5	40.980453	147882
288.998016	0	s1	5	41.146453	147967
288.998016	0	s1	5	41.146453	147967
289.166016	0	s1	5	41.314453	148053
289.166016	0	s1	5	41.314453	148053
289.332016	0	s1	5	41.480453	148138
289.332016	0	s1	5	41.480453	148138
289.498016	0	s1	5	41.646453	148223
289.498016	0	s1	5	41.646453	148223
289.666016	0	s1	5	41.814453	148309
289.666016	0	s1	5	41.814453	148309
289.832016	0	s1	5	41.980453	148394
289.832016	0	s1	5	41.980453	148394
289.998016	0	s1	5	42.146453	148479
289.998016	0	s1	5	42.146453	148479
290.164016	0	s1	5	42.312453	148564
290.164016	0	s1	5	42.312453	148564
290.332016	0	s1	5	42.480453	148650
290.332016	0	s1	5	42.480453	148650
290.498016	0	s1	5	42.646453	148735
290.498016	0	s1	5	42.646453	148735
290.664016	0	s1	5	42.812453	148820
290.664016	0	s1	5	42.812453	148820
290.832016	0	s1	5	42.980453	148906
290.832016	0	s1	5	42.980453	148906
290.998016	0	s1	5	43.146453	148991
290.998016	0	s1	5	43.146453	148991
291.164016	0	s1	5	43.312453	149076
291.164016	0	s1	5	43.312453	149076
291.330116	0	s1	5	43.478553	149161
291.330116	0	s1	5	43.478553	149161
291.498016	0	s1	5	43.646453	149247
291.498016	0	s1	5	43.646453	149247
291.664016	0	s1	5	43.812453	149332
291.664016	0	s1	5	43.812453	149332
291.830116	0	s1	5	43.978553	149417
291.830116	0	s1	5	43.978553	149417
291.998016	0	s1	5	44.146453	149503
291.998016	0	s1	5	44.146453	149503
292.164016	0	s1	5	44.312453	149588
292.164016	0	s1	5	44.312453	149588
292.330116	0	s1	5	44.478553	149673
292.330116	0	s1	5	44.478553	149673
292.496116	0	s1	5	44.644553	149758
292.496116	0	s1	5	44.644553	149758
292.664016	0	s1	5	44.812453	149844
292.664016	0	s1	5	44.812453	149844
292.830116	0	s1	5	44.978553	149929
292.830116	0	s1	5	44.978553	149929
292.996116	0	s1	5	45.144553	150014
292.996116	0	s1	5	45.144553	150014
293.164016	0	s1	5	45.312453	150100
293.164016	0	s1	5	45.312453	150100
293.330116	0	s1	5	45.478553	150185
293.330116	0	s1	5	45.478553	150185
293.496116	0	s1	5	45.644553	150270
293.496116	0	s1	5	45.644553	150270
293.664016	0	s1	5	45.812453	150356
293.664016	0	s1	5	45.812453	150356
293.830116	0	s1	5	45.978553	150441
293.830116	0	s1	5	45.978553	150441
293.996116	0	s1	5	46.144553	150526
293.996116	0	s1	5	46.144553	150526
294.162116	0	s1	5	46.310553	150611
294.162116	0	s1	5	46.310553	150611
294.330116	0	s1	5	46.478553	150697
294.330116	0	s1	5	46.478553	150697
294.496116	0	s1	5	46.644553	150782
294.496116	0	s1	5	46.644553	150782
294.662116	0	s1	5	46.810553	150867
294.662116	0	s1	5	46.810553	150867
294.830116	0	s1	5	46.978553	150953
294.830116	0	s1	5	46.978553	150953
294.996116	0	s1	5	47.144553	151038
294.996116	0	s1	5	47.144553	151038
295.162116	0	s1	5	47.310553	151123
295.162116	0	s1	5	47.310553	151123
295.328116	0	s1	5	47.476553	151208
295.328116	0	s1	5	47.476553	151208
295.496116	0	s1	5	47.644553	151294
295.496116	0	s1	5	47.644553	151294
295.662116	0	s1	5	47.810553	151379
295.662116	0	s1	5	47.810553	151379
295.828116	0	s1	5	47.976553	151464
295.828116	0	s1	5	47.976553	151464
295.994116	0	s1	5	48.142553	151549
295.994116	0	s1	5	48.142553	151549
296.162116	0	s1	5	48.310553	151635
296.162116	0	s1	5	48.310553	151635
296.328116	0	s1	5	48.476553	151720
296.328116	0	s1	5	48.476553	151720
296.496116	0	s1	5	48.644553	151806
296.496116	0	s1	5	48.644553	151806
296.662116	0	s1	5	48.810553	151891
296.662116	0	s1	5	48.810553	151891
296.828116	0	s1	5	48.976553	151976
296.828116	0	s1	5	48.976553	151976
296.994116	0	s1	5	49.142553	152061
296.994116	0	s1	5	49.142553	152061
297.162116	0	s1	5	49.310553	152147
297.162116	0	s1	5	49.310553	152147
297.328116	0	s1	5	49.476553	152232
297.328116	0	s1	5	49.476553	152232
297.494116	0	s1	5	49.642553	152317
297.494116	0	s1	5	49.642553	152317
297.662116	0	s1	5	49.810553	152403
297.662116	0	s1	5	49.810553	152403
297.828116	0	s1	5	49.976553	152488
297.828116	0	s1	5	49.976553	152488
297.994116	0	s1	5	50.142553	152573
297.994116	0	s1	5	50.142553	152573
298.162116	0	s1	5	50.310553	152659
298.162116	0	s1	5	50.310553	152659
298.328116	0	s1	5	50.476553	152744
298.328116	0	s1	5	50.476553	152744
298.494116	0	s1	5	50.642553	152829
298.494116	0	s1	5	50.642553	152829
298.660116	0	s1	5	50.808553	152914
298.660116	0	s1	5	50.808553	152914
298.828116	0	s1	5	50.976553	153000
298.828116	0	s1	5	50.976553	153000
298.994116	0	s1	5	51.142553	153085
298.994116	0	s1	5	51.142553	153085
299.160116	0	s1	5	51.308553	153170
299.160116	0	s1	5	51.308553	153170
299.328116	0	s1	5	51.476553	153256
299.328116	0	s1	5	51.476553	153256
299.494116	0	s1	5	51.642553	153341
299.494116	0	s1	5	51.642553	153341
299.660116	0	s1	5	51.808553	153426
299.660116	0	s1	5	51.808553	153426
299.826216	0	s1	5	51.974653	153511
299.826216	0	s1	5	51.974653	153511
299.994116	0	s1	5	52.142553	153597
299.994116	0	s1	5	52.142553	153597
300.160116	0	s1	5	52.308553	153682
300.160116	0	s1	5	52.308553	153682
300.326216	0	s1	5	52.474653	153767
300.326216	0	s1	5	52.474653	153767
300.494116	0	s1	5	52.642553	153853
300.494116	0	s1	5	52.642553	153853
300.660116	0	s1	5	52.808553	153938
300.660116	0	s1	5	52.808553	153938
300.826216	0	s1	5	52.974653	154023
300.826216	0	s1	5	52.974653	154023
300.992216	0	s1	5	53.140653	154108
300.992216	0	s1	5	53.140653	154108
301.160116	0	s1	5	53.308553	154194
301.160116	0	s1	5	53.308553	154194
301.326216	0	s1	5	53.474653	154279
301.326216	0	s1	5	53.474653	154279
301.492216	0	s1	5	53.640653	154364
301.492216	0	s1	5	53.640653	154364
301.660116	0	s1	5	53.808553	154450
301.660116	0	s1	5	53.808553	154450
301.826216	0	s1	5	53.974653	154535
301.826216	0	s1	5	53.974653	154535
301.992216	0	s1	5	54.140653	154620
301.992216	0	s1	5	54.140653	154620
302.160116	0	s1	5	54.308553	154706
302.160116	0	s1	5	54.308553	154706
302.326216	0	s1	5	54.474653	154791
302.326216	0	s1	5	54.474653	154791
302.492216	0	s1	5	54.640653	154876
302.492216	0	s1	5	54.640653	154876
302.658216	0	s1	5	54.806653	154961
302.658216	0	s1	5	54.806653	154961
302.826216	0	s1	5	54.974653	155047
302.826216	0	s1	5	54.974653	155047
302.992216	0	s1	5	55.140653	155132
302.992216	0	s1	5	55.140653	155132
303.158216	0	s1	5	55.306653	155217
303.158216	0	s1	5	55.306653	155217
303.326216	0	s1	5	55.474653	155303
303.326216	0	s1	5	55.474653	155303
303.492216	0	s1	5	55.640653	155388
303.492216	0	s1	5	55.640653	155388
303.658216	0	s1	5	55.806653	155473
303.658216	0	s1	5	55.806653	155473
303.826216	0	s1	5	55.974653	155559
303.826216	0	s1	5	55.974653	155559
303.992216	0	s1	5	56.140653	155644
303.992216	0	s1	5	56.140653	155644
304.158216	0	s1	5	56.306653	155729
304.158216	0	s1	5	56.306653	155729
304.324216	0	s1	5	56.472653	155814
304.324216	0	s1	5	56.472653	155814
304.492216	0	s1	5	56.640653	155900
304.492216	0	s1	5	56.640653	155900
304.658216	0	s1	5	56.806653	155985
304.658216	0	s1	5	56.806653	155985
304.824216	0	s1	5	56.972653	156070
304.824216	0	s1	5	56.972653	156070
304.990216	0	s1	5	57.138653	156155
304.990216	0	s1	5	57.138653	156155
305.158216	0	s1	5	57.306653	156241
305.158216	0	s1	5	57.306653	156241
305.324216	0	s1	5	57.472653	156326
305.324216	0	s1	5	57.472653	156326
305.490216	0	s1	5	57.638653	156411
305.490216	0	s1	5	57.638653	156411
305.658216	0	s1	5	57.806653	156497
305.658216	0	s1	5	57.806653	156497
305.824216	0	s1	5	57.972653	156582
305.824216	0	s1	5	57.972653	156582
305.990216	0	s1	5	58.138653	156667
305.990216	0	s1	5	58.138653	156667
306.158216	0	s1	5	58.306653	156753
306.158216	0	s1	5	58.306653	156753
306.324216	0	s1	5	58.472653	156838
306.324216	0	s1	5	58.472653	156838
306.490216	0	s1	5	58.638653	156923
306.490216	0	s1	5	58.638653	156923
306.654316	0	s1	5	58.802753	157007
306.654316	0	s1	5	58.802753	157007
306.824216	0	s1	5	58.972653	157094
306.824216	0	s1	5	58.972653	157094
306.990216	0	s1	5	59.138653	157179
306.990216	0	s1	5	59.138653	157179
307.154316	0	s1	5	59.302753	157263
307.154316	0	s1	5	59.302753	157263
307.324216	0	s1	5	59.472653	157350
307.324216	0	s1	5	59.472653	157350
307.490216	0	s1	5	59.638653	157435
307.490216	0	s1	5	59.638653	157435
307.654316	0	s1	5	59.802753	157519
307.654316	0	s1	5	59.802753	157519
307.824216	0	s1	5	59.972653	157606
307.824216	0	s1	5	59.972653	157606
307.990216	0	s1	5	60.138653	157691
307.990216	0	s1	5	60.138653	157691
308.154316	0	s1	5	60.302753	157775
308.154316	0	s1	5	60.302753	157775
308.322316	0	s1	5	60.470753	157861
308.322316	0	s1	5	60.470753	157861
308.490216	0	s1	5	60.638653	157947
308.490216	0	s1	5	60.638653	157947
308.654316	0	s1	5	60.802753	158031
308.654316	0	s1	5	60.802753	158031
308.822316	0	s1	5	60.970753	158117
308.822316	0	s1	5	60.970753	158117
308.990216	0	s1	5	61.138653	158203
308.990216	0	s1	5	61.138653	158203
309.154316	0	s1	5	61.302753	158287
309.154316	0	s1	5	61.302753	158287
309.322316	0	s1	5	61.470753	158373
309.322316	0	s1	5	61.470753	158373
309.488316	0	s1	5	61.636753	158458
309.488316	0	s1	5	61.636753	158458
309.654316	0	s1	5	61.802753	158543
309.654316	0	s1	5	61.802753	158543
309.822316	0	s1	5	61.970753	158629
309.822316	0	s1	5	61.970753	158629
309.988316	0	s1	5	62.136753	158714
309.988316	0	s1	5	62.136753	158714
310.154316	0	s1	5	62.302753	158799
310.154316	0	s1	5	62.302753	158799
310.322316	0	s1	5	62.470753	158885
310.322316	0	s1	5	62.470753	158885
310.488316	0	s1	5	62.636753	158970
310.488316	0	s1	5	62.636753	158970
310.654316	0	s1	5	62.802753	159055
310.654316	0	s1	5	62.802753	159055
310.822316	0	s1	5	62.970753	159141
310.822316	0	s1	5	62.970753	159141
310.988316	0	s1	5	63.136753	159226
310.988316	0	s1	5	63.136753	159226
311.154316	0	s1	5	63.302753	159311
311.154316	0	s1	5	63.302753	159311
311.322316	0	s1	5	63.470753	159397
311.322316	0	s1	5	63.470753	159397
311.488316	0	s1	5	63.636753	159482
311.488316	0	s1	5	63.636753	159482
311.654316	0	s1	5	63.802753	159567
311.654316	0	s1	5	63.802753	159567
311.822316	0	s1	5	63.970753	159653
311.822316	0	s1	5	63.970753	159653
311.988316	0	s1	5	64.136753	159738
311.988316	0	s1	5	64.136753	159738
312.154316	0	s1	5	64.302753	159823
312.154316	0	s1	5	64.302753	159823
312.480506	0	s1	6	2.166053	159990
312.480506	0	s1	6	2.166053	159990
312.646506	0	s1	6	2.332053	160075
312.646506	0	s1	6	2.332053	160075
312.812506	0	s1	6	2.498053	160160
312.812506	0	s1	6	2.498053	160160
312.980506	0	s1	6	2.666053	160246
312.980506	0	s1	6	2.666053	160246
313.146506	0	s1	6	2.832053	160331
313.146506	0	s1	6	2.832053	160331
313.312506	0	s1	6	2.998053	160416
313.312506	0	s1	6	2.998053	160416
313.480506	0	s1	6	3.166053	160502
313.480506	0	s1	6	3.166053	160502
313.646506	0	s1	6	3.332053	160587
313.646506	0	s1	6	3.332053	160587
313.812506	0	s1	6	3.498053	160672
313.812506	0	s1	6	3.498053	160672
313.976606	0	s1	6	3.662153	160756
313.976606	0	s1	6	3.662153	160756
314.146506	0	s1	6	3.832053	160843
314.146506	0	s1	6	3.832053	160843
314.312506	0	s1	6	3.998053	160928
314.312506	0	s1	6	3.998053	160928
314.476606	0	s1	6	4.162153	161012
314.476606	0	s1	6	4.162153	161012
314.646506	0	s1	6	4.332053	161099
314.646506	0	s1	6	4.332053	161099
314.812506	0	s1	6	4.498053	161184
314.812506	0	s1	6	4.498053	161184
314.976606	0	s1	6	4.662153	161268
314.976606	0	s1	6	4.662153	161268
315.144506	0	s1	6	4.830053	161354
315.144506	0	s1	6	4.830053	161354
315.312506	0	s1	6	4.998053	161440
315.312506	0	s1	6	4.998053	161440
315.476606	0	s1	6	5.162153	161524
315.476606	0	s1	6	5.162153	161524
315.644506	0	s1	6	5.330053	161610
315.644506	0	s1	6	5.330053	161610
315.812506	0	s1	6	5.498053	161696
315.812506	0	s1	6	5.498053	161696
315.976606	0	s1	6	5.662153	161780
315.976606	0	s1	6	5.662153	161780
316.144506	0	s1	6	5.830053	161866
316.144506	0	s1	6	5.830053	161866
316.310506	0	s1	6	5.996053	161951
316.310506	0	s1	6	5.996053	161951
316.476606	0	s1	6	6.162153	162036
316.476606	0	s1	6	6.162153	162036
316.644506	0	s1	6	6.330053	162122
316.644506	0	s1	6	6.330053	162122
316.810506	0	s1	6	6.496053	162207
316.810506	0	s1	6	6.496053	162207
316.976606	0	s1	6	6.662153	162292
316.976606	0	s1	6	6.662153	162292
317.144506	0	s1	6	6.830053	162378
317.144506	0	s1	6	6.830053	162378
317.310506	0	s1	6	6.996053	162463
317.310506	0	s1	6	6.996053	162463
317.476606	0	s1	6	7.162153	162548
317.476606	0	s1	6	7.162153	162548
317.644506	0	s1	6	7.330053	162634
317.644506	0	s1	6	7.330053	162634
317.810506	0	s1	6	7.496053	162719
317.810506	0	s1	6	7.496053	162719
317.976606	0	s1	6	7.662153	162804
317.976606	0	s1	6	7.662153	162804
318.144506	0	s1	6	7.830053	162890
318.144506	0	s1	6	7.830053	162890
318.310506	0	s1	6	7.996053	162975
318.310506	0	s1	6	7.996053	162975
318.476606	0	s1	6	8.162153	163060
318.476606	0	s1	6	8.162153	163060
318.644506	0	s1	6	8.330053	163146
318.644506	0	s1	6	8.330053	163146
318.810506	0	s1	6	8.496053	163231
318.810506	0	s1	6	8.496053	163231
318.976606	0	s1	6	8.662153	163316
318.976606	0	s1	6	8.662153	163316
319.142606	0	s1	6	8.828153	163401
319.142606	0	s1	6	8.828153	163401
319.310506	0	s1	6	8.996053	163487
319.310506	0	s1	6	8.996053	163487
319.476606	0	s1	6	9.162153	163572
319.476606	0	s1	6	9.162153	163572
319.642606	0	s1	6	9.328153	163657
319.642606	0	s1	6	9.328153	163657
319.810506	0	s1	6	9.496053	163743
319.810506	0	s1	6	9.496053	163743
319.976606	0	s1	6	9.662153	163828
319.976606	0	s1	6	9.662153	163828
320.142606	0	s1	6	9.828153	163913
320.142606	0	s1	6	9.828153	163913
320.310506	0	s1	6	9.996053	163999
320.310506	0	s1	6	9.996053	163999
320.476606	0	s1	6	10.162153	164084
320.476606	0	s1	6	10.162153	164084
320.642606	0	s1	6	10.328153	164169
320.642606	0	s1	6	10.328153	164169
320.808606	0	s1	6	10.494153	164254
320.808606	0	s1	6	10.494153	164254
320.976606	0	s1	6	10.662153	164340
320.976606	0	s1	6	10.662153	164340
321.142606	0	s1	6	10.828153	164425
321.142606	0	s1	6	10.828153	164425
321.308606	0	s1	6	10.994153	164510
321.308606	0	s1	6	10.994153	164510
321.474606	0	s1	6	11.160153	164595
321.474606	0	s1	6	11.160153	164595
321.642606	0	s1	6	11.328153	164681
321.642606	0	s1	6	11.328153	164681
321.808606	0	s1	6	11.494153	164766
321.808606	0	s1	6	11.494153	164766
321.974606	0	s1	6	11.660153	164851
321.974606	0	s1	6	11.660153	164851
322.142606	0	s1	6	11.828153	164937
322.142606	0	s1	6	11.828153	164937
322.308606	0	s1	6	11.994153	165022
322.308606	0	s1	6	11.994153	165022
322.474606	0	s1	6	12.160153	165107
322.474606	0	s1	6	12.160153	165107
322.642606	0	s1	6	12.328153	165193
322.642606	0	s1	6	12.328153	165193
322.808606	0	s1	6	12.494153	165278
322.808606	0	s1	6	12.494153	165278
322.974606	0	s1	6	12.660153	165363
322.974606	0	s1	6	12.660153	165363
323.142606	0	s1	6	12.828153	165449
323.142606	0	s1	6	12.828153	165449
323.308606	0	s1	6	12.994153	165534
323.308606	0	s1	6	12.994153	165534
323.474606	0	s1	6	13.160153	165619
323.474606	0	s1	6	13.160153	165619
323.640606	0	s1	6	13.326153	165704
323.640606	0	s1	6	13.326153	165704
323.808606	0	s1	6	13.494153	165790
323.808606	0	s1	6	13.494153	165790
323.974606	0	s1	6	13.660153	165875
323.974606	0	s1	6	13.660153	165875
324.140606	0	s1	6	13.826153	165960
324.140606	0	s1	6	13.826153	165960
324.308606	0	s1	6	13.994153	166046
324.308606	0	s1	6	13.994153	166046
324.474606	0	s1	6	14.160153	166131
324.474606	0	s1	6	14.160153	166131
324.640606	0	s1	6	14.326153	166216
324.640606	0	s1	6	14.326153	166216
324.806606	0	s1	6	14.492153	166301
324.806606	0	s1	6	14.492153	166301
324.974606	0	s1	6	14.660153	166387
324.974606	0	s1	6	14.660153	166387
325.140606	0	s1	6	14.826153	166472
325.140606	0	s1	6	14.826153	166472
325.306606	0	s1	6	14.992153	166557
325.306606	0	s1	6	14.992153	166557
325.474606	0	s1	6	15.160153	166643
325.474606	0	s1	6	15.160153	166643
325.640606	0	s1	6	15.326153	166728
325.640606	0	s1	6	15.326153	166728
325.806606	0	s1	6	15.492153	166813
325.806606	0	s1	6	15.492153	166813
325.972706	0	s1	6	15.658253	166898
325.972706	0	s1	6	15.658253	166898
326.140606	0	s1	6	15.826153	166984
326.140606	0	s1	6	15.826153	166984
326.306606	0	s1	6	15.992153	167069
326.306606	0	s1	6	15.992153	167069
326.472706	0	s1	6	16.158253	167154
326.472706	0	s1	6	16.158253	167154
326.640606	0	s1	6	16.326153	167240
326.640606	0	s1	6	16.326153	167240
326.806606	0	s1	6	16.492153	167325
326.806606	0	s1	6	16.492153	167325
326.972706	0	s1	6	16.658253	167410
326.972706	0	s1	6	16.658253	167410
327.140606	0	s1	6	16.826153	167496
327.140606	0	s1	6	16.826153	167496
327.306606	0	s1	6	16.992153	167581
327.306606	0	s1	6	16.992153	167581
327.472706	0	s1	6	17.158253	167666
327.472706	0	s1	6	17.158253	167666
327.638706	0	s1	6	17.324253	167751
327.638706	0	s1	6	17.324253	167751
327.806606	0	s1	6	17.492153	167837
327.806606	0	s1	6	17.492153	167837
327.972706	0	s1	6	17.658253	167922
327.972706	0	s1	6	17.658253	167922
328.138706	0	s1	6	17.824253	168007
328.138706	0	s1	6	17.824253	168007
328.306606	0	s1	6	17.992153	168093
328.306606	0	s1	6	17.992153	168093
328.472706	0	s1	6	18.158253	168178
328.472706	0	s1	6	18.158253	168178
328.638706	0	s1	6	18.324253	168263
328.638706	0	s1	6	18.324253	168263
328.806606	0	s1	6	18.492153	168349
328.806606	0	s1	6	18.492153	168349
328.972706	0	s1	6	18.658253	168434
328.972706	0	s1	6	18.658253	168434
329.138706	0	s1	6	18.824253	168519
329.138706	0	s1	6	18.824253	168519
329.304706	0	s1	6	18.990253	168604
329.304706	0	s1	6	18.990253	168604
329.472706	0	s1	6	19.158253	168690
329.472706	0	s1	6	19.158253	168690
329.638706	0	s1	6	19.324253	168775
329.638706	0	s1	6	19.324253	168775
329.804706	0	s1	6	19.490253	168860
329.804706	0	s1	6	19.490253	168860
329.972706	0	s1	6	19.658253	168946
329.972706	0	s1	6	19.658253	168946
330.138706	0	s1	6	19.824253	169031
330.138706	0	s1	6	19.824253	169031
330.304706	0	s1	6	19.990253	169116
330.304706	0	s1	6	19.990253	169116
330.470706	0	s1	6	20.156253	169201
330.470706	0	s1	6	20.156253	169201
330.638706	0	s1	6	20.324253	169287
330.638706	0	s1	6	20.324253	169287
330.804706	0	s1	6	20.490253	169372
330.804706	0	s1	6	20.490253	169372
330.970706	0	s1	6	20.656253	169457
330.970706	0	s1	6	20.656253	169457
331.138706	0	s1	6	20.824253	169543
331.138706	0	s1	6	20.824253	169543
331.304706	0	s1	6	20.990253	169628
331.304706	0	s1	6	20.990253	169628
331.470706	0	s1	6	21.156253	169713
331.470706	0	s1	6	21.156253	169713
331.638706	0	s1	6	21.324253	169799
331.638706	0	s1	6	21.324253	169799
331.804706	0	s1	6	21.490253	169884
331.804706	0	s1	6	21.490253	169884
331.970706	0	s1	6	21.656253	169969
331.970706	0	s1	6	21.656253	169969
332.136706	0	s1	6	21.822253	170054
332.136706	0	s1	6	21.822253	170054
332.304706	0	s1	6	21.990253	170140
332.304706	0	s1	6	21.990253	170140
332.470706	0	s1	6	22.156253	170225
332.470706	0	s1	6	22.156253	170225
332.636706	0	s1	6	22.322253	170310
332.636706	0	s1	6	22.322253	170310
332.804706	0	s1	6	22.490253	170396
332.804706	0	s1	6	22.490253	170396
332.970706	0	s1	6	22.656253	170481
332.970706	0	s1	6	22.656253	170481
333.136706	0	s1	6	22.822253	170566
333.136706	0	s1	6	22.822253	170566
333.302706	0	s1	6	22.988253	170651
333.302706	0	s1	6	22.988253	170651
333.470706	0	s1	6	23.156253	170737
333.470706	0	s1	6	23.156253	170737
333.636706	0	s1	6	23.322253	170822
333.636706	0	s1	6	23.322253	170822
333.802706	0	s1	6	23.488253	170907
333.802706	0	s1	6	23.488253	170907
333.970706	0	s1	6	23.656253	170993
333.970706	0	s1	6	23.656253	170993
334.136706	0	s1	6	23.822253	171078
334.136706	0	s1	6	23.822253	171078
334.302706	0	s1	6	23.988253	171163
334.302706	0	s1	6	23.988253	171163
334.470706	0	s1	6	24.156253	171249
334.470706	0	s1	6	24.156253	171249
334.636706	0	s1	6	24.322253	171334
334.636706	0	s1	6	24.322253	171334
334.802706	0	s1	6	24.488253	171419
334.802706	0	s1	6	24.488253	171419
334.968706	0	s1	6	24.654253	171504
334.968706	0	s1	6	24.654253	171504
335.136706	0	s1	6	24.822253	171590
335.136706	0	s1	6	24.822253	171590
335.302706	0	s1	6	24.988253	171675
335.302706	0	s1	6	24.988253	171675
335.468706	0	s1	6	25.154253	171760
335.468706	0	s1	6	25.154253	171760
335.636706	0	s1	6	25.322253	171846
335.636706	0	s1	6	25.322253	171846
335.802706	0	s1	6	25.488253	171931
335.802706	0	s1	6	25.488253	171931
335.968706	0	s1	6	25.654253	172016
335.968706	0	s1	6	25.654253	172016
336.132806	0	s1	6	25.818353	172100
336.132806	0	s1	6	25.818353	172100
336.302706	0	s1	6	25.988253	172187
336.302706	0	s1	6	25.988253	172187
336.468706	0	s1	6	26.154253	172272
336.468706	0	s1	6	26.154253	172272
336.632806	0	s1	6	26.318353	172356
336.632806	0	s1	6	26.318353	172356
336.802706	0	s1	6	26.488253	172443
336.802706	0	s1	6	26.488253	172443
336.968706	0	s1	6	26.654253	172528
336.968706	0	s1	6	26.654253	172528
337.132806	0	s1	6	26.818353	172612
337.132806	0	s1	6	26.818353	172612
337.302706	0	s1	6	26.988253	172699
337.302706	0	s1	6	26.988253	172699
337.468706	0	s1	6	27.154253	172784
337.468706	0	s1	6	27.154253	172784
337.632806	0	s1	6	27.318353	172868
337.632806	0	s1	6	27.318353	172868
337.800806	0	s1	6	27.486353	172954
337.800806	0	s1	6	27.486353	172954
337.968706	0	s1	6	27.654253	173040
337.968706	0	s1	6	27.654253	173040
338.132806	0	s1	6	27.818353	173124
338.132806	0	s1	6	27.818353	173124
338.300806	0	s1	6	27.986353	173210
338.300806	0	s1	6	27.986353	173210
338.468706	0	s1	6	28.154253	173296
338.468706	0	s1	6	28.154253	173296
338.632806	0	s1	6	28.318353	173380
338.632806	0	s1	6	28.318353	173380
338.800806	0	s1	6	28.486353	173466
338.800806	0	s1	6	28.486353	173466
338.966806	0	s1	6	28.652353	173551
338.966806	0	s1	6	28.652353	173551
339.132806	0	s1	6	28.818353	173636
339.132806	0	s1	6	28.818353	173636
339.300806	0	s1	6	28.986353	173722
339.300806	0	s1	6	28.986353	173722
339.466806	0	s1	6	29.152353	173807
339.466806	0	s1	6	29.152353	173807
339.632806	0	s1	6	29.318353	173892
339.632806	0	s1	6	29.318353	173892
339.800806	0	s1	6	29.486353	173978
339.800806	0	s1	6	29.486353	173978
339.966806	0	s1	6	29.652353	174063
339.966806	0	s1	6	29.652353	174063
340.132806	0	s1	6	29.818353	174148
340.132806	0	s1	6	29.818353	174148
340.300806	0	s1	6	29.986353	174234
340.300806	0	s1	6	29.986353	174234
340.466806	0	s1	6	30.152353	174319
340.466806	0	s1	6	30.152353	174319
340.632806	0	s1	6	30.318353	174404
340.632806	0	s1	6	30.318353	174404
340.800806	0	s1	6	30.486353	174490
340.800806	0	s1	6	30.486353	174490
340.966806	0	s1	6	30.652353	174575
340.966806	0	s1	6	30.652353	174575
341.132806	0	s1	6	30.818353	174660
341.132806	0	s1	6	30.818353	174660
341.300806	0	s1	6	30.986353	174746
341.300806	0	s1	6	30.986353	174746
341.466806	0	s1	6	31.152353	174831
341.466806	0	s1	6	31.152353	174831
341.632806	0	s1	6	31.318353	174916
341.632806	0	s1	6	31.318353	174916
341.800806	0	s1	6	31.486353	175002
341.800806	0	s1	6	31.486353	175002
341.966806	0	s1	6	31.652353	175087
341.966806	0	s1	6	31.652353	175087
342.132806	0	s1	6	31.818353	175172
342.132806	0	s1	6	31.818353	175172
342.298806	0	s1	6	31.984353	175257
342.298806	0	s1	6	31.984353	175257
342.466806	0	s1	6	32.152353	175343
342.466806	0	s1	6	32.152353	175343
342.632806	0	s1	6	32.318353	175428
342.632806	0	s1	6	32.318353	175428
342.798806	0	s1	6	32.484353	175513
342.798806	0	s1	6	32.484353	175513
342.966806	0	s1	6	32.652353	175599
342.966806	0	s1	6	32.652353	175599
343.132806	0	s1	6	32.818353	175684
343.132806	0	s1	6	32.818353	175684
343.298806	0	s1	6	32.984353	175769
343.298806	0	s1	6	32.984353	175769
343.464806	0	s1	6	33.150353	175854
343.464806	0	s1	6	33.150353	175854
343.632806	0	s1	6	33.318353	175940
343.632806	0	s1	6	33.318353	175940
343.798806	0	s1	6	33.484353	176025
343.798806	0	s1	6	33.484353	176025
343.964806	0	s1	6	33.650353	176110
343.964806	0	s1	6	33.650353	176110
344.132806	0	s1	6	33.818353	176196
344.132806	0	s1	6	33.818353	176196
344.298806	0	s1	6	33.984353	176281
344.298806	0	s1	6	33.984353	176281
344.464806	0	s1	6	34.150353	176366
344.464806	0	s1	6	34.150353	176366
344.630906	0	s1	6	34.316453	176451
344.630906	0	s1	6	34.316453	176451
344.798806	0	s1	6	34.484353	176537
344.798806	0	s1	6	34.484353	176537
344.964806	0	s1	6	34.650353	176622
344.964806	0	s1	6	34.650353	176622
345.130906	0	s1	6	34.816453	176707
345.130906	0	s1	6	34.816453	176707
345.298806	0	s1	6	34.984353	176793
345.298806	0	s1	6	34.984353	176793
345.464806	0	s1	6	35.150353	176878
345.464806	0	s1	6	35.150353	176878
345.630906	0	s1	6	35.316453	176963
345.630906	0	s1	6	35.316453	176963
345.798806	0	s1	6	35.484353	177049
345.798806	0	s1	6	35.484353	177049
345.964806	0	s1	6	35.650353	177134
345.964806	0	s1	6	35.650353	177134
346.130906	0	s1	6	35.816453	177219
346.130906	0	s1	6	35.816453	177219
346.296906	0	s1	6	35.982453	177304
346.296906	0	s1	6	35.982453	177304
346.464806	0	s1	6	36.150353	177390
346.464806	0	s1	6	36.150353	177390
346.630906	0	s1	6	36.316453	177475
346.630906	0	s1	6	36.316453	177475
346.796906	0	s1	6	36.482453	177560
346.796906	0	s1	6	36.482453	177560
346.964806	0	s1	6	36.650353	177646
346.964806	0	s1	6	36.650353	177646
347.130906	0	s1	6	36.816453	177731
347.130906	0	s1	6	36.816453	177731
347.296906	0	s1	6	36.982453	177816
347.296906	0	s1	6	36.982453	177816
347.462906	0	s1	6	37.148453	177901
347.462906	0	s1	6	37.148453	177901
347.630906	0	s1	6	37.316453	177987
347.630906	0	s1	6	37.316453	177987
347.796906	0	s1	6	37.482453	178072
347.796906	0	s1	6	37.482453	178072
347.962906	0	s1	6	37.648453	178157
347.962906	0	s1	6	37.648453	178157
348.130906	0	s1	6	37.816453	178243
348.130906	0	s1	6	37.816453	178243
348.296906	0	s1	6	37.982453	178328
348.296906	0	s1	6	37.982453	178328
348.462906	0	s1	6	38.148453	178413
348.462906	0	s1	6	38.148453	178413
348.628906	0	s1	6	38.314453	178498
348.628906	0	s1	6	38.314453	178498
348.796906	0	s1	6	38.482453	178584
348.796906	0	s1	6	38.482453	178584
348.945306	0	s1	6	38.630853	178660
348.945306	0	s1	6	38.630853	178660
349.388706	0	s1	6	39.074253	178887
349.388706	0	s1	6	39.074253	178887
349.900406	0	s1	6	39.585953	179149
349.900406	0	s1	6	39.585953	179149
350.412106	0	s1	6	40.097653	179411
350.412106	0	s1	6	40.097653	179411
350.923806	0	s1	6	40.609353	179673
350.923806	0	s1	6	40.609353	179673
351.128906	0	s1	6	40.814453	179778
351.128906	0	s1	6	40.814453	179778
351.294906	0	s1	6	40.980453	179863
351.294906	0	s1	6	40.980453	179863
351.460906	0	s1	6	41.146453	179948
351.460906	0	s1	6	41.146453	179948
351.628906	0	s1	6	41.314453	180034
351.628906	0	s1	6	41.314453	180034
351.794906	0	s1	6	41.480453	180119
351.794906	0	s1	6	41.480453	180119
351.960906	0	s1	6	41.646453	180204
351.960906	0	s1	6	41.646453	180204
352.128906	0	s1	6	41.814453	180290
352.128906	0	s1	6	41.814453	180290
352.294906	0	s1	6	41.980453	180375
352.294906	0	s1	6	41.980453	180375
352.460906	0	s1	6	42.146453	180460
352.460906	0	s1	6	42.146453	180460
352.628906	0	s1	6	42.314453	180546
352.628906	0	s1	6	42.314453	180546
352.794906	0	s1	6	42.480453	180631
352.794906	0	s1	6	42.480453	180631
352.960906	0	s1	6	42.646453	180716
352.960906	0	s1	6	42.646453	180716
353.126906	0	s1	6	42.812453	180801
353.126906	0	s1	6	42.812453	180801
353.294906	0	s1	6	42.980453	180887
353.294906	0	s1	6	42.980453	180887
353.460906	0	s1	6	43.146453	180972
353.460906	0	s1	6	43.146453	180972
353.626906	0	s1	6	43.312453	181057
353.626906	0	s1	6	43.312453	181057
353.794906	0	s1	6	43.480453	181143
353.794906	0	s1	6	43.480453	181143
353.960906	0	s1	6	43.646453	181228
353.960906	0	s1	6	43.646453	181228
354.126906	0	s1	6	43.812453	181313
354.126906	0	s1	6	43.812453	181313
354.294906	0	s1	6	43.980453	181399
354.294906	0	s1	6	43.980453	181399
354.460906	0	s1	6	44.146453	181484
354.460906	0	s1	6	44.146453	181484
354.626906	0	s1	6	44.312453	181569
354.626906	0	s1	6	44.312453	181569
354.794906	0	s1	6	44.480453	181655
354.794906	0	s1	6	44.480453	181655
354.960906	0	s1	6	44.646453	181740
354.960906	0	s1	6	44.646453	181740
355.126906	0	s1	6	44.812453	181825
355.126906	0	s1	6	44.812453	181825
355.293006	0	s1	6	44.978553	181910
355.293006	0	s1	6	44.978553	181910
355.460906	0	s1	6	45.146453	181996
355.460906	0	s1	6	45.146453	181996
355.626906	0	s1	6	45.312453	182081
355.626906	0	s1	6	45.312453	182081
355.793006	0	s1	6	45.478553	182166
355.793006	0	s1	6	45.478553	182166
355.960906	0	s1	6	45.646453	182252
355.960906	0	s1	6	45.646453	182252
356.126906	0	s1	6	45.812453	182337
356.126906	0	s1	6	45.812453	182337
356.293006	0	s1	6	45.978553	182422
356.293006	0	s1	6	45.978553	182422
356.459006	0	s1	6	46.144553	182507
356.459006	0	s1	6	46.144553	182507
356.626906	0	s1	6	46.312453	182593
356.626906	0	s1	6	46.312453	182593
356.793006	0	s1	6	46.478553	182678
356.793006	0	s1	6	46.478553	182678
356.959006	0	s1	6	46.644553	182763
356.959006	0	s1	6	46.644553	182763
357.126906	0	s1	6	46.812453	182849
357.126906	0	s1	6	46.812453	182849
357.293006	0	s1	6	46.978553	182934
357.293006	0	s1	6	46.978553	182934
357.459006	0	s1	6	47.144553	183019
357.459006	0	s1	6	47.144553	183019
357.625006	0	s1	6	47.310553	183104
357.625006	0	s1	6	47.310553	183104
357.793006	0	s1	6	47.478553	183190
357.793006	0	s1	6	47.478553	183190
357.959006	0	s1	6	47.644553	183275
357.959006	0	s1	6	47.644553	183275
358.125006	0	s1	6	47.810553	183360
358.125006	0	s1	6	47.810553	183360
358.293006	0	s1	6	47.978553	183446
358.293006	0	s1	6	47.978553	183446
358.459006	0	s1	6	48.144553	183531
358.459006	0	s1	6	48.144553	183531
358.625006	0	s1	6	48.310553	183616
358.625006	0	s1	6	48.310553	183616
358.793006	0	s1	6	48.478553	183702
358.793006	0	s1	6	48.478553	183702
358.959006	0	s1	6	48.644553	183787
358.959006	0	s1	6	48.644553	183787
359.125006	0	s1	6	48.810553	183872
359.125006	0	s1	6	48.810553	183872
359.289106	0	s1	6	48.974653	183956
359.289106	0	s1	6	48.974653	183956
359.459006	0	s1	6	49.144553	184043
359.459006	0	s1	6	49.144553	184043
359.625006	0	s1	6	49.310553	184128
359.625006	0	s1	6	49.310553	184128
359.789106	0	s1	6	49.474653	184212
359.789106	0	s1	6	49.474653	184212
359.959006	0	s1	6	49.644553	184299
359.959006	0	s1	6	49.644553	184299
360.125006	0	s1	6	49.810553	184384
360.125006	0	s1	6	49.810553	184384
360.289106	0	s1	6	49.974653	184468
360.289106	0	s1	6	49.974653	184468
360.457006	0	s1	6	50.142553	184554
360.457006	0	s1	6	50.142553	184554
360.625006	0	s1	6	50.310553	184640
360.625006	0	s1	6	50.310553	184640
360.789106	0	s1	6	50.474653	184724
360.789106	0	s1	6	50.474653	184724
360.957006	0	s1	6	50.642553	184810
360.957006	0	s1	6	50.642553	184810
361.125006	0	s1	6	50.810553	184896
361.125006	0	s1	6	50.810553	184896
361.289106	0	s1	6	50.974653	184980
361.289106	0	s1	6	50.974653	184980
361.457006	0	s1	6	51.142553	185066
361.457006	0	s1	6	51.142553	185066
361.623006	0	s1	6	51.308553	185151
361.623006	0	s1	6	51.308553	185151
361.789106	0	s1	6	51.474653	185236
361.789106	0	s1	6	51.474653	185236
361.957006	0	s1	6	51.642553	185322
361.957006	0	s1	6	51.642553	185322
362.123006	0	s1	6	51.808553	185407
362.123006	0	s1	6	51.808553	185407
362.289106	0	s1	6	51.974653	185492
362.289106	0	s1	6	51.974653	185492
362.457006	0	s1	6	52.142553	185578
362.457006	0	s1	6	52.142553	185578
362.623006	0	s1	6	52.308553	185663
362.623006	0	s1	6	52.308553	185663
362.789106	0	s1	6	52.474653	185748
362.789106	0	s1	6	52.474653	185748
362.957006	0	s1	6	52.642553	185834
362.957006	0	s1	6	52.642553	185834
363.101606	0	s1	6	52.787153	185908
363.101606	0	s1	6	52.787153	185908
363.386706	0	s1	6	53.072253	186054
363.386706	0	s1	6	53.072253	186054
363.896506	0	s1	6	53.582053	186315
363.896506	0	s1	6	53.582053	186315
364.408206	0	s1	6	54.093753	186577
364.408206	0	s1	6	54.093753	186577
364.919906	0	s1	6	54.605453	186839
364.919906	0	s1	6	54.605453	186839
365.431606	0	s1	6	55.117153	187101
365.431606	0	s1	6	55.117153	187101
365.943406	0	s1	6	55.628953	187363
365.943406	0	s1	6	55.628953	187363
366.455106	0	s1	6	56.140653	187625
366.455106	0	s1	6	56.140653	187625
366.966806	0	s1	6	56.652353	187887
366.966806	0	s1	6	56.652353	187887
367.476606	0	s1	6	57.162153	188148
367.476606	0	s1	6	57.162153	188148
367.990206	0	s1	6	57.675753	188411
367.990206	0	s1	6	57.675753	188411
368.501906	0	s1	6	58.187453	188673
368.501906	0	s1	6	58.187453	188673
368.955106	0	s1	6	58.640653	188905
368.955106	0	s1	6	58.640653	188905
369.121106	0	s1	6	58.806653	188990
369.121106	0	s1	6	58.806653	188990
369.287106	0	s1	6	58.972653	189075
369.287106	0	s1	6	58.972653	189075
369.453106	0	s1	6	59.138653	189160
369.453106	0	s1	6	59.138653	189160
369.621106	0	s1	6	59.306653	189246
369.621106	0	s1	6	59.306653	189246
369.787106	0	s1	6	59.472653	189331
369.787106	0	s1	6	59.472653	189331
369.953106	0	s1	6	59.638653	189416
369.953106	0	s1	6	59.638653	189416
370.121106	0	s1	6	59.806653	189502
370.121106	0	s1	6	59.806653	189502
370.287106	0	s1	6	59.972653	189587
370.287106	0	s1	6	59.972653	189587
370.453106	0	s1	6	60.138653	189672
370.453106	0	s1	6	60.138653	189672
370.621106	0	s1	6	60.306653	189758
370.621106	0	s1	6	60.306653	189758
370.787106	0	s1	6	60.472653	189843
370.787106	0	s1	6	60.472653	189843
370.953106	0	s1	6	60.638653	189928
370.953106	0	s1	6	60.638653	189928
371.119106	0	s1	6	60.804653	190013
371.119106	0	s1	6	60.804653	190013
371.287106	0	s1	6	60.972653	190099
371.287106	0	s1	6	60.972653	190099
371.453106	0	s1	6	61.138653	190184
371.453106	0	s1	6	61.138653	190184
371.619106	0	s1	6	61.304653	190269
371.619106	0	s1	6	61.304653	190269
371.785206	0	s1	6	61.470753	190354
371.785206	0	s1	6	61.470753	190354
371.953106	0	s1	6	61.638653	190440
371.953106	0	s1	6	61.638653	190440
372.119106	0	s1	6	61.804653	190525
372.119106	0	s1	6	61.804653	190525
372.285206	0	s1	6	61.970753	190610
372.285206	0	s1	6	61.970753	190610
372.453106	0	s1	6	62.138653	190696
372.453106	0	s1	6	62.138653	190696
372.619106	0	s1	6	62.304653	190781
372.619106	0	s1	6	62.304653	190781
372.785206	0	s1	6	62.470753	190866
372.785206	0	s1	6	62.470753	190866
372.953106	0	s1	6	62.638653	190952
372.953106	0	s1	6	62.638653	190952
373.119106	0	s1	6	62.804653	191037
373.119106	0	s1	6	62.804653	191037
373.285206	0	s1	6	62.970753	191122
373.285206	0	s1	6	62.970753	191122
373.453106	0	s1	6	63.138653	191208
373.453106	0	s1	6	63.138653	191208
373.619106	0	s1	6	63.304653	191293
373.619106	0	s1	6	63.304653	191293
373.785206	0	s1	6	63.470753	191378
373.785206	0	s1	6	63.470753	191378
373.951206	0	s1	6	63.636753	191463
373.951206	0	s1	6	63.636753	191463
374.119106	0	s1	6	63.804653	191549
374.119106	0	s1	6	63.804653	191549
374.285206	0	s1	6	63.970753	191634
374.285206	0	s1	6	63.970753	191634
374.451206	0	s1	6	64.136753	191719
374.451206	0	s1	6	64.136753	191719
374.619106	0	s1	6	64.304653	191805
374.619106	0	s1	6	64.304653	191805
